<?xml version='1.0' encoding='utf-8' ?>
<resources>
    <string name="abc_action_bar_home_description">Navigate home</string>
    <string name="abc_action_bar_up_description">Navigate up</string>
    <string name="abc_action_menu_overflow_description">More options</string>
    <string name="abc_action_mode_done">Done</string>
    <string name="abc_activity_chooser_view_see_all">See all</string>
    <string name="abc_activitychooserview_choose_application">Choose an app</string>
    <string name="abc_capital_off">OFF</string>
    <string name="abc_capital_on">ON</string>
    <string name="abc_menu_alt_shortcut_label">Alt+</string>
    <string name="abc_menu_ctrl_shortcut_label">Ctrl+</string>
    <string name="abc_menu_delete_shortcut_label">delete</string>
    <string name="abc_menu_enter_shortcut_label">enter</string>
    <string name="abc_menu_function_shortcut_label">Function+</string>
    <string name="abc_menu_meta_shortcut_label">Meta+</string>
    <string name="abc_menu_shift_shortcut_label">Shift+</string>
    <string name="abc_menu_space_shortcut_label">space</string>
    <string name="abc_menu_sym_shortcut_label">Sym+</string>
    <string name="abc_prepend_shortcut_label">Menu+</string>
    <string name="abc_search_hint">Search…</string>
    <string name="abc_searchview_description_clear">Clear query</string>
    <string name="abc_searchview_description_query">Search query</string>
    <string name="abc_searchview_description_search">Search</string>
    <string name="abc_searchview_description_submit">Submit query</string>
    <string name="abc_searchview_description_voice">Voice search</string>
    <string name="abc_shareactionprovider_share_with">Share with</string>
    <string name="abc_shareactionprovider_share_with_application">Share with %s</string>
    <string name="abc_toolbar_collapse_description">Collapse</string>
    <string name="about">About</string>
    <string name="about_message">This software uses map data provided by OpenStreetMap.org</string>
    <string name="action_back">Back</string>
    <string name="action_clear_search">Clear search</string>
    <string name="action_voice_search">Voice search</string>
    <string name="add_shortcut_fail_msg">If the addition fails, please go to system settings and open the permission of create desktop shortcut for BlackBox</string>
    <string name="androidx_startup">androidx.startup</string>
    <string name="app_clear">Clear Data</string>
    <string name="app_clear_hint">Clear Data for %s?</string>
    <string name="app_name">CLONER </string>
    <string name="app_open">Open App</string>
    <string name="app_remove">Uninstall App</string>
    <string name="app_shortcut">Create Shortcut</string>
    <string name="app_stop">Force Stop</string>
    <string name="app_stop_hint">Do you want to stop %s forcibly?</string>
    <string name="appbar_scrolling_view_behavior">com.google.android.material.appbar.AppBarLayout$ScrollingViewBehavior</string>
    <string name="base">OSM base layer</string>
    <string name="base_nl">Netherlands base overlay</string>
    <string name="bing">Bing</string>
    <string name="bottom_sheet_behavior">com.google.android.material.bottomsheet.BottomSheetBehavior</string>
    <string name="bottomsheet_action_collapse">Collapse the bottom sheet</string>
    <string name="bottomsheet_action_expand">Expand the bottom sheet</string>
    <string name="bottomsheet_action_expand_halfway">Expand halfway</string>
    <string name="bottomsheet_drag_handle_clicked">Drag handle double-tapped</string>
    <string name="bottomsheet_drag_handle_content_description">Drag handle</string>
    <string name="cacheManagerCancelBody">Do you want to cancel the map download?</string>
    <string name="cacheManagerCancelTitle">Cancel map download</string>
    <string name="cacheManagerCleanFailed">Cleaning failed. %s tiles deleted.</string>
    <string name="cacheManagerCleaningTitle">Cleaning tiles</string>
    <string name="cacheManagerDownloadingTitle">Downloading tiles</string>
    <string name="cacheManagerFailed">Loading completed with %s errors.</string>
    <string name="cacheManagerHandlingMessage">Handling zoom level: %1$s (from %2$s to %3$s)</string>
    <string name="cacheManagerNo">No</string>
    <string name="cacheManagerUnsupportedSource">This online tile source doesn't support bulk download</string>
    <string name="cacheManagerYes">Yes</string>
    <string name="call_notification_answer_action">Answer</string>
    <string name="call_notification_answer_video_action">Video</string>
    <string name="call_notification_decline_action">Decline</string>
    <string name="call_notification_hang_up_action">Hang Up</string>
    <string name="call_notification_incoming_text">Incoming call</string>
    <string name="call_notification_ongoing_text">Ongoing call</string>
    <string name="call_notification_screening_text">Screening an incoming call</string>
    <string name="cancel">Cancel</string>
    <string name="cannot_create_shortcut">This desktop does not support creating shortcuts</string>
    <string name="character_counter_content_description">Characters entered %1$d of %2$d</string>
    <string name="character_counter_overflowed_content_description">Character limit exceeded %1$d of %2$d</string>
    <string name="character_counter_pattern">%1$d/%2$d</string>
    <string name="choose">Local File</string>
    <string name="choose_app">Choose App</string>
    <string name="clear_success">Cleared Successfully</string>
    <string name="clear_text_end_icon_content_description">Clear text</string>
    <string name="clone_app">Clone App</string>
    <string name="close_app_fake_location">Disable FakeLocation for %s</string>
    <string name="close_fake_location">Disable FakeLocation</string>
    <string name="close_fake_location_success">Disable FakeLocation for %s Successfully</string>
    <string name="compass">Compass</string>
    <string name="copy">Copy</string>
    <string name="cyclemap">Cycle Map</string>
    <string name="daemon_enable">Daemon</string>
    <string name="disable_gms">Disable Service</string>
    <string name="disable_gms_hint">Clear the current Google service environment? Google service data will be cleared.</string>
    <string name="done">Done</string>
    <string name="empty_empty">Empty</string>
    <string name="enable_gms">Enable Service</string>
    <string name="enable_gms_hint">Opening Google services can make youtube and other software that strongly rely on Google play services run normally.</string>
    <string name="enable_xposed">Enable Xposed Framework</string>
    <string name="error_a11y_label">Error: invalid</string>
    <string name="error_icon_content_description">Error</string>
    <string name="expand_button_title">Advanced</string>
    <string name="exposed_dropdown_menu_content_description">Show dropdown menu</string>
    <string name="fab_transformation_scrim_behavior">com.google.android.material.transformation.FabTransformationScrimBehavior</string>
    <string name="fab_transformation_sheet_behavior">com.google.android.material.transformation.FabTransformationSheetBehavior</string>
    <string name="fake_location">Fake Location</string>
    <string name="fiets_nl">OpenFietsKaart overlay</string>
    <string name="filter">Filter</string>
    <string name="first_fix_message">Got the first fix</string>
    <string name="format_distance_feet">%s ft</string>
    <string name="format_distance_kilometers">%s km</string>
    <string name="format_distance_meters">%s m</string>
    <string name="format_distance_miles">%s mi</string>
    <string name="format_distance_nautical_miles">%s nm</string>
    <string name="format_distance_only_foot">ft</string>
    <string name="format_distance_only_kilometer">km</string>
    <string name="format_distance_only_meter">m</string>
    <string name="format_distance_only_mile">mi</string>
    <string name="format_distance_only_nautical_mile">nm</string>
    <string name="format_distance_value_unit">%1$s %2$s</string>
    <string name="gms_manager">GMS Manager</string>
    <string name="greenbox_service_name">:system_process</string>
    <string name="hide_bottom_view_on_scroll_behavior">com.google.android.material.behavior.HideBottomViewOnScrollBehavior</string>
    <string name="hide_root">Hide Root</string>
    <string name="hide_xposed">Hide Xposed</string>
    <string name="hider">Hide</string>
    <string name="hills">Hills</string>
    <string name="icon_content_description">Dialog Icon</string>
    <string name="install_fail">Installed Failed: %s</string>
    <string name="install_fail_no_msg">Installed Failed</string>
    <string name="install_success">Installed Successfully</string>
    <string name="installed_app">Install App</string>
    <string name="installed_module">Installed Module</string>
    <string name="is_stop">%s is Stopped</string>
    <string name="item_view_role_description">Tab</string>
    <string name="jump_gms">Go to Gms Manager</string>
    <string name="jump_module">Go to Module Manager</string>
    <string name="loading">L O A D I N G ...</string>
    <string name="m3_ref_typeface_brand_medium">sans-serif-medium</string>
    <string name="m3_ref_typeface_brand_regular">sans-serif</string>
    <string name="m3_ref_typeface_plain_medium">sans-serif-medium</string>
    <string name="m3_ref_typeface_plain_regular">sans-serif</string>
    <string name="m3_sys_motion_easing_emphasized">path(M 0,0 C 0.05, 0, 0.133333, 0.06, 0.166666, 0.4 C 0.208333, 0.82, 0.25, 1, 1, 1)</string>
    <string name="m3_sys_motion_easing_emphasized_accelerate">cubic-bezier(0.3, 0, 0.8, 0.2)</string>
    <string name="m3_sys_motion_easing_emphasized_decelerate">cubic-bezier(0.1, 0.7, 0.1, 1)</string>
    <string name="m3_sys_motion_easing_emphasized_path_data">M 0,0 C 0.05, 0, 0.133333, 0.06, 0.166666, 0.4 C 0.208333, 0.82, 0.25, 1, 1, 1</string>
    <string name="m3_sys_motion_easing_legacy">cubic-bezier(0.4, 0, 0.2, 1)</string>
    <string name="m3_sys_motion_easing_legacy_accelerate">cubic-bezier(0.4, 0, 1, 1)</string>
    <string name="m3_sys_motion_easing_legacy_decelerate">cubic-bezier(0, 0, 0.2, 1)</string>
    <string name="m3_sys_motion_easing_linear">cubic-bezier(0, 0, 1, 1)</string>
    <string name="m3_sys_motion_easing_standard">cubic-bezier(0.2, 0, 0, 1)</string>
    <string name="m3_sys_motion_easing_standard_accelerate">cubic-bezier(0.3, 0, 1, 1)</string>
    <string name="m3_sys_motion_easing_standard_decelerate">cubic-bezier(0, 0, 0, 1)</string>
    <string name="map_mode">Map Source</string>
    <string name="mapbox">MapBox</string>
    <string name="mapnik">Mapnik</string>
    <string name="mapquest_aerial">Mapquest Aerial</string>
    <string name="mapquest_osm">Mapquest</string>
    <string name="material_clock_display_divider">:</string>
    <string name="material_clock_toggle_content_description">Select AM or PM</string>
    <string name="material_hour_24h_suffix">%1$s hours</string>
    <string name="material_hour_selection">Select hour</string>
    <string name="material_hour_suffix">%1$s o'clock</string>
    <string name="material_minute_selection">Select minutes</string>
    <string name="material_minute_suffix">%1$s minutes</string>
    <string name="material_motion_easing_accelerated">cubic-bezier(0.4, 0.0, 1.0, 1.0)</string>
    <string name="material_motion_easing_decelerated">cubic-bezier(0.0, 0.0, 0.2, 1.0)</string>
    <string name="material_motion_easing_emphasized">path(M 0,0 C 0.05, 0, 0.133333, 0.06, 0.166666, 0.4 C 0.208333, 0.82, 0.25, 1, 1, 1)</string>
    <string name="material_motion_easing_linear">cubic-bezier(0.0, 0.0, 1.0, 1.0)</string>
    <string name="material_motion_easing_standard">cubic-bezier(0.4, 0.0, 0.2, 1.0)</string>
    <string name="material_slider_range_end">Range end</string>
    <string name="material_slider_range_start">Range start</string>
    <string name="material_slider_value">Value</string>
    <string name="material_timepicker_am">AM</string>
    <string name="material_timepicker_clock_mode_description">Switch to clock mode for the time input.</string>
    <string name="material_timepicker_hour">Hour</string>
    <string name="material_timepicker_minute">Minute</string>
    <string name="material_timepicker_pm">PM</string>
    <string name="material_timepicker_select_time">Select time</string>
    <string name="material_timepicker_text_input_mode_description">Switch to text input mode for the time input.</string>
    <string name="module_setting">Module Manager</string>
    <string name="mtrl_badge_numberless_content_description">New notification</string>
    <string name="mtrl_checkbox_button_icon_path_checked">M14,18.2 11.4,15.6 10,17 14,21 22,13 20.6,11.6z</string>
    <string name="mtrl_checkbox_button_icon_path_group_name">icon</string>
    <string name="mtrl_checkbox_button_icon_path_indeterminate">M13.4,15 11,15 11,17 13.4,17 21,17 21,15z</string>
    <string name="mtrl_checkbox_button_icon_path_name">icon path</string>
    <string name="mtrl_checkbox_button_path_checked">M23,7H9C7.9,7,7,7.9,7,9v14c0,1.1,0.9,2,2,2h14c1.1,0,2-0.9,2-2V9C25,7.9,24.1,7,23,7z</string>
    <string name="mtrl_checkbox_button_path_group_name">button</string>
    <string name="mtrl_checkbox_button_path_name">button path</string>
    <string name="mtrl_checkbox_button_path_unchecked">M23,7H9C7.9,7,7,7.9,7,9v14c0,1.1,0.9,2,2,2h14c1.1,0,2-0.9,2-2V9C25,7.9,24.1,7,23,7z M23,23H9V9h14V23z</string>
    <string name="mtrl_checkbox_state_description_checked">Checked</string>
    <string name="mtrl_checkbox_state_description_indeterminate">Partially checked</string>
    <string name="mtrl_checkbox_state_description_unchecked">Not checked</string>
    <string name="mtrl_chip_close_icon_content_description">Remove %1$s</string>
    <string name="mtrl_exceed_max_badge_number_content_description">More than %1$d new notifications</string>
    <string name="mtrl_exceed_max_badge_number_suffix">%1$d%2$s</string>
    <string name="mtrl_picker_a11y_next_month">Change to next month</string>
    <string name="mtrl_picker_a11y_prev_month">Change to previous month</string>
    <string name="mtrl_picker_announce_current_range_selection">Start date selection: %1$s – End date selection: %2$s</string>
    <string name="mtrl_picker_announce_current_selection">Current selection: %1$s</string>
    <string name="mtrl_picker_announce_current_selection_none">none</string>
    <string name="mtrl_picker_cancel">Cancel</string>
    <string name="mtrl_picker_confirm">OK</string>
    <string name="mtrl_picker_date_header_selected">%1$s</string>
    <string name="mtrl_picker_date_header_title">Select Date</string>
    <string name="mtrl_picker_date_header_unselected">Selected date</string>
    <string name="mtrl_picker_day_of_week_column_header">Column of days: %1$s</string>
    <string name="mtrl_picker_end_date_description">End date %1$s</string>
    <string name="mtrl_picker_invalid_format">Invalid format.</string>
    <string name="mtrl_picker_invalid_format_example">Example: %1$s</string>
    <string name="mtrl_picker_invalid_format_use">Use: %1$s</string>
    <string name="mtrl_picker_invalid_range">Invalid range.</string>
    <string name="mtrl_picker_navigate_to_current_year_description">Navigate to current year %1$d</string>
    <string name="mtrl_picker_navigate_to_year_description">Navigate to year %1$d</string>
    <string name="mtrl_picker_out_of_range">Out of range: %1$s</string>
    <string name="mtrl_picker_range_header_only_end_selected">Start date – %1$s</string>
    <string name="mtrl_picker_range_header_only_start_selected">%1$s – End date</string>
    <string name="mtrl_picker_range_header_selected">%1$s – %2$s</string>
    <string name="mtrl_picker_range_header_title">Select Range</string>
    <string name="mtrl_picker_range_header_unselected">Start date – End date</string>
    <string name="mtrl_picker_save">Save</string>
    <string name="mtrl_picker_start_date_description">Start date %1$s</string>
    <string name="mtrl_picker_text_input_date_hint">Date</string>
    <string name="mtrl_picker_text_input_date_range_end_hint">End date</string>
    <string name="mtrl_picker_text_input_date_range_start_hint">Start date</string>
    <string name="mtrl_picker_text_input_day_abbr">d</string>
    <string name="mtrl_picker_text_input_month_abbr">m</string>
    <string name="mtrl_picker_text_input_year_abbr">y</string>
    <string name="mtrl_picker_today_description">Today %1$s</string>
    <string name="mtrl_picker_toggle_to_calendar_input_mode">Switch to calendar input mode</string>
    <string name="mtrl_picker_toggle_to_day_selection">Tap to switch to Calendar view</string>
    <string name="mtrl_picker_toggle_to_text_input_mode">Switch to text input mode</string>
    <string name="mtrl_picker_toggle_to_year_selection">Tap to switch to year view</string>
    <string name="mtrl_switch_thumb_group_name">circle_group</string>
    <string name="mtrl_switch_thumb_path_checked">M4,16 A12,12 0 0,1 16,4 H16 A12,12 0 0,1 16,28 H16 A12,12 0 0,1 4,16</string>
    <string name="mtrl_switch_thumb_path_morphing">M0,16 A11,11 0 0,1 11,5 H21 A11,11 0 0,1 21,27 H11 A11,11 0 0,1 0,16</string>
    <string name="mtrl_switch_thumb_path_name">circle</string>
    <string name="mtrl_switch_thumb_path_pressed">M2,16 A14,14 0 0,1 16,2 H16 A14,14 0 0,1 16,30 H16 A14,14 0 0,1 2,16</string>
    <string name="mtrl_switch_thumb_path_unchecked">M8,16 A8,8 0 0,1 16,8 H16 A8,8 0 0,1 16,24 H16 A8,8 0 0,1 8,16</string>
    <string name="mtrl_switch_track_decoration_path">M1,16 A15,15 0 0,1 16,1 H36 A15,15 0 0,1 36,31 H16 A15,15 0 0,1 1,16</string>
    <string name="mtrl_switch_track_path">M0,16 A16,16 0 0,1 16,0 H36 A16,16 0 0,1 36,32 H16 A16,16 0 0,1 0,16</string>
    <string name="mtrl_timepicker_cancel">Cancel</string>
    <string name="mtrl_timepicker_confirm">OK</string>
    <string name="my_location">My location</string>
    <string name="no_gms">Currently, there is no Google service environment on mobile phones.</string>
    <string name="no_reminders">No Reminders</string>
    <string name="not_set">Not set</string>
    <string name="offline">Offline mode</string>
    <string name="open_source_path">Open Source</string>
    <string name="other">Others</string>
    <string name="password_toggle_content_description">Show password</string>
    <string name="path_password_eye">M12,4.5C7,4.5 2.73,7.61 1,12c1.73,4.39 6,7.5 11,7.5s9.27,-3.11 11,-7.5c-1.73,-4.39 -6,-7.5 -11,-7.5zM12,17c-2.76,0 -5,-2.24 -5,-5s2.24,-5 5,-5 5,2.24 5,5 -2.24,5 -5,5zM12,9c-1.66,0 -3,1.34 -3,3s1.34,3 3,3 3,-1.34 3,-3 -1.34,-3 -3,-3z</string>
    <string name="path_password_eye_mask_strike_through">M2,4.27 L19.73,22 L22.27,19.46 L4.54,1.73 L4.54,1 L23,1 L23,23 L1,23 L1,4.27 Z</string>
    <string name="path_password_eye_mask_visible">M2,4.27 L2,4.27 L4.54,1.73 L4.54,1.73 L4.54,1 L23,1 L23,23 L1,23 L1,4.27 Z</string>
    <string name="path_password_strike_through">M3.27,4.27 L19.74,20.74</string>
    <string name="permission_setting">Setting</string>
    <string name="preference_copied">"%1$s" copied to clipboard.</string>
    <string name="public_transport">Public transport</string>
    <string name="real_location">Real Location</string>
    <string name="remove_success">Removed Successfully</string>
    <string name="restart_module">Restart app to apply change</string>
    <string name="roads_nl">Netherlands roads overlay</string>
    <string name="samples">Samples</string>
    <string name="search_hint">Search</string>
    <string name="search_menu_title">Search</string>
    <string name="searchbar_scrolling_view_behavior">com.google.android.material.search.SearchBar$ScrollingViewBehavior</string>
    <string name="searchview_clear_text_content_description">Clear text</string>
    <string name="searchview_navigation_content_description">Back</string>
    <string name="set_location">Set Fake Location Successfully:%s-%s</string>
    <string name="set_mode_hide_me">hiding my current location</string>
    <string name="set_mode_offline">Set to offline mode</string>
    <string name="set_mode_online">Set to online mode</string>
    <string name="set_mode_show_me">showing and tracking my current location</string>
    <string name="setting">Settings</string>
    <string name="shortcut_name">Shortcut Name</string>
    <string name="side_sheet_accessibility_pane_title">Side Sheet</string>
    <string name="side_sheet_behavior">com.google.android.material.sidesheet.SideSheetBehavior</string>
    <string name="snapshot">Snapshot</string>
    <string name="start_fail">Launched Failed</string>
    <string name="start_in_outside">Start module in outside</string>
    <string name="states">States</string>
    <string name="status_bar_notification_info_overflow">999+</string>
    <string name="summary_collapsed_preference_list">%1$s, %2$s</string>
    <string name="text_empty">No data!</string>
    <string name="text_retry">Something went wrong!

Tap to retry</string>
    <bool name="dummy_ae_117">false</bool>
    <string name="topo">Topographic</string>
    <string name="try_add_shortcut">Try Added To Desktop</string>
    <string name="uninstall_app">Uninstall App</string>
    <string name="uninstall_app_hint">Uninstall %s, and relevant data will be cleared after uninstallation?</string>
    <string name="uninstall_fail">Uninstalled Failed</string>
    <string name="uninstall_module">Uninstall Module</string>
    <string name="uninstall_module_hint">Do you want to uninstall this module? It will no longer work after uninstallation?</string>
    <string name="uninstall_module_toast">Please uninstall the xposed module in the Module Manager</string>
    <string name="uninstall_success">Uninstalled Successfully</string>
    <string name="unknown">Unknown</string>
    <string name="userRemark">User Remark</string>
    <string name="v7_preference_off">OFF</string>
    <string name="v7_preference_on">ON</string>
    <string name="xp_setting">Xposed Setting</string>
</resources>