<?xml version='1.0' encoding='utf-8' ?>
<resources>
    <string name="abc_action_bar_home_description">Gaan na tuisskerm</string>
    <string name="abc_action_bar_up_description">Gaan op</string>
    <string name="abc_action_menu_overflow_description">Nog opsies</string>
    <string name="abc_action_mode_done">Klaar</string>
    <string name="abc_activity_chooser_view_see_all">Sien alles</string>
    <string name="abc_activitychooserview_choose_application">Kies 'n program</string>
    <string name="abc_capital_off">AF</string>
    <string name="abc_capital_on">AAN</string>
    <string name="abc_menu_alt_shortcut_label">Alt+</string>
    <string name="abc_menu_ctrl_shortcut_label">Ctrl+</string>
    <string name="abc_menu_delete_shortcut_label">delete</string>
    <string name="abc_menu_enter_shortcut_label">enter</string>
    <string name="abc_menu_function_shortcut_label">Funksie+</string>
    <string name="abc_menu_meta_shortcut_label">Meta+</string>
    <string name="abc_menu_shift_shortcut_label">Shift+</string>
    <string name="abc_menu_space_shortcut_label">spasiebalk</string>
    <string name="abc_menu_sym_shortcut_label">Simbool+</string>
    <string name="abc_prepend_shortcut_label">Kieslys+</string>
    <string name="abc_search_hint">Soek …</string>
    <string name="abc_searchview_description_clear">Vee navraag uit</string>
    <string name="abc_searchview_description_query">Soektognavraag</string>
    <string name="abc_searchview_description_search">Soek</string>
    <string name="abc_searchview_description_submit">Dien navraag in</string>
    <string name="abc_searchview_description_voice">Stemsoektog</string>
    <string name="abc_shareactionprovider_share_with">Deel met</string>
    <string name="abc_shareactionprovider_share_with_application">Deel met %s</string>
    <string name="abc_toolbar_collapse_description">Vou in</string>
    <string name="bottomsheet_action_collapse">Vou die onderste blad in</string>
    <string name="bottomsheet_action_expand">Vou die onderste blad uit</string>
    <string name="bottomsheet_action_expand_halfway">Vou halfpad uit</string>
    <string name="bottomsheet_drag_handle_clicked">Het op sleephandvatsel gedubbeltik</string>
    <string name="bottomsheet_drag_handle_content_description">Sleephandvatsel</string>
    <string name="call_notification_answer_action">Antwoord</string>
    <string name="call_notification_answer_video_action">Video</string>
    <string name="call_notification_decline_action">Wys af</string>
    <string name="call_notification_hang_up_action">Lui af</string>
    <string name="call_notification_incoming_text">Inkomende oproep</string>
    <string name="call_notification_ongoing_text">Oproep aan die gang</string>
    <string name="call_notification_screening_text">Keur tans 'n inkomende oproep</string>
    <string name="character_counter_content_description">Karakters ingevoer: %1$d van %2$d</string>
    <string name="character_counter_overflowed_content_description">Karakterlimiet oorskry %1$d van %2$d</string>
    <string name="clear_text_end_icon_content_description">Vee teks uit</string>
    <string name="copy">Kopieer</string>
    <string name="error_icon_content_description">Fout</string>
    <string name="expand_button_title">Gevorderd</string>
    <string name="exposed_dropdown_menu_content_description">Wys aftrekkieslys</string>
    <string name="icon_content_description">Dialoogikoon</string>
    <string name="item_view_role_description">Oortjie</string>
    <string name="material_clock_toggle_content_description">Kies vm. of nm.</string>
    <string name="material_hour_24h_suffix">%1$s uur</string>
    <string name="material_hour_selection">Kies uur</string>
    <string name="material_hour_suffix">%1$s-uur</string>
    <string name="material_minute_selection">Kies minute</string>
    <string name="material_minute_suffix">%1$s minute</string>
    <string name="material_timepicker_am">VM.</string>
    <string name="material_timepicker_clock_mode_description">Skakel oor na horlosiemodus vir die tydinvoer.</string>
    <string name="material_timepicker_hour">Uur</string>
    <string name="material_timepicker_minute">Minuut</string>
    <string name="material_timepicker_pm">NM.</string>
    <string name="material_timepicker_select_time">Kies tyd</string>
    <string name="material_timepicker_text_input_mode_description">Skakel oor na teksmodus vir die tydinvoer.</string>
    <string name="mtrl_badge_numberless_content_description">Nuwe kennisgewing</string>
    <string name="mtrl_chip_close_icon_content_description">Verwyder %1$s</string>
    <string name="mtrl_exceed_max_badge_number_content_description">Meer as %1$d nuwe kennisgewings</string>
    <string name="mtrl_picker_a11y_next_month">Verander na volgende maand</string>
    <string name="mtrl_picker_a11y_prev_month">Verander na vorige maand</string>
    <string name="mtrl_picker_announce_current_selection">Huidige keuse: %1$s</string>
    <string name="mtrl_picker_cancel">Kanselleer</string>
    <string name="mtrl_picker_confirm">OK</string>
    <string name="mtrl_picker_date_header_selected">%1$s</string>
    <string name="mtrl_picker_date_header_title">Kies datum</string>
    <string name="mtrl_picker_date_header_unselected">Gekose datum</string>
    <string name="mtrl_picker_day_of_week_column_header">Kolom van dae: %1$s</string>
    <string name="mtrl_picker_invalid_format">Ongeldige formaat.</string>
    <string name="mtrl_picker_invalid_format_example">Voorbeeld: %1$s</string>
    <string name="mtrl_picker_invalid_format_use">Gebruik: %1$s</string>
    <string name="mtrl_picker_invalid_range">Ongeldige reeks.</string>
    <string name="mtrl_picker_navigate_to_year_description">Gaan na jaar %1$s</string>
    <string name="mtrl_picker_out_of_range">Buite reeks: %1$s</string>
    <string name="mtrl_picker_range_header_only_end_selected">Begindatum – %1$s</string>
    <string name="mtrl_picker_range_header_only_start_selected">%1$s – Einddatum</string>
    <string name="mtrl_picker_range_header_selected">%1$s-%2$s</string>
    <string name="mtrl_picker_range_header_title">Kies datumreeks</string>
    <string name="mtrl_picker_range_header_unselected">Begindatum – Einddatum</string>
    <string name="mtrl_picker_save">Stoor</string>
    <string name="mtrl_picker_text_input_date_hint">Datum</string>
    <string name="mtrl_picker_text_input_date_range_end_hint">Einddatum</string>
    <string name="mtrl_picker_text_input_date_range_start_hint">Begindatum</string>
    <string name="mtrl_picker_text_input_day_abbr">d</string>
    <string name="mtrl_picker_text_input_month_abbr">m</string>
    <string name="mtrl_picker_text_input_year_abbr">j</string>
    <string name="mtrl_picker_toggle_to_calendar_input_mode">Skakel oor na kalenderinvoermodus</string>
    <string name="mtrl_picker_toggle_to_day_selection">Tik om oor te skakel na die kies van 'n dag</string>
    <string name="mtrl_picker_toggle_to_text_input_mode">Skakel oor na teksinvoermodus</string>
    <string name="mtrl_picker_toggle_to_year_selection">Tik om oor te skakel na die kies van 'n jaar</string>
    <string name="mtrl_timepicker_cancel">Kanselleer</string>
    <string name="mtrl_timepicker_confirm">OK</string>
    <string name="not_set">Nie gestel nie</string>
    <string name="password_toggle_content_description">Wys wagwoord</string>
    <string name="preference_copied">"%1$s" is na knipbord gekopieer.</string>
    <string name="search_menu_title">Soek</string>
    <string name="status_bar_notification_info_overflow">999+</string>
    <string name="summary_collapsed_preference_list">%1$s, %2$s</string>
    <string name="v7_preference_off">AF</string>
    <string name="v7_preference_on">AAN</string>
</resources>