<?xml version='1.0' encoding='utf-8' ?>
<resources>
    <string name="abc_action_bar_home_description">Անցնել գլխավոր էջ</string>
    <string name="abc_action_bar_up_description">Անցնել վերև</string>
    <string name="abc_action_menu_overflow_description">Այլ ընտրանքներ</string>
    <string name="abc_action_mode_done">Պատրաստ է</string>
    <string name="abc_activity_chooser_view_see_all">Տեսնել բոլորը</string>
    <string name="abc_activitychooserview_choose_application">Ընտրել հավելված</string>
    <string name="abc_capital_off">ԱՆՋԱՏԵԼ</string>
    <string name="abc_capital_on">ՄԻԱՑՆԵԼ</string>
    <string name="abc_menu_alt_shortcut_label">Alt+</string>
    <string name="abc_menu_ctrl_shortcut_label">Ctrl+</string>
    <string name="abc_menu_delete_shortcut_label">Delete</string>
    <string name="abc_menu_enter_shortcut_label">Enter</string>
    <string name="abc_menu_function_shortcut_label">Function+</string>
    <string name="abc_menu_meta_shortcut_label">Meta+</string>
    <string name="abc_menu_shift_shortcut_label">Shift+</string>
    <string name="abc_menu_space_shortcut_label">բացատ</string>
    <string name="abc_menu_sym_shortcut_label">Sym+</string>
    <string name="abc_prepend_shortcut_label">Menu+</string>
    <string name="abc_search_hint">Որոնում…</string>
    <string name="abc_searchview_description_clear">Ջնջել հարցումը</string>
    <string name="abc_searchview_description_query">Որոնման հարցում</string>
    <string name="abc_searchview_description_search">Որոնել</string>
    <string name="abc_searchview_description_submit">Ուղարկել հարցումը</string>
    <string name="abc_searchview_description_voice">Ձայնային որոնում</string>
    <string name="abc_shareactionprovider_share_with">Կիսվել…</string>
    <string name="abc_shareactionprovider_share_with_application">Կիսվել %s հավելվածի միջոցով</string>
    <string name="abc_toolbar_collapse_description">Ծալել</string>
    <string name="bottomsheet_action_collapse">Ծալել ներքևի էկրանը</string>
    <string name="bottomsheet_action_expand">Ծավալել ներքևի էկրանը</string>
    <string name="bottomsheet_action_expand_halfway">Ծավալել կիսով չափ</string>
    <string name="bottomsheet_drag_handle_clicked">Կրկնակի հպում տեղափոխման նշիչին</string>
    <string name="bottomsheet_drag_handle_content_description">Տեղափոխման նշիչ</string>
    <string name="call_notification_answer_action">Պատասխանել</string>
    <string name="call_notification_answer_video_action">Տեսազանգ</string>
    <string name="call_notification_decline_action">Մերժել</string>
    <string name="call_notification_hang_up_action">Ավարտել</string>
    <string name="call_notification_incoming_text">Մուտքային զանգ</string>
    <string name="call_notification_ongoing_text">Ընթացիկ զանգ</string>
    <string name="call_notification_screening_text">Մուտքային զանգի զտում</string>
    <string name="character_counter_content_description">Մուտքագրված նիշեր՝ %1$d/%2$d</string>
    <string name="character_counter_overflowed_content_description">Նիշերի առավելագույն քանակը գերազանցվել է (%1$d/%2$d)</string>
    <string name="clear_text_end_icon_content_description">Ջնջել տեքստը</string>
    <string name="copy">Պատճենել</string>
    <string name="error_icon_content_description">Սխալ</string>
    <string name="expand_button_title">Լրացուցիչ</string>
    <string name="exposed_dropdown_menu_content_description">Ցույց տալ իջնող ընտրացանկը</string>
    <string name="icon_content_description">Երկխոսության պատուհանի պատկերակ</string>
    <string name="item_view_role_description">Ներդիր</string>
    <string name="material_clock_toggle_content_description">Ընտրել AM կամ PM</string>
    <string name="material_hour_24h_suffix">%1$s ժամ</string>
    <string name="material_hour_selection">Ընտրել ժամը</string>
    <string name="material_hour_suffix">Ժամը %1$s է</string>
    <string name="material_minute_selection">Ընտրեք րոպեն</string>
    <string name="material_minute_suffix">%1$s րոպե</string>
    <string name="material_timepicker_am">AM</string>
    <string name="material_timepicker_clock_mode_description">Ժամը մուտքագրելու համար միացրեք ժամացույցի ռեժիմը:</string>
    <string name="material_timepicker_hour">Ժամ</string>
    <string name="material_timepicker_minute">Րոպե</string>
    <string name="material_timepicker_pm">PM</string>
    <string name="material_timepicker_select_time">Ժամանակի ընտրություն</string>
    <string name="material_timepicker_text_input_mode_description">Ժամը մուտքագրելու համար միացրեք տեքստի մուտքագրման ռեժիմը:</string>
    <string name="mtrl_badge_numberless_content_description">Նոր ծանուցում</string>
    <string name="mtrl_chip_close_icon_content_description">Հեռացնել (%1$s)</string>
    <string name="mtrl_exceed_max_badge_number_content_description">Ավելի քան %1$d նոր ծանուցում</string>
    <string name="mtrl_picker_a11y_next_month">Անցնել հաջորդ ամիս</string>
    <string name="mtrl_picker_a11y_prev_month">Անցնել նախորդ ամիս</string>
    <string name="mtrl_picker_announce_current_selection">Ներկայիս ընտրությունը՝ %1$s</string>
    <string name="mtrl_picker_cancel">Չեղարկել</string>
    <string name="mtrl_picker_confirm">Եղավ</string>
    <string name="mtrl_picker_date_header_selected">%1$s</string>
    <string name="mtrl_picker_date_header_title">Ընտրեք ամսաթիվը</string>
    <string name="mtrl_picker_date_header_unselected">Ընտրված ամսաթիվը</string>
    <string name="mtrl_picker_day_of_week_column_header">Օրերի սյունակ՝ %1$s</string>
    <string name="mtrl_picker_invalid_format">Ձևաչափը սխալ է։</string>
    <string name="mtrl_picker_invalid_format_example">Օրինակ՝ %1$s</string>
    <string name="mtrl_picker_invalid_format_use">Օգտագործեք՝ %1$s</string>
    <string name="mtrl_picker_invalid_range">Ընդգրկույթն անվավեր է:</string>
    <string name="mtrl_picker_navigate_to_year_description">Անցնել %1$s թվական</string>
    <string name="mtrl_picker_out_of_range">Ընդգրկույթից դուրս է՝ %1$s</string>
    <string name="mtrl_picker_range_header_only_end_selected">Մեկնարկի ամսաթիվը – %1$s</string>
    <string name="mtrl_picker_range_header_only_start_selected">%1$s – Ավարտի ամսաթիվը</string>
    <string name="mtrl_picker_range_header_selected">%1$s – %2$s</string>
    <string name="mtrl_picker_range_header_title">Ընտրեք ընդգրկույթը</string>
    <string name="mtrl_picker_range_header_unselected">Մեկնարկի ամսաթիվը – Ավարտի ամսաթիվը</string>
    <string name="mtrl_picker_save">Պահել</string>
    <string name="mtrl_picker_text_input_date_hint">Ամսաթիվ</string>
    <string name="mtrl_picker_text_input_date_range_end_hint">Ավարտի ամսաթիվը</string>
    <string name="mtrl_picker_text_input_date_range_start_hint">Մեկնարկի ամսաթիվը</string>
    <string name="mtrl_picker_text_input_day_abbr">օ</string>
    <string name="mtrl_picker_text_input_month_abbr">ա</string>
    <string name="mtrl_picker_text_input_year_abbr">տ</string>
    <string name="mtrl_picker_toggle_to_calendar_input_mode">Անցնել օրացույցի մուտքագրման ռեժիմ</string>
    <string name="mtrl_picker_toggle_to_day_selection">Հպեք՝ օրվա ընտությանն անցնելու համար</string>
    <string name="mtrl_picker_toggle_to_text_input_mode">Անցնել տեքստի մուտքագրման ռեժիմին</string>
    <string name="mtrl_picker_toggle_to_year_selection">Հպեք՝ տարեթվի ընտությանն անցնելու համար</string>
    <string name="mtrl_timepicker_cancel">Չեղարկել</string>
    <string name="mtrl_timepicker_confirm">Եղավ</string>
    <string name="not_set">Կարգավորված չէ</string>
    <string name="password_toggle_content_description">Ցուցադրել գաղտնաբառը</string>
    <string name="preference_copied">«%1$s». պատճենվեց սեղմատախտակին:</string>
    <string name="search_menu_title">Որոնել</string>
    <string name="status_bar_notification_info_overflow">999+</string>
    <string name="summary_collapsed_preference_list">%1$s, %2$s</string>
    <string name="v7_preference_off">ԱՆՋԱՏԱԾ</string>
    <string name="v7_preference_on">ՄԻԱՑՎԱԾ</string>
</resources>