<?xml version='1.0' encoding='utf-8' ?>
<resources>
    <string name="abc_action_bar_home_description">‎‏‎‎‎‎‎‏‎‏‏‏‎‎‎‎‎‎‏‎‎‏‎‎‎‎‏‏‏‏‏‏‏‏‎‏‎‎‏‎‏‏‏‏‎‎‎‏‎‎‏‎‎‏‎‏‎‎‎‎‏‏‎‏‎‏‏‎‎‏‎‎‎‏‎‏‎‏‏‏‎‏‎‎‎‎‏‏‎‏‏‏‏‏‏‎‎Navigate home‎‏‎‎‏‎</string>
    <string name="abc_action_bar_up_description">‎‏‎‎‎‎‎‏‎‏‏‏‎‎‎‎‎‎‏‎‎‏‎‎‎‎‏‏‏‏‏‏‏‏‏‏‎‏‎‎‎‏‏‎‏‎‎‎‏‏‎‎‎‏‏‏‏‎‏‎‎‎‎‏‏‎‏‏‎‏‎‎‏‎‎‏‎‎‎‎‎‎‏‎‏‎‎‎‎‏‏‏‎‎‎‎‎Navigate up‎‏‎‎‏‎</string>
    <string name="abc_action_menu_overflow_description">‎‏‎‎‎‎‎‏‎‏‏‏‎‎‎‎‎‎‏‎‎‏‎‎‎‎‏‏‏‏‏‏‎‏‏‎‏‏‎‏‎‏‎‎‏‎‎‎‎‏‎‎‎‏‎‏‎‏‎‏‏‏‏‏‏‏‎‏‏‎‎‏‏‎‏‏‎‎‎‎‏‎‎‏‎‏‏‏‏‏‎‏‎‎‏‎More options‎‏‎‎‏‎</string>
    <string name="abc_action_mode_done">‎‏‎‎‎‎‎‏‎‏‏‏‎‎‎‎‎‎‏‎‎‏‎‎‎‎‏‏‏‏‏‏‏‏‎‎‎‎‎‏‎‎‎‏‏‏‏‎‎‎‎‎‎‎‎‎‎‏‏‎‏‏‏‎‎‏‏‎‏‎‎‏‏‏‎‎‎‎‏‎‎‎‏‏‏‎‎‏‎‎‎‏‎‎‎‎‎Done‎‏‎‎‏‎</string>
    <string name="abc_activity_chooser_view_see_all">‎‏‎‎‎‎‎‏‎‏‏‏‎‎‎‎‎‎‏‎‎‏‎‎‎‎‏‏‏‏‏‎‏‏‎‎‎‎‏‎‎‎‎‎‏‎‏‏‏‎‎‎‏‎‎‎‎‏‏‎‏‏‏‎‎‎‎‏‏‏‎‎‏‎‎‎‎‏‏‏‎‏‏‎‏‎‏‎‏‎‎‎‎‏‎See all‎‏‎‎‏‎</string>
    <string name="abc_activitychooserview_choose_application">‎‏‎‎‎‎‎‏‎‏‏‏‎‎‎‎‎‎‏‎‎‏‎‎‎‎‏‏‏‏‏‎‏‏‏‏‏‎‎‎‎‎‏‏‏‎‎‏‏‎‎‏‎‏‎‎‏‏‎‏‏‎‏‏‏‏‏‏‎‎‏‎‎‏‏‎‎‏‎‏‎‎‏‎‏‎‎‎‎‎‎‎‎‎‎Choose an app‎‏‎‎‏‎</string>
    <string name="abc_capital_off">‎‏‎‎‎‎‎‏‎‏‏‏‎‎‎‎‎‎‏‎‎‏‎‎‎‎‏‏‏‏‏‏‎‏‏‏‎‏‎‏‎‎‎‎‎‏‎‎‎‏‏‏‎‏‏‎‎‏‏‎‏‏‎‏‎‎‎‎‎‏‏‎‏‎‏‏‎‏‏‏‎‎‏‎‎‏‏‎‎‏‏‏‎‏‏‎OFF‎‏‎‎‏‎</string>
    <string name="abc_capital_on">‎‏‎‎‎‎‎‏‎‏‏‏‎‎‎‎‎‎‏‎‎‏‎‎‎‎‏‏‏‏‏‎‎‏‏‎‎‎‏‎‎‏‎‎‎‎‎‎‏‎‏‏‏‎‎‎‎‎‎‏‎‏‎‎‎‎‎‎‎‏‎‎‎‎‏‎‎‎‏‏‏‏‏‎‎‏‏‎‏‏‎‎‎‎ON‎‏‎‎‏‎</string>
    <string name="abc_menu_alt_shortcut_label">‎‏‎‎‎‎‎‏‎‏‏‏‎‎‎‎‎‎‏‎‎‏‎‎‎‎‏‏‏‏‏‏‏‏‏‏‏‎‏‎‏‎‎‏‎‏‏‎‎‏‏‎‏‎‏‏‎‎‎‎‎‎‎‎‎‎‏‏‏‏‏‎‏‏‏‎‏‎‎‎‏‎‏‎‎‏‏‎‎‏‏‏‏‎‏‎‎Alt+‎‏‎‎‏‎</string>
    <string name="abc_menu_ctrl_shortcut_label">‎‏‎‎‎‎‎‏‎‏‏‏‎‎‎‎‎‎‏‎‎‏‎‎‎‎‏‏‏‏‏‎‏‏‏‏‏‎‏‏‎‏‏‎‏‎‏‏‎‎‎‎‎‏‎‏‎‏‎‎‏‏‏‏‎‎‏‎‎‎‏‎‎‏‎‏‎‎‎‎‎‏‎‏‎‎‏‎‏‎‏‎‏‎‎Ctrl+‎‏‎‎‏‎</string>
    <string name="abc_menu_delete_shortcut_label">‎‏‎‎‎‎‎‏‎‏‏‏‎‎‎‎‎‎‏‎‎‏‎‎‎‎‏‏‏‏‏‎‎‏‎‏‏‏‎‏‎‎‎‎‏‎‎‏‎‏‏‎‏‏‎‏‎‏‏‏‏‏‎‏‏‎‎‏‎‏‎‎‏‏‏‎‏‏‏‏‏‏‎‎‎‎‏‏‏‎‏‎‎‎delete‎‏‎‎‏‎</string>
    <string name="abc_menu_enter_shortcut_label">‎‏‎‎‎‎‎‏‎‏‏‏‎‎‎‎‎‎‏‎‎‏‎‎‎‎‏‏‏‏‏‏‏‏‏‎‏‏‏‎‏‏‎‏‎‏‎‏‏‏‎‏‎‏‏‏‏‏‏‏‎‏‏‎‎‎‎‏‏‎‎‏‏‎‏‏‎‏‏‏‏‏‎‏‏‏‎‏‎‏‎‎‎‎‏‏‎enter‎‏‎‎‏‎</string>
    <string name="abc_menu_function_shortcut_label">‎‏‎‎‎‎‎‏‎‏‏‏‎‎‎‎‎‎‏‎‎‏‎‎‎‎‏‏‏‏‎‏‏‏‎‏‎‎‏‏‎‏‎‏‎‎‎‎‎‏‏‏‏‎‎‎‎‎‏‏‎‎‎‏‏‎‎‏‎‎‏‏‎‎‏‎‎‏‎‎‎‏‏‎‎‏‎‎‎‏‏‏‎Function+‎‏‎‎‏‎</string>
    <string name="abc_menu_meta_shortcut_label">‎‏‎‎‎‎‎‏‎‏‏‏‎‎‎‎‎‎‏‎‎‏‎‎‎‎‏‏‏‏‏‏‎‏‏‏‎‏‎‎‎‏‎‏‏‎‏‏‎‏‏‏‎‎‎‏‎‎‎‏‎‎‎‎‏‏‏‏‎‎‏‏‎‎‏‎‎‎‎‎‏‎‏‎‎‏‎‎‏‏‏‏‏‏‎‎Meta+‎‏‎‎‏‎</string>
    <string name="abc_menu_shift_shortcut_label">‎‏‎‎‎‎‎‏‎‏‏‏‎‎‎‎‎‎‏‎‎‏‎‎‎‎‏‏‏‏‏‏‏‏‎‎‎‎‎‏‏‏‎‎‏‏‎‏‎‏‏‎‎‎‎‎‏‏‎‎‎‎‏‎‎‎‏‏‎‎‎‎‎‎‎‎‎‎‏‏‎‏‎‎‏‎‎‎‏‏‎‎‎‎‏‏‎Shift+‎‏‎‎‏‎</string>
    <string name="abc_menu_space_shortcut_label">‎‏‎‎‎‎‎‏‎‏‏‏‎‎‎‎‎‎‏‎‎‏‎‎‎‎‏‏‏‏‏‏‏‏‎‎‏‎‏‏‏‏‏‏‎‏‏‏‎‎‎‏‎‎‏‏‏‎‏‏‎‎‎‎‎‎‎‏‏‎‏‏‎‎‎‏‏‎‎‏‎‎‎‏‏‎‏‎‎‎‎‏‎‏‏‎‎space‎‏‎‎‏‎</string>
    <string name="abc_menu_sym_shortcut_label">‎‏‎‎‎‎‎‏‎‏‏‏‎‎‎‎‎‎‏‎‎‏‎‎‎‎‏‏‏‏‏‏‏‏‎‏‎‏‎‏‏‏‎‎‎‏‎‏‏‎‏‏‏‎‏‏‏‎‏‏‎‏‎‎‏‏‏‏‏‎‏‎‎‎‎‎‎‎‎‎‎‎‏‎‎‎‏‎‎‏‏‎‏‏‏‎‎Sym+‎‏‎‎‏‎</string>
    <string name="abc_prepend_shortcut_label">‎‏‎‎‎‎‎‏‎‏‏‏‎‎‎‎‎‎‏‎‎‏‎‎‎‎‏‏‏‏‏‏‏‏‎‎‏‏‎‎‏‎‎‏‏‏‎‎‎‎‎‎‏‏‏‎‏‏‏‏‎‎‎‎‎‏‎‎‎‏‎‏‏‏‏‎‏‎‏‏‏‎‎‎‎‏‏‏‏‎‏‏‏‏‏‎‎Menu+‎‏‎‎‏‎</string>
    <string name="abc_search_hint">‎‏‎‎‎‎‎‏‎‏‏‏‎‎‎‎‎‎‏‎‎‏‎‎‎‎‏‏‏‏‏‏‏‏‏‎‎‏‎‎‎‎‎‎‏‎‎‎‎‎‏‏‏‎‏‏‏‎‏‏‎‏‎‎‎‏‎‎‎‏‏‏‏‏‏‎‎‎‎‏‏‏‏‏‎‏‏‏‏‎‏‏‎‏‎‎‎Search…‎‏‎‎‏‎</string>
    <string name="abc_searchview_description_clear">‎‏‎‎‎‎‎‏‎‏‏‏‎‎‎‎‎‎‏‎‎‏‎‎‎‎‏‏‏‏‏‏‎‏‏‎‎‏‏‏‏‏‎‏‎‏‏‎‏‎‏‎‎‎‏‎‎‏‏‏‏‎‎‎‏‎‏‎‎‎‎‎‏‏‎‏‏‎‎‏‎‏‏‎‎‎‏‎‏‏‏‎‎‏‏‎Clear query‎‏‎‎‏‎</string>
    <string name="abc_searchview_description_query">‎‏‎‎‎‎‎‏‎‏‏‏‎‎‎‎‎‎‏‎‎‏‎‎‎‎‏‏‏‏‏‎‎‏‎‎‏‏‎‎‏‏‏‏‏‎‎‏‎‎‏‎‎‎‎‎‎‏‎‏‎‎‏‏‏‎‏‏‎‏‎‎‎‏‏‎‎‎‎‎‎‏‏‎‎‏‏‎‏‏‎‏‏‎Search query‎‏‎‎‏‎</string>
    <string name="abc_searchview_description_search">‎‏‎‎‎‎‎‏‎‏‏‏‎‎‎‎‎‎‏‎‎‏‎‎‎‎‏‏‏‏‏‏‎‏‎‏‏‏‏‎‏‏‎‏‏‎‏‏‏‏‏‏‎‏‎‎‏‎‏‎‎‏‏‎‎‎‎‎‎‎‎‎‏‏‎‏‎‏‏‏‎‎‏‏‏‏‏‎‎‏‏‏‎‎‎‎Search‎‏‎‎‏‎</string>
    <string name="abc_searchview_description_submit">‎‏‎‎‎‎‎‏‎‏‏‏‎‎‎‎‎‎‏‎‎‏‎‎‎‎‏‏‏‏‏‎‏‏‎‏‎‎‏‎‏‎‎‎‎‏‎‎‏‏‏‏‎‎‎‎‏‎‏‏‎‏‎‏‎‏‎‏‏‎‏‏‏‎‎‎‏‏‏‏‏‎‏‏‎‎‏‏‎‏‏‏‏‏‎Submit query‎‏‎‎‏‎</string>
    <string name="abc_searchview_description_voice">‎‏‎‎‎‎‎‏‎‏‏‏‎‎‎‎‎‎‏‎‎‏‎‎‎‎‏‏‏‏‏‎‏‏‏‏‏‏‏‏‎‏‎‏‎‎‎‏‏‎‏‏‎‏‏‎‎‎‏‎‏‏‏‏‏‎‏‏‎‎‎‏‏‎‏‏‎‏‎‎‎‎‏‎‎‎‏‎‎‏‎‏‏‏‎Voice search‎‏‎‎‏‎</string>
    <string name="abc_shareactionprovider_share_with">‎‏‎‎‎‎‎‏‎‏‏‏‎‎‎‎‎‎‏‎‎‏‎‎‎‎‏‏‏‏‏‏‏‏‏‏‏‎‏‏‎‎‏‎‏‎‏‎‏‏‎‏‎‎‏‏‎‎‏‎‎‏‎‎‏‎‎‏‏‏‏‏‏‎‏‏‏‎‏‎‏‎‎‏‎‏‏‏‏‎‏‏‎‏‏‏‎Share with‎‏‎‎‏‎</string>
    <string name="abc_shareactionprovider_share_with_application">‎‏‎‎‎‎‎‏‎‏‏‏‎‎‎‎‎‎‏‎‎‏‎‎‎‎‏‏‏‏‏‏‏‏‏‏‏‏‎‏‏‎‏‎‏‎‏‎‏‏‎‎‎‏‏‎‏‏‏‎‎‏‎‏‎‎‏‎‏‏‏‎‎‏‏‏‏‏‎‎‏‎‎‏‏‏‏‎‎‎‎‏‏‏‎‎‎Share with ‎‏‎‎‏‏‎%s‎‏‎‎‏‏‏‎‎‏‎‎‏‎</string>
    <string name="abc_toolbar_collapse_description">‎‏‎‎‎‎‎‏‎‏‏‏‎‎‎‎‎‎‏‎‎‏‎‎‎‎‏‏‏‏‏‎‏‏‎‏‏‎‏‏‏‏‏‏‏‎‎‏‎‏‎‎‏‎‏‎‎‏‏‎‏‏‏‎‏‏‏‏‏‏‏‏‎‎‎‎‏‏‎‎‎‎‏‎‎‎‏‏‎‏‎‎‏‎‎Collapse‎‏‎‎‏‎</string>
    <string name="call_notification_answer_action">‎‏‎‎‎‎‎‏‎‏‏‏‎‎‎‎‎‎‏‎‎‏‎‎‎‎‏‏‏‏‏‎‎‏‏‎‎‎‎‏‏‏‎‏‏‎‏‏‎‎‏‎‏‏‎‎‎‎‎‏‎‏‎‏‎‏‏‎‎‏‎‎‏‏‏‏‎‎‏‎‏‎‏‎‎‎‎‎‏‎‏‎‎‎Answer‎‏‎‎‏‎</string>
    <string name="call_notification_answer_video_action">‎‏‎‎‎‎‎‏‎‏‏‏‎‎‎‎‎‎‏‎‎‏‎‎‎‎‏‏‏‏‏‏‏‏‏‏‏‎‏‎‎‎‎‎‏‎‎‏‏‏‎‎‎‏‎‎‎‏‎‏‎‏‎‎‏‏‎‎‏‏‎‎‏‎‎‎‎‏‎‏‎‏‎‎‏‏‎‏‎‎‏‎‎‎‎‎‎Video‎‏‎‎‏‎</string>
    <string name="call_notification_decline_action">‎‏‎‎‎‎‎‏‎‏‏‏‎‎‎‎‎‎‏‎‎‏‎‎‎‎‏‏‏‏‏‏‎‏‎‏‏‎‎‏‏‎‏‎‎‎‏‏‎‎‎‎‏‎‎‏‏‏‎‏‎‎‏‏‎‎‎‎‏‎‎‏‏‎‎‏‏‏‏‏‎‎‏‎‎‏‎‎‎‎‏‎‎‏‎‎Decline‎‏‎‎‏‎</string>
    <string name="call_notification_hang_up_action">‎‏‎‎‎‎‎‏‎‏‏‏‎‎‎‎‎‎‏‎‎‏‎‎‎‎‏‏‏‏‏‏‎‏‎‎‏‎‎‏‏‏‎‏‎‎‎‎‏‎‎‏‎‏‎‏‏‏‎‏‎‎‏‏‎‎‎‎‎‎‏‏‎‏‏‎‎‏‏‏‏‎‎‎‎‎‎‎‎‎‏‎‏‏‏‎Hang Up‎‏‎‎‏‎</string>
    <string name="call_notification_incoming_text">‎‏‎‎‎‎‎‏‎‏‏‏‎‎‎‎‎‎‏‎‎‏‎‎‎‎‏‏‏‏‏‏‏‏‎‏‎‏‎‎‏‏‎‎‎‎‏‎‎‏‎‏‎‎‎‎‏‎‎‎‎‏‎‏‏‎‎‎‏‏‏‎‏‏‎‎‎‏‎‎‎‏‏‎‏‎‎‎‏‎‏‏‎‏‏‏‎Incoming call‎‏‎‎‏‎</string>
    <string name="call_notification_ongoing_text">‎‏‎‎‎‎‎‏‎‏‏‏‎‎‎‎‎‎‏‎‎‏‎‎‎‎‏‏‏‏‏‏‏‏‏‏‎‏‏‏‏‎‏‎‏‏‎‏‏‏‏‏‏‏‎‏‎‎‎‏‎‏‏‎‎‏‏‏‏‏‎‎‎‎‎‏‎‏‏‏‎‎‎‏‎‏‎‎‏‎‏‏‏‏‏‎‎Ongoing call‎‏‎‎‏‎</string>
    <string name="call_notification_screening_text">‎‏‎‎‎‎‎‏‎‏‏‏‎‎‎‎‎‎‏‎‎‏‎‎‎‎‏‏‏‏‎‎‎‏‏‎‏‎‎‎‏‏‏‎‎‏‎‎‏‎‏‎‎‎‏‏‎‎‏‎‎‎‏‏‏‎‎‏‎‏‎‏‏‏‏‏‎‏‏‏‏‎‏‎‏‏‏‎‎‎Screening an incoming call‎‏‎‎‏‎</string>
    <string name="copy">‎‏‎‎‎‎‎‏‎‏‏‏‎‎‎‎‎‎‏‎‎‏‎‎‎‎‏‏‏‏‏‏‏‏‎‏‎‏‎‎‎‏‏‎‏‏‏‎‎‏‏‎‎‎‎‎‎‎‏‏‎‎‏‏‎‏‏‏‏‏‎‎‏‏‎‎‏‎‎‎‏‎‎‎‏‏‎‎‎‏‏‏‎‎‏‎‎Copy‎‏‎‎‏‎</string>
    <string name="expand_button_title">‎‏‎‎‎‎‎‏‎‏‏‏‎‎‎‎‎‎‏‎‎‏‎‎‎‎‏‏‏‏‏‏‎‏‎‎‎‎‏‏‎‏‎‏‏‏‏‏‏‎‏‏‏‎‎‎‏‏‎‎‎‎‏‎‎‎‎‏‏‎‏‏‎‎‏‎‏‎‎‏‏‎‎‎‎‏‏‎‏‎‏‏‏‏‎‎Advanced‎‏‎‎‏‎</string>
    <string name="not_set">‎‏‎‎‎‎‎‏‎‏‏‏‎‎‎‎‎‎‏‎‎‏‎‎‎‎‏‏‏‏‏‏‏‏‎‏‏‎‏‏‎‎‏‏‏‎‎‎‎‎‎‏‏‎‎‎‏‏‏‏‏‏‏‎‎‎‎‎‏‏‎‏‏‏‏‏‏‏‎‎‎‏‎‏‎‏‏‎‎‎‏‎‎‎‎‏‎Not set‎‏‎‎‏‎</string>
    <string name="preference_copied">‎‏‎‎‎‎‎‏‎‏‏‏‎‎‎‎‎‎‏‎‎‏‎‎‎‎‏‏‏‏‏‏‏‏‎‏‏‏‎‎‏‏‎‎‏‎‎‎‏‏‏‎‏‎‏‎‎‏‏‏‏‏‎‏‏‏‏‎‏‏‏‎‏‏‏‎‏‏‎‎‏‎‏‏‏‏‎‏‏‎‏‏‏‏‏‏‎"‎‏‎‎‏‏‎%1$s‎‏‎‎‏‏‏‎" copied to clipboard.‎‏‎‎‏‎</string>
    <string name="search_menu_title">‎‏‎‎‎‎‎‏‎‏‏‏‎‎‎‎‎‎‏‎‎‏‎‎‎‎‏‏‏‏‏‏‏‏‎‏‎‏‏‎‏‏‏‎‏‏‏‎‏‏‏‏‏‎‎‎‎‏‎‏‏‎‎‎‏‎‏‏‎‎‏‎‏‎‎‏‎‎‏‎‎‎‏‎‏‏‎‎‏‎‏‎‏‏‎‎‎Search‎‏‎‎‏‎</string>
    <string name="status_bar_notification_info_overflow">‎‏‎‎‎‎‎‏‎‏‏‏‎‎‎‎‎‎‏‎‎‏‎‎‎‎‏‏‏‏‏‏‏‏‎‏‎‏‏‏‎‎‎‏‏‏‏‎‎‏‎‎‏‏‎‏‎‏‏‎‎‏‎‏‏‎‎‎‏‎‎‎‎‎‎‎‏‎‎‎‎‏‎‏‎‏‎‎‎‎‏‎‎‎‎‎‎999+‎‏‎‎‏‎</string>
    <string name="summary_collapsed_preference_list">‎‏‎‎‎‎‎‏‎‏‏‏‎‎‎‎‎‎‏‎‎‏‎‎‎‎‏‏‏‏‏‏‏‏‏‏‏‏‏‏‎‎‏‏‏‎‏‎‎‏‏‏‏‎‏‏‎‎‏‎‎‎‏‎‎‏‎‏‎‏‎‎‎‏‎‎‎‎‏‏‎‏‏‏‏‏‏‏‏‎‏‎‏‎‏‎‎‎‏‎‎‏‏‎%1$s‎‏‎‎‏‏‏‎, ‎‏‎‎‏‏‎%2$s‎‏‎‎‏‏‏‎‎‏‎‎‏‎</string>
    <string name="v7_preference_off">‎‏‎‎‎‎‎‏‎‏‏‏‎‎‎‎‎‎‏‎‎‏‎‎‎‎‏‏‏‏‏‏‎‏‎‏‎‏‏‏‎‎‏‎‏‎‎‎‏‎‏‏‎‎‏‏‎‎‏‎‏‏‏‎‏‎‎‎‏‎‏‎‎‏‏‏‎‏‏‏‏‎‏‏‏‎‏‎‏‏‏‎‎‏‏‎OFF‎‏‎‎‏‎</string>
    <string name="v7_preference_on">‎‏‎‎‎‎‎‏‎‏‏‏‎‎‎‎‎‎‏‎‎‏‎‎‎‎‏‏‏‏‎‎‏‏‎‎‏‏‏‏‏‎‎‎‏‎‎‏‏‎‏‎‏‏‎‎‏‏‏‎‏‎‏‎‏‏‎‎‏‏‏‎‎‏‎‎‏‏‎‏‏‎‎‏‏‏‏‎‏‏‎ON‎‏‎‎‏‎</string>
</resources>