<?xml version='1.0' encoding='utf-8' ?>
<resources>
    <string name="abc_action_bar_home_description">Chỉ đường về nhà</string>
    <string name="abc_action_bar_up_description">Di chuyển lên</string>
    <string name="abc_action_menu_overflow_description">Tùy chọn khác</string>
    <string name="abc_action_mode_done">Xong</string>
    <string name="abc_activity_chooser_view_see_all">Xem tất cả</string>
    <string name="abc_activitychooserview_choose_application">Chọn một ứng dụng</string>
    <string name="abc_capital_off">TẮT</string>
    <string name="abc_capital_on">BẬT</string>
    <string name="abc_menu_alt_shortcut_label">Alt+</string>
    <string name="abc_menu_ctrl_shortcut_label">Ctrl+</string>
    <string name="abc_menu_delete_shortcut_label">delete</string>
    <string name="abc_menu_enter_shortcut_label">enter</string>
    <string name="abc_menu_function_shortcut_label">Function+</string>
    <string name="abc_menu_meta_shortcut_label">Meta+</string>
    <string name="abc_menu_shift_shortcut_label">Shift+</string>
    <string name="abc_menu_space_shortcut_label">space</string>
    <string name="abc_menu_sym_shortcut_label">Sym+</string>
    <string name="abc_prepend_shortcut_label">Menu+</string>
    <string name="abc_search_hint">Tìm kiếm…</string>
    <string name="abc_searchview_description_clear">Xóa truy vấn</string>
    <string name="abc_searchview_description_query">Truy vấn tìm kiếm</string>
    <string name="abc_searchview_description_search">Tìm kiếm</string>
    <string name="abc_searchview_description_submit">Gửi truy vấn</string>
    <string name="abc_searchview_description_voice">Tìm kiếm bằng giọng nói</string>
    <string name="abc_shareactionprovider_share_with">Chia sẻ với</string>
    <string name="abc_shareactionprovider_share_with_application">Chia sẻ với %s</string>
    <string name="abc_toolbar_collapse_description">Thu gọn</string>
    <string name="bottomsheet_action_collapse">Thu gọn bảng dưới cùng</string>
    <string name="bottomsheet_action_expand">Mở rộng bảng dưới cùng</string>
    <string name="bottomsheet_action_expand_halfway">Mở rộng một nửa</string>
    <string name="bottomsheet_drag_handle_clicked">Đã nhấn đúp nút kéo</string>
    <string name="bottomsheet_drag_handle_content_description">Nút kéo</string>
    <string name="call_notification_answer_action">Trả lời</string>
    <string name="call_notification_answer_video_action">Video</string>
    <string name="call_notification_decline_action">Từ chối</string>
    <string name="call_notification_hang_up_action">Kết thúc</string>
    <string name="call_notification_incoming_text">Cuộc gọi đến</string>
    <string name="call_notification_ongoing_text">Cuộc gọi đang thực hiện</string>
    <string name="call_notification_screening_text">Đang sàng lọc cuộc gọi đến</string>
    <string name="character_counter_content_description">Đã nhập %1$d trong số %2$d ký tự</string>
    <string name="character_counter_overflowed_content_description">Đã vượt quá giới hạn ký tự %1$d/%2$d</string>
    <string name="clear_text_end_icon_content_description">Xóa văn bản</string>
    <string name="copy">Sao chép</string>
    <string name="error_icon_content_description">Lỗi</string>
    <string name="expand_button_title">Nâng cao</string>
    <string name="exposed_dropdown_menu_content_description">Hiển thị menu thả xuống</string>
    <string name="icon_content_description">Biểu tượng hộp thoại</string>
    <string name="item_view_role_description">Thẻ</string>
    <string name="material_clock_toggle_content_description">Chọn SA hoặc CH</string>
    <string name="material_hour_24h_suffix">%1$s giờ</string>
    <string name="material_hour_selection">Chọn giờ</string>
    <string name="material_hour_suffix">%1$s giờ</string>
    <string name="material_minute_selection">Chọn phút</string>
    <string name="material_minute_suffix">%1$s phút</string>
    <string name="material_timepicker_am">SA</string>
    <string name="material_timepicker_clock_mode_description">Chuyển sang chế độ đồng hồ để nhập thời gian.</string>
    <string name="material_timepicker_hour">Giờ</string>
    <string name="material_timepicker_minute">Phút</string>
    <string name="material_timepicker_pm">CH</string>
    <string name="material_timepicker_select_time">Chọn thời gian</string>
    <string name="material_timepicker_text_input_mode_description">Chuyển sang chế độ nhập văn bản để nhập thời gian.</string>
    <string name="mtrl_badge_numberless_content_description">Thông báo mới</string>
    <string name="mtrl_chip_close_icon_content_description">Xóa %1$s</string>
    <string name="mtrl_exceed_max_badge_number_content_description">Hơn %1$d thông báo mới</string>
    <string name="mtrl_picker_a11y_next_month">Chuyển sang tháng tiếp theo</string>
    <string name="mtrl_picker_a11y_prev_month">Chuyển về tháng trước</string>
    <string name="mtrl_picker_announce_current_selection">Lựa chọn hiện tại: %1$s</string>
    <string name="mtrl_picker_cancel">Hủy</string>
    <string name="mtrl_picker_confirm">OK</string>
    <string name="mtrl_picker_date_header_selected">%1$s</string>
    <string name="mtrl_picker_date_header_title">Chọn ngày</string>
    <string name="mtrl_picker_date_header_unselected">Ngày đã chọn</string>
    <string name="mtrl_picker_day_of_week_column_header">Cột ngày: %1$s</string>
    <string name="mtrl_picker_invalid_format">Định dạng không hợp lệ.</string>
    <string name="mtrl_picker_invalid_format_example">Ví dụ: %1$s</string>
    <string name="mtrl_picker_invalid_format_use">Sử dụng: %1$s</string>
    <string name="mtrl_picker_invalid_range">Phạm vi không hợp lệ.</string>
    <string name="mtrl_picker_navigate_to_year_description">Chuyển tới năm %1$s</string>
    <string name="mtrl_picker_out_of_range">Nằm ngoài phạm vi: %1$s</string>
    <string name="mtrl_picker_range_header_only_end_selected">Ngày bắt đầu – %1$s</string>
    <string name="mtrl_picker_range_header_only_start_selected">%1$s – Ngày kết thúc</string>
    <string name="mtrl_picker_range_header_selected">%1$s – %2$s</string>
    <string name="mtrl_picker_range_header_title">Chọn dải ô</string>
    <string name="mtrl_picker_range_header_unselected">Ngày bắt đầu – Ngày kết thúc</string>
    <string name="mtrl_picker_save">Lưu</string>
    <string name="mtrl_picker_text_input_date_hint">Ngày</string>
    <string name="mtrl_picker_text_input_date_range_end_hint">Ngày kết thúc</string>
    <string name="mtrl_picker_text_input_date_range_start_hint">Ngày bắt đầu</string>
    <string name="mtrl_picker_text_input_day_abbr">d</string>
    <string name="mtrl_picker_text_input_month_abbr">m</string>
    <string name="mtrl_picker_text_input_year_abbr">y</string>
    <string name="mtrl_picker_toggle_to_calendar_input_mode">Chuyển sang chế độ nhập lịch</string>
    <string name="mtrl_picker_toggle_to_day_selection">Nhấn để chuyển sang chế độ chọn một ngày</string>
    <string name="mtrl_picker_toggle_to_text_input_mode">Chuyển sang chế độ nhập văn bản</string>
    <string name="mtrl_picker_toggle_to_year_selection">Nhấn để chuyển sang chế độ chọn một năm</string>
    <string name="mtrl_timepicker_cancel">Huỷ</string>
    <string name="mtrl_timepicker_confirm">OK</string>
    <string name="not_set">Chưa đặt</string>
    <string name="password_toggle_content_description">Hiện mật khẩu</string>
    <string name="preference_copied">Đã sao chép "%1$s" vào bảng nhớ tạm.</string>
    <string name="search_menu_title">Tìm kiếm</string>
    <string name="status_bar_notification_info_overflow">999+</string>
    <string name="summary_collapsed_preference_list">%1$s, %2$s</string>
    <string name="v7_preference_off">TẮT</string>
    <string name="v7_preference_on">BẬT</string>
</resources>