<?xml version='1.0' encoding='utf-8' ?>
<resources>
    <string name="abc_action_bar_home_description">Navigate home</string>
    <string name="abc_action_bar_up_description">Navigate up</string>
    <string name="abc_action_menu_overflow_description">More options</string>
    <string name="abc_action_mode_done">Done</string>
    <string name="abc_activity_chooser_view_see_all">See all</string>
    <string name="abc_activitychooserview_choose_application">Choose an app</string>
    <string name="abc_capital_off">OFF</string>
    <string name="abc_capital_on">ON</string>
    <string name="abc_menu_alt_shortcut_label">Alt+</string>
    <string name="abc_menu_ctrl_shortcut_label">Ctrl+</string>
    <string name="abc_menu_delete_shortcut_label">delete</string>
    <string name="abc_menu_enter_shortcut_label">enter</string>
    <string name="abc_menu_function_shortcut_label">Function+</string>
    <string name="abc_menu_meta_shortcut_label">Meta+</string>
    <string name="abc_menu_shift_shortcut_label">Shift+</string>
    <string name="abc_menu_space_shortcut_label">space</string>
    <string name="abc_menu_sym_shortcut_label">Sym+</string>
    <string name="abc_prepend_shortcut_label">Menu+</string>
    <string name="abc_search_hint">Search…</string>
    <string name="abc_searchview_description_clear">Clear query</string>
    <string name="abc_searchview_description_query">Search query</string>
    <string name="abc_searchview_description_search">Search</string>
    <string name="abc_searchview_description_submit">Submit query</string>
    <string name="abc_searchview_description_voice">Voice search</string>
    <string name="abc_shareactionprovider_share_with">Share with</string>
    <string name="abc_shareactionprovider_share_with_application">Share with %s</string>
    <string name="abc_toolbar_collapse_description">Collapse</string>
    <string name="bottomsheet_action_collapse">Collapse the bottom sheet</string>
    <string name="bottomsheet_action_expand">Expand the bottom sheet</string>
    <string name="bottomsheet_action_expand_halfway">Expand halfway</string>
    <string name="bottomsheet_drag_handle_clicked">Drag handle double-tapped</string>
    <string name="bottomsheet_drag_handle_content_description">Drag handle</string>
    <string name="call_notification_answer_action">Answer</string>
    <string name="call_notification_answer_video_action">Video</string>
    <string name="call_notification_decline_action">Decline</string>
    <string name="call_notification_hang_up_action">Hang up</string>
    <string name="call_notification_incoming_text">Incoming call</string>
    <string name="call_notification_ongoing_text">On-going call</string>
    <string name="call_notification_screening_text">Screening an incoming call</string>
    <string name="character_counter_content_description">Characters entered %1$d of %2$d</string>
    <string name="character_counter_overflowed_content_description">Character limit exceeded %1$d of %2$d</string>
    <string name="clear_text_end_icon_content_description">Clear text</string>
    <string name="copy">Copy</string>
    <string name="error_icon_content_description">Error</string>
    <string name="expand_button_title">Advanced</string>
    <string name="exposed_dropdown_menu_content_description">Show drop-down menu</string>
    <string name="icon_content_description">Dialogue Icon</string>
    <string name="item_view_role_description">Tab</string>
    <string name="material_clock_toggle_content_description">Select a.m. or p.m.</string>
    <string name="material_hour_24h_suffix">%1$s hours</string>
    <string name="material_hour_selection">Select hour</string>
    <string name="material_hour_suffix">%1$s o'clock</string>
    <string name="material_minute_selection">Select minutes</string>
    <string name="material_minute_suffix">%1$s minutes</string>
    <string name="material_timepicker_am">AM</string>
    <string name="material_timepicker_clock_mode_description">Switch to clock mode for the time input.</string>
    <string name="material_timepicker_hour">Hour</string>
    <string name="material_timepicker_minute">Minute</string>
    <string name="material_timepicker_pm">PM</string>
    <string name="material_timepicker_select_time">Select time</string>
    <string name="material_timepicker_text_input_mode_description">Switch to text input mode for the time input.</string>
    <string name="mtrl_badge_numberless_content_description">New notification</string>
    <string name="mtrl_chip_close_icon_content_description">Remove %1$s</string>
    <string name="mtrl_exceed_max_badge_number_content_description">More than %1$d new notifications</string>
    <string name="mtrl_picker_a11y_next_month">Change to next month</string>
    <string name="mtrl_picker_a11y_prev_month">Change to previous month</string>
    <string name="mtrl_picker_announce_current_selection">Current selection: %1$s</string>
    <string name="mtrl_picker_cancel">Cancel</string>
    <string name="mtrl_picker_confirm">OK</string>
    <string name="mtrl_picker_date_header_selected">%1$s</string>
    <string name="mtrl_picker_date_header_title">Select date</string>
    <string name="mtrl_picker_date_header_unselected">Selected date</string>
    <string name="mtrl_picker_day_of_week_column_header">Column of days: %1$s</string>
    <string name="mtrl_picker_invalid_format">Invalid format.</string>
    <string name="mtrl_picker_invalid_format_example">Example: %1$s</string>
    <string name="mtrl_picker_invalid_format_use">Use: %1$s</string>
    <string name="mtrl_picker_invalid_range">Invalid range.</string>
    <string name="mtrl_picker_navigate_to_year_description">Navigate to year %1$s</string>
    <string name="mtrl_picker_out_of_range">Out of range: %1$s</string>
    <string name="mtrl_picker_range_header_only_end_selected">Start date – %1$s</string>
    <string name="mtrl_picker_range_header_only_start_selected">%1$s – End date</string>
    <string name="mtrl_picker_range_header_selected">%1$s – %2$s</string>
    <string name="mtrl_picker_range_header_title">Select range</string>
    <string name="mtrl_picker_range_header_unselected">Start date – End date</string>
    <string name="mtrl_picker_save">Save</string>
    <string name="mtrl_picker_text_input_date_hint">Date</string>
    <string name="mtrl_picker_text_input_date_range_end_hint">End date</string>
    <string name="mtrl_picker_text_input_date_range_start_hint">Start date</string>
    <string name="mtrl_picker_text_input_day_abbr">d</string>
    <string name="mtrl_picker_text_input_month_abbr">m</string>
    <string name="mtrl_picker_text_input_year_abbr">y</string>
    <string name="mtrl_picker_toggle_to_calendar_input_mode">Switch to calendar input mode</string>
    <string name="mtrl_picker_toggle_to_day_selection">Tap to switch to selecting a day</string>
    <string name="mtrl_picker_toggle_to_text_input_mode">Switch to text input mode</string>
    <string name="mtrl_picker_toggle_to_year_selection">Tap to switch to selecting a year</string>
    <string name="mtrl_timepicker_cancel">Cancel</string>
    <string name="mtrl_timepicker_confirm">OK</string>
    <string name="not_set">Not set</string>
    <string name="password_toggle_content_description">Show password</string>
    <string name="preference_copied">'%1$s' copied to clipboard.</string>
    <string name="search_menu_title">Search</string>
    <string name="status_bar_notification_info_overflow">999+</string>
    <string name="summary_collapsed_preference_list">%1$s, %2$s</string>
    <string name="v7_preference_off">OFF</string>
    <string name="v7_preference_on">ON</string>
</resources>