<?xml version='1.0' encoding='utf-8' ?>
<resources>
    <string name="abc_action_bar_home_description">গৃহ পৃষ্ঠালৈ যাওক</string>
    <string name="abc_action_bar_up_description">ওপৰলৈ যাওক</string>
    <string name="abc_action_menu_overflow_description">অধিক বিকল্প</string>
    <string name="abc_action_mode_done">সম্পন্ন হ’ল</string>
    <string name="abc_activity_chooser_view_see_all">আটাইবোৰ চাওক</string>
    <string name="abc_activitychooserview_choose_application">কোনো এপ্ বাছনি কৰক</string>
    <string name="abc_capital_off">অফ</string>
    <string name="abc_capital_on">অন</string>
    <string name="abc_menu_alt_shortcut_label">Alt+</string>
    <string name="abc_menu_ctrl_shortcut_label">Ctrl+</string>
    <string name="abc_menu_delete_shortcut_label">delete</string>
    <string name="abc_menu_enter_shortcut_label">enter</string>
    <string name="abc_menu_function_shortcut_label">Function+</string>
    <string name="abc_menu_meta_shortcut_label">Meta+</string>
    <string name="abc_menu_shift_shortcut_label">Shift+</string>
    <string name="abc_menu_space_shortcut_label">space</string>
    <string name="abc_menu_sym_shortcut_label">Sym+</string>
    <string name="abc_prepend_shortcut_label">Menu+</string>
    <string name="abc_search_hint">সন্ধান কৰক…</string>
    <string name="abc_searchview_description_clear">সন্ধান কৰা প্ৰশ্ন মচক</string>
    <string name="abc_searchview_description_query">সন্ধান কৰা প্ৰশ্ন</string>
    <string name="abc_searchview_description_search">সন্ধান কৰক</string>
    <string name="abc_searchview_description_submit">প্ৰশ্ন দাখিল কৰক</string>
    <string name="abc_searchview_description_voice">কণ্ঠধ্বনিৰ দ্বাৰা সন্ধান</string>
    <string name="abc_shareactionprovider_share_with">ইয়াৰ জৰিয়তে শ্বেয়াৰ কৰক</string>
    <string name="abc_shareactionprovider_share_with_application">%sৰ জৰিয়তে শ্বেয়াৰ কৰক</string>
    <string name="abc_toolbar_collapse_description">সংকোচন কৰক</string>
    <string name="bottomsheet_action_collapse">Collapse the bottom sheet</string>
    <string name="bottomsheet_action_expand">Expand the bottom sheet</string>
    <string name="bottomsheet_action_expand_halfway">Expand halfway</string>
    <string name="bottomsheet_drag_handle_clicked">Drag handle double-tapped</string>
    <string name="bottomsheet_drag_handle_content_description">Drag handle</string>
    <string name="call_notification_answer_action">উত্তৰ দিয়ক</string>
    <string name="call_notification_answer_video_action">ভিডিঅ’</string>
    <string name="call_notification_decline_action">প্ৰত্যাখ্যান কৰক</string>
    <string name="call_notification_hang_up_action">কল কাটি দিয়ক</string>
    <string name="call_notification_incoming_text">অন্তৰ্গামী কল</string>
    <string name="call_notification_ongoing_text">চলি থকা কল</string>
    <string name="call_notification_screening_text">এটা অন্তৰ্গামী কলৰ পৰীক্ষা কৰি থকা হৈছে</string>
    <string name="character_counter_content_description">%2$dটাৰ ভিতৰত %1$dটা বৰ্ণ লিখা হৈছে</string>
    <string name="character_counter_overflowed_content_description">%2$dটাৰ ভিতৰত %1$dটা বৰ্ণৰ সীমা অতিক্ৰম কৰিছে</string>
    <string name="clear_text_end_icon_content_description">Clear text</string>
    <string name="copy">প্ৰতিলিপি কৰক</string>
    <string name="error_icon_content_description">Error</string>
    <string name="expand_button_title">উন্নত</string>
    <string name="exposed_dropdown_menu_content_description">Show dropdown menu</string>
    <string name="icon_content_description">Dialog Icon</string>
    <string name="item_view_role_description">Tab</string>
    <string name="material_clock_toggle_content_description">Select AM or PM</string>
    <string name="material_hour_24h_suffix">%1$s hours</string>
    <string name="material_hour_selection">Select hour</string>
    <string name="material_hour_suffix">%1$s o'clock</string>
    <string name="material_minute_selection">মিনিট বাছনি কৰক</string>
    <string name="material_minute_suffix">%1$s minutes</string>
    <string name="material_timepicker_am">AM</string>
    <string name="material_timepicker_clock_mode_description">সময়ৰ ইনপুটৰ বাবে ঘড়ী ম'ডলৈ যাওক।</string>
    <string name="material_timepicker_hour">Hour</string>
    <string name="material_timepicker_minute">Minute</string>
    <string name="material_timepicker_pm">PM</string>
    <string name="material_timepicker_select_time">Select time</string>
    <string name="material_timepicker_text_input_mode_description">সময়ৰ ইনপুটৰ বাবে পাঠৰ ইনপুট ম'ডলৈ যাওক।</string>
    <string name="mtrl_badge_numberless_content_description">New notification</string>
    <string name="mtrl_chip_close_icon_content_description">%1$sক আঁতৰাওক</string>
    <string name="mtrl_exceed_max_badge_number_content_description">More than %1$d new notifications</string>
    <string name="mtrl_picker_a11y_next_month">Change to next month</string>
    <string name="mtrl_picker_a11y_prev_month">Change to previous month</string>
    <string name="mtrl_picker_announce_current_selection">Current selection: %1$s</string>
    <string name="mtrl_picker_cancel">Cancel</string>
    <string name="mtrl_picker_confirm">OK</string>
    <string name="mtrl_picker_date_header_selected">%1$s</string>
    <string name="mtrl_picker_date_header_title">Select Date</string>
    <string name="mtrl_picker_date_header_unselected">Selected date</string>
    <string name="mtrl_picker_day_of_week_column_header">Column of days: %1$s</string>
    <string name="mtrl_picker_invalid_format">Invalid format.</string>
    <string name="mtrl_picker_invalid_format_example">Example: %1$s</string>
    <string name="mtrl_picker_invalid_format_use">Use: %1$s</string>
    <string name="mtrl_picker_invalid_range">Invalid range.</string>
    <string name="mtrl_picker_navigate_to_year_description">Navigate to year %1$s</string>
    <string name="mtrl_picker_out_of_range">Out of range: %1$s</string>
    <string name="mtrl_picker_range_header_only_end_selected">Start date – %1$s</string>
    <string name="mtrl_picker_range_header_only_start_selected">%1$s – End date</string>
    <string name="mtrl_picker_range_header_selected">%1$s – %2$s</string>
    <string name="mtrl_picker_range_header_title">Select Range</string>
    <string name="mtrl_picker_range_header_unselected">Start date – End date</string>
    <string name="mtrl_picker_save">Save</string>
    <string name="mtrl_picker_text_input_date_hint">Date</string>
    <string name="mtrl_picker_text_input_date_range_end_hint">End date</string>
    <string name="mtrl_picker_text_input_date_range_start_hint">Start date</string>
    <string name="mtrl_picker_text_input_day_abbr">d</string>
    <string name="mtrl_picker_text_input_month_abbr">m</string>
    <string name="mtrl_picker_text_input_year_abbr">y</string>
    <string name="mtrl_picker_toggle_to_calendar_input_mode">Switch to calendar input mode</string>
    <string name="mtrl_picker_toggle_to_day_selection">Tap to switch to selecting a day</string>
    <string name="mtrl_picker_toggle_to_text_input_mode">Switch to text input mode</string>
    <string name="mtrl_picker_toggle_to_year_selection">Tap to switch to selecting a year</string>
    <string name="mtrl_timepicker_cancel">Cancel</string>
    <string name="mtrl_timepicker_confirm">OK</string>
    <string name="not_set">ছেট কৰা হোৱা নাই</string>
    <string name="password_toggle_content_description">পাছৱৰ্ড দেখুৱাওক</string>
    <string name="preference_copied">"%1$s" ক্লিপব’ৰ্ডত প্ৰতিলিপি কৰা হ’ল</string>
    <string name="search_menu_title">সন্ধান</string>
    <string name="status_bar_notification_info_overflow">৯৯৯+</string>
    <string name="summary_collapsed_preference_list">%1$s, %2$s</string>
    <string name="v7_preference_off">অফ অৱস্থাত আছে</string>
    <string name="v7_preference_on">অন কৰক</string>
</resources>