<?xml version='1.0' encoding='utf-8' ?>
<resources>
    <string name="abc_action_bar_home_description">হোমে নেভিগেট করুন</string>
    <string name="abc_action_bar_up_description">উপরে নেভিগেট করুন</string>
    <string name="abc_action_menu_overflow_description">আরও বিকল্প</string>
    <string name="abc_action_mode_done">হয়ে গেছে</string>
    <string name="abc_activity_chooser_view_see_all">সবগুলি দেখুন</string>
    <string name="abc_activitychooserview_choose_application">একটি অ্যাপ বেছে নিন</string>
    <string name="abc_capital_off">বন্ধ আছে</string>
    <string name="abc_capital_on">চালু করুন</string>
    <string name="abc_menu_alt_shortcut_label">Alt+</string>
    <string name="abc_menu_ctrl_shortcut_label">Ctrl+</string>
    <string name="abc_menu_delete_shortcut_label">মুছুন</string>
    <string name="abc_menu_enter_shortcut_label">enter</string>
    <string name="abc_menu_function_shortcut_label">Function+</string>
    <string name="abc_menu_meta_shortcut_label">Meta+</string>
    <string name="abc_menu_shift_shortcut_label">Shift+</string>
    <string name="abc_menu_space_shortcut_label">space</string>
    <string name="abc_menu_sym_shortcut_label">Sym+</string>
    <string name="abc_prepend_shortcut_label">Menu+</string>
    <string name="abc_search_hint">সার্চ করুন…</string>
    <string name="abc_searchview_description_clear">কোয়েরি মুছে ফেলুন</string>
    <string name="abc_searchview_description_query">সার্চ কোয়েরি</string>
    <string name="abc_searchview_description_search">সার্চ করুন</string>
    <string name="abc_searchview_description_submit">কোয়েরি জমা দিন</string>
    <string name="abc_searchview_description_voice">ভয়েস সার্চ করুন</string>
    <string name="abc_shareactionprovider_share_with">শেয়ার করুন</string>
    <string name="abc_shareactionprovider_share_with_application">%s-এর সাথে শেয়ার করুন</string>
    <string name="abc_toolbar_collapse_description">সঙ্কুচিত করুন</string>
    <string name="bottomsheet_action_collapse">স্ক্রিনের নিচে অ্যাটাচ করা শিট আড়াল করুন</string>
    <string name="bottomsheet_action_expand">স্ক্রিনের নিচে অ্যাটাচ করা শিট বড় করুন</string>
    <string name="bottomsheet_action_expand_halfway">অর্ধেক প্রসারিত করুন</string>
    <string name="bottomsheet_drag_handle_clicked">টেনে আনার হ্যান্ডেলে ডবল ট্যাপ করা হয়েছে</string>
    <string name="bottomsheet_drag_handle_content_description">টেনে আনার হ্যান্ডেল</string>
    <string name="call_notification_answer_action">উত্তর দিন</string>
    <string name="call_notification_answer_video_action">ভিডিও</string>
    <string name="call_notification_decline_action">বাতিল করুন</string>
    <string name="call_notification_hang_up_action">কল কেটে দিন</string>
    <string name="call_notification_incoming_text">ইনকামিং কল</string>
    <string name="call_notification_ongoing_text">চালু থাকা কল</string>
    <string name="call_notification_screening_text">ইনকামিং কল স্ক্রিনিং করা হচ্ছে</string>
    <string name="character_counter_content_description">%2$dটির মধ্যে %1$dটি অক্ষর লেখা হয়েছে</string>
    <string name="character_counter_overflowed_content_description">অক্ষরের সীমা %1$d এর %2$d অতিক্রম করেছে</string>
    <string name="clear_text_end_icon_content_description">টেক্সট মুছুন</string>
    <string name="copy">কপি করুন</string>
    <string name="error_icon_content_description">সমস্যা</string>
    <string name="expand_button_title">উন্নত</string>
    <string name="exposed_dropdown_menu_content_description">ড্রপ-ডাউন মেনু দেখুন</string>
    <string name="icon_content_description">ডায়ালগ আইকন</string>
    <string name="item_view_role_description">ট্যাব</string>
    <string name="material_clock_toggle_content_description">AM অথবা PM বেছে নিন</string>
    <string name="material_hour_24h_suffix">%1$s ঘণ্টা</string>
    <string name="material_hour_selection">ঘণ্টা বেছে নিন</string>
    <string name="material_hour_suffix">%1$sটা বাজে</string>
    <string name="material_minute_selection">মিনিট বেছে নিন</string>
    <string name="material_minute_suffix">%1$s মিনিট</string>
    <string name="material_timepicker_am">AM</string>
    <string name="material_timepicker_clock_mode_description">সময় ইনপুট দেওয়ার জন্য ঘড়ি মোডে যান।</string>
    <string name="material_timepicker_hour">ঘণ্টা</string>
    <string name="material_timepicker_minute">মিনিট</string>
    <string name="material_timepicker_pm">PM</string>
    <string name="material_timepicker_select_time">সময় বেছে নিন</string>
    <string name="material_timepicker_text_input_mode_description">সময় ইনপুট দেওয়ার জন্য পাঠ্য ইনপুট মোডে যান।</string>
    <string name="mtrl_badge_numberless_content_description">নতুন বিজ্ঞপ্তি</string>
    <string name="mtrl_chip_close_icon_content_description">%1$s সরিয়ে দিন</string>
    <string name="mtrl_exceed_max_badge_number_content_description">%1$dটির বেশি নতুন বিজ্ঞপ্তি</string>
    <string name="mtrl_picker_a11y_next_month">আগামী মাসে যান</string>
    <string name="mtrl_picker_a11y_prev_month">আগের মাসে যান</string>
    <string name="mtrl_picker_announce_current_selection">বর্তমান বাছাই: %1$s</string>
    <string name="mtrl_picker_cancel">বাতিল করুন</string>
    <string name="mtrl_picker_confirm">ঠিক আছে</string>
    <string name="mtrl_picker_date_header_selected">%1$s</string>
    <string name="mtrl_picker_date_header_title">তারিখ বেছে নিন</string>
    <string name="mtrl_picker_date_header_unselected">বেছে নেওয়া তারিখ</string>
    <string name="mtrl_picker_day_of_week_column_header">সপ্তাহের দিনগুলির কলাম: %1$s</string>
    <string name="mtrl_picker_invalid_format">ভুল ফর্ম্যাট।</string>
    <string name="mtrl_picker_invalid_format_example">উদাহরণ: %1$s</string>
    <string name="mtrl_picker_invalid_format_use">%1$s ফর্ম্যাটে লিখুন</string>
    <string name="mtrl_picker_invalid_range">তারিখ সঠিক নয়।</string>
    <string name="mtrl_picker_navigate_to_year_description">নেভিগেট করে %1$s সালে যান</string>
    <string name="mtrl_picker_out_of_range">নির্দিষ্ট তারিখের বাইরে: %1$s</string>
    <string name="mtrl_picker_range_header_only_end_selected">শুরুর তারিখ – %1$s</string>
    <string name="mtrl_picker_range_header_only_start_selected">%1$s – সমাপ্তির তারিখ</string>
    <string name="mtrl_picker_range_header_selected">%1$s – %2$s</string>
    <string name="mtrl_picker_range_header_title">রেঞ্জ বেছে নিন</string>
    <string name="mtrl_picker_range_header_unselected">শুরুর তারিখ - সমাপ্তির তারিখ</string>
    <string name="mtrl_picker_save">সেভ করুন</string>
    <string name="mtrl_picker_text_input_date_hint">তারিখ</string>
    <string name="mtrl_picker_text_input_date_range_end_hint">সমাপ্তির তারিখ</string>
    <string name="mtrl_picker_text_input_date_range_start_hint">শুরুর তারিখ</string>
    <string name="mtrl_picker_text_input_day_abbr">d</string>
    <string name="mtrl_picker_text_input_month_abbr">m</string>
    <string name="mtrl_picker_text_input_year_abbr">y</string>
    <string name="mtrl_picker_toggle_to_calendar_input_mode">ক্যালেন্ডার ইনপুট মোডে বদল করুন</string>
    <string name="mtrl_picker_toggle_to_day_selection">দিন বেছে নেওয়ার মোডে বদল করতে ট্যাপ করুন</string>
    <string name="mtrl_picker_toggle_to_text_input_mode">টেক্সট ইনপুট মোডে বদল করুন</string>
    <string name="mtrl_picker_toggle_to_year_selection">বছর বেছে নেওয়ার মোডে বদল করতে ট্যাপ করুন</string>
    <string name="mtrl_timepicker_cancel">বাতিল করুন</string>
    <string name="mtrl_timepicker_confirm">ঠিক আছে</string>
    <string name="not_set">সেট করা হয়নি</string>
    <string name="password_toggle_content_description">পাসওয়ার্ড দেখান</string>
    <string name="preference_copied">"%1$s" ক্লিপবোর্ডে লিঙ্কটি কপি করা হয়েছে।</string>
    <string name="search_menu_title">সার্চ করুন</string>
    <string name="status_bar_notification_info_overflow">৯৯৯+</string>
    <string name="summary_collapsed_preference_list">%1$s, %2$s</string>
    <string name="v7_preference_off">বন্ধ</string>
    <string name="v7_preference_on">চালু</string>
</resources>