<?xml version='1.0' encoding='utf-8' ?>
<resources>
    <string name="abc_action_bar_home_description">Navegar para a página inicial</string>
    <string name="abc_action_bar_up_description">Navegar para cima</string>
    <string name="abc_action_menu_overflow_description">Mais opções</string>
    <string name="abc_action_mode_done">Concluído</string>
    <string name="abc_activity_chooser_view_see_all">Ver tudo</string>
    <string name="abc_activitychooserview_choose_application">Selecionar um app</string>
    <string name="abc_capital_off">DESATIVADO</string>
    <string name="abc_capital_on">ATIVADO</string>
    <string name="abc_menu_alt_shortcut_label">Alt+</string>
    <string name="abc_menu_ctrl_shortcut_label">Ctrl+</string>
    <string name="abc_menu_delete_shortcut_label">delete</string>
    <string name="abc_menu_enter_shortcut_label">enter</string>
    <string name="abc_menu_function_shortcut_label">Function+</string>
    <string name="abc_menu_meta_shortcut_label">Meta+</string>
    <string name="abc_menu_shift_shortcut_label">Shift+</string>
    <string name="abc_menu_space_shortcut_label">espaço</string>
    <string name="abc_menu_sym_shortcut_label">Sym+</string>
    <string name="abc_prepend_shortcut_label">Menu+</string>
    <string name="abc_search_hint">Pesquisar…</string>
    <string name="abc_searchview_description_clear">Limpar consulta</string>
    <string name="abc_searchview_description_query">Consulta de pesquisa</string>
    <string name="abc_searchview_description_search">Pesquisar</string>
    <string name="abc_searchview_description_submit">Enviar consulta</string>
    <string name="abc_searchview_description_voice">Pesquisa por voz</string>
    <string name="abc_shareactionprovider_share_with">Compartilhar com</string>
    <string name="abc_shareactionprovider_share_with_application">Compartilhar com %s</string>
    <string name="abc_toolbar_collapse_description">Recolher</string>
    <string name="call_notification_answer_action">Atender</string>
    <string name="call_notification_answer_video_action">Vídeo</string>
    <string name="call_notification_decline_action">Recusar</string>
    <string name="call_notification_hang_up_action">Desligar</string>
    <string name="call_notification_incoming_text">Chamada recebida</string>
    <string name="call_notification_ongoing_text">Chamada em andamento</string>
    <string name="call_notification_screening_text">Filtrando uma ligação recebida</string>
    <string name="copy">Copiar</string>
    <string name="expand_button_title">Avançado</string>
    <string name="not_set">Não definido</string>
    <string name="preference_copied">"%1$s" copiado para a área de transferência.</string>
    <string name="search_menu_title">Pesquisar</string>
    <string name="status_bar_notification_info_overflow">999+</string>
    <string name="summary_collapsed_preference_list">%1$s, %2$s</string>
    <string name="v7_preference_off">DESATIVADO</string>
    <string name="v7_preference_on">ATIVADO</string>
</resources>