<?xml version='1.0' encoding='utf-8' ?>
<resources>
    <string name="abc_action_bar_home_description">瀏覽首頁</string>
    <string name="abc_action_bar_up_description">向上瀏覽</string>
    <string name="abc_action_menu_overflow_description">更多選項</string>
    <string name="abc_action_mode_done">完成</string>
    <string name="abc_activity_chooser_view_see_all">查看全部</string>
    <string name="abc_activitychooserview_choose_application">選擇應用程式</string>
    <string name="abc_capital_off">關閉</string>
    <string name="abc_capital_on">開啟</string>
    <string name="abc_menu_alt_shortcut_label">Alt +</string>
    <string name="abc_menu_ctrl_shortcut_label">Ctrl +</string>
    <string name="abc_menu_delete_shortcut_label">Delete 鍵</string>
    <string name="abc_menu_enter_shortcut_label">Enter 鍵</string>
    <string name="abc_menu_function_shortcut_label">Fn +</string>
    <string name="abc_menu_meta_shortcut_label">Meta +</string>
    <string name="abc_menu_shift_shortcut_label">Shift +</string>
    <string name="abc_menu_space_shortcut_label">空格鍵</string>
    <string name="abc_menu_sym_shortcut_label">Sym +</string>
    <string name="abc_prepend_shortcut_label">Menu +</string>
    <string name="abc_search_hint">搜尋…</string>
    <string name="abc_searchview_description_clear">清除查詢</string>
    <string name="abc_searchview_description_query">搜尋查詢</string>
    <string name="abc_searchview_description_search">搜尋</string>
    <string name="abc_searchview_description_submit">提交查詢</string>
    <string name="abc_searchview_description_voice">語音搜尋</string>
    <string name="abc_shareactionprovider_share_with">分享對象</string>
    <string name="abc_shareactionprovider_share_with_application">與「%s」分享</string>
    <string name="abc_toolbar_collapse_description">收合</string>
    <string name="bottomsheet_action_collapse">收合底部功能表</string>
    <string name="bottomsheet_action_expand">展開底部功能表</string>
    <string name="bottomsheet_action_expand_halfway">展開一半</string>
    <string name="bottomsheet_drag_handle_clicked">已輕觸兩下拖曳控點</string>
    <string name="bottomsheet_drag_handle_content_description">拖曳控點</string>
    <string name="call_notification_answer_action">接聽</string>
    <string name="call_notification_answer_video_action">視訊</string>
    <string name="call_notification_decline_action">拒接</string>
    <string name="call_notification_hang_up_action">掛斷</string>
    <string name="call_notification_incoming_text">來電</string>
    <string name="call_notification_ongoing_text">通話中</string>
    <string name="call_notification_screening_text">正在過濾來電</string>
    <string name="character_counter_content_description">已輸入 %1$d 個字元 (上限為 %2$d 個字元)</string>
    <string name="character_counter_overflowed_content_description">超過字元限制 (共 %1$d 字元，上限 %2$d 字元)</string>
    <string name="clear_text_end_icon_content_description">清除文字</string>
    <string name="copy">複製</string>
    <string name="error_icon_content_description">錯誤</string>
    <string name="expand_button_title">進階</string>
    <string name="exposed_dropdown_menu_content_description">顯示下拉式選單</string>
    <string name="icon_content_description">對話方塊圖示</string>
    <string name="item_view_role_description">分頁標籤</string>
    <string name="material_clock_toggle_content_description">選取上午或下午</string>
    <string name="material_hour_24h_suffix">%1$s 小時</string>
    <string name="material_hour_selection">請選取時段</string>
    <string name="material_hour_suffix">%1$s 點</string>
    <string name="material_minute_selection">選取分鐘數</string>
    <string name="material_minute_suffix">%1$s 分</string>
    <string name="material_timepicker_am">AM</string>
    <string name="material_timepicker_clock_mode_description">切換至時鐘模式來輸入時間。</string>
    <string name="material_timepicker_hour">小時</string>
    <string name="material_timepicker_minute">分鐘</string>
    <string name="material_timepicker_pm">PM</string>
    <string name="material_timepicker_select_time">選取時間</string>
    <string name="material_timepicker_text_input_mode_description">切換至文字輸入模式來輸入時間。</string>
    <string name="mtrl_badge_numberless_content_description">新通知</string>
    <string name="mtrl_chip_close_icon_content_description">移除 %1$s</string>
    <string name="mtrl_exceed_max_badge_number_content_description">超過 %1$d 則新通知</string>
    <string name="mtrl_picker_a11y_next_month">變更至下個月</string>
    <string name="mtrl_picker_a11y_prev_month">變更至上個月</string>
    <string name="mtrl_picker_announce_current_selection">目前選取：%1$s</string>
    <string name="mtrl_picker_cancel">取消</string>
    <string name="mtrl_picker_confirm">確定</string>
    <string name="mtrl_picker_date_header_selected">%1$s</string>
    <string name="mtrl_picker_date_header_title">選取日期</string>
    <string name="mtrl_picker_date_header_unselected">所選日期</string>
    <string name="mtrl_picker_day_of_week_column_header">星期幾資料欄：%1$s</string>
    <string name="mtrl_picker_invalid_format">格式無效。</string>
    <string name="mtrl_picker_invalid_format_example">範例：%1$s</string>
    <string name="mtrl_picker_invalid_format_use">使用：%1$s</string>
    <string name="mtrl_picker_invalid_range">日期範圍無效。</string>
    <string name="mtrl_picker_navigate_to_year_description">前往 %1$s 年</string>
    <string name="mtrl_picker_out_of_range">超出日期範圍：%1$s</string>
    <string name="mtrl_picker_range_header_only_end_selected">開始日期 – %1$s</string>
    <string name="mtrl_picker_range_header_only_start_selected">%1$s – 結束日期</string>
    <string name="mtrl_picker_range_header_selected">%1$s – %2$s</string>
    <string name="mtrl_picker_range_header_title">選取範圍</string>
    <string name="mtrl_picker_range_header_unselected">開始日期 - 結束日期</string>
    <string name="mtrl_picker_save">儲存</string>
    <string name="mtrl_picker_text_input_date_hint">日期</string>
    <string name="mtrl_picker_text_input_date_range_end_hint">結束日期</string>
    <string name="mtrl_picker_text_input_date_range_start_hint">開始日期</string>
    <string name="mtrl_picker_text_input_day_abbr">d</string>
    <string name="mtrl_picker_text_input_month_abbr">m</string>
    <string name="mtrl_picker_text_input_year_abbr">y</string>
    <string name="mtrl_picker_toggle_to_calendar_input_mode">切換至日曆輸入模式</string>
    <string name="mtrl_picker_toggle_to_day_selection">輕觸即可切換為選取星期幾</string>
    <string name="mtrl_picker_toggle_to_text_input_mode">切換至文字輸入模式</string>
    <string name="mtrl_picker_toggle_to_year_selection">輕觸即可切換為選取年份</string>
    <string name="mtrl_timepicker_cancel">取消</string>
    <string name="mtrl_timepicker_confirm">確定</string>
    <string name="not_set">未設定</string>
    <string name="password_toggle_content_description">顯示密碼</string>
    <string name="preference_copied">已將「%1$s」複製到剪貼簿。</string>
    <string name="search_menu_title">搜尋</string>
    <string name="status_bar_notification_info_overflow">999+</string>
    <string name="summary_collapsed_preference_list">%1$s、%2$s</string>
    <string name="v7_preference_off">關閉</string>
    <string name="v7_preference_on">開啟</string>
</resources>