<?xml version='1.0' encoding='utf-8' ?>
<resources>
    <string name="abc_action_bar_home_description">Joan orri nagusira</string>
    <string name="abc_action_bar_up_description">Joan gora</string>
    <string name="abc_action_menu_overflow_description">Aukera gehiago</string>
    <string name="abc_action_mode_done">Eginda</string>
    <string name="abc_activity_chooser_view_see_all">Ikusi guztiak</string>
    <string name="abc_activitychooserview_choose_application">Aukeratu aplikazio bat</string>
    <string name="abc_capital_off">DESAKTIBATU</string>
    <string name="abc_capital_on">AKTIBATU</string>
    <string name="abc_menu_alt_shortcut_label">Alt +</string>
    <string name="abc_menu_ctrl_shortcut_label">Ktrl +</string>
    <string name="abc_menu_delete_shortcut_label">ezabatu</string>
    <string name="abc_menu_enter_shortcut_label">sartu</string>
    <string name="abc_menu_function_shortcut_label">Funtzioa +</string>
    <string name="abc_menu_meta_shortcut_label">Meta +</string>
    <string name="abc_menu_shift_shortcut_label">Maius +</string>
    <string name="abc_menu_space_shortcut_label">zuriunea</string>
    <string name="abc_menu_sym_shortcut_label">Sym +</string>
    <string name="abc_prepend_shortcut_label">Menua +</string>
    <string name="abc_search_hint">Bilatu…</string>
    <string name="abc_searchview_description_clear">Garbitu kontsulta</string>
    <string name="abc_searchview_description_query">Bilaketa-kontsulta</string>
    <string name="abc_searchview_description_search">Bilatu</string>
    <string name="abc_searchview_description_submit">Bidali kontsulta</string>
    <string name="abc_searchview_description_voice">Ahozko bilaketa</string>
    <string name="abc_shareactionprovider_share_with">Partekatu honekin</string>
    <string name="abc_shareactionprovider_share_with_application">Partekatu %s aplikazioarekin</string>
    <string name="abc_toolbar_collapse_description">Tolestu</string>
    <string name="bottomsheet_action_collapse">Tolestu pantailaren behealdean ainguratutako orria</string>
    <string name="bottomsheet_action_expand">Zabaldu pantailaren behealdean ainguratutako orria</string>
    <string name="bottomsheet_action_expand_halfway">Zabaldu erdiraino</string>
    <string name="bottomsheet_drag_handle_clicked">Birritan sakatu da arrastatzeko kontrol-puntua</string>
    <string name="bottomsheet_drag_handle_content_description">Arrastatzeko kontrol-puntua</string>
    <string name="call_notification_answer_action">Erantzun</string>
    <string name="call_notification_answer_video_action">Bideoa</string>
    <string name="call_notification_decline_action">Baztertu</string>
    <string name="call_notification_hang_up_action">Amaitu deia</string>
    <string name="call_notification_incoming_text">Jasotako deia</string>
    <string name="call_notification_ongoing_text">Deia abian da</string>
    <string name="call_notification_screening_text">Jasotako dei bat bistaratzen</string>
    <string name="character_counter_content_description">%1$d/%2$d karaktere idatzi dira</string>
    <string name="character_counter_overflowed_content_description">Karaktere-muga gainditu da: %1$d/%2$d</string>
    <string name="clear_text_end_icon_content_description">Garbitu testua</string>
    <string name="copy">Kopiatu</string>
    <string name="error_icon_content_description">Errorea</string>
    <string name="expand_button_title">Hobespen aurreratuak</string>
    <string name="exposed_dropdown_menu_content_description">Erakutsi goitibeherako menua</string>
    <string name="icon_content_description">Leihoko ikonoa</string>
    <string name="item_view_role_description">Fitxa</string>
    <string name="material_clock_toggle_content_description">Hautatu AM edo PM</string>
    <string name="material_hour_24h_suffix">%1$s ordu</string>
    <string name="material_hour_selection">Hautatu ordua</string>
    <string name="material_hour_suffix">%1$s(r)ak dira</string>
    <string name="material_minute_selection">Hautatu minutuak</string>
    <string name="material_minute_suffix">%1$s minutu</string>
    <string name="material_timepicker_am">AM</string>
    <string name="material_timepicker_clock_mode_description">Aldatu erloju modura ordua zehazteko.</string>
    <string name="material_timepicker_hour">Ordua</string>
    <string name="material_timepicker_minute">Minutua</string>
    <string name="material_timepicker_pm">PM</string>
    <string name="material_timepicker_select_time">Hautatu ordua</string>
    <string name="material_timepicker_text_input_mode_description">Ordua idazteko, aldatu testua idazteko metodora.</string>
    <string name="mtrl_badge_numberless_content_description">Jakinarazpen berria</string>
    <string name="mtrl_chip_close_icon_content_description">Kendu %1$s</string>
    <string name="mtrl_exceed_max_badge_number_content_description">%1$d jakinarazpen berri baino gehiago</string>
    <string name="mtrl_picker_a11y_next_month">Aldatu hurrengo hilabetera</string>
    <string name="mtrl_picker_a11y_prev_month">Aldatu aurreko hilabetera</string>
    <string name="mtrl_picker_announce_current_selection">Oraingo hautapena: %1$s</string>
    <string name="mtrl_picker_cancel">Utzi</string>
    <string name="mtrl_picker_confirm">Ados</string>
    <string name="mtrl_picker_date_header_selected">%1$s</string>
    <string name="mtrl_picker_date_header_title">Hautatu data</string>
    <string name="mtrl_picker_date_header_unselected">Hautatutako data</string>
    <string name="mtrl_picker_day_of_week_column_header">Egunen zutabea:%1$s</string>
    <string name="mtrl_picker_invalid_format">Formatuak ez du balio.</string>
    <string name="mtrl_picker_invalid_format_example">Adibidea: %1$s</string>
    <string name="mtrl_picker_invalid_format_use">Erabili: %1$s</string>
    <string name="mtrl_picker_invalid_range">Tarteak ez du balio.</string>
    <string name="mtrl_picker_navigate_to_year_description">Joan %1$s. urtera</string>
    <string name="mtrl_picker_out_of_range">Onartutako barrutitik kanpo: %1$s</string>
    <string name="mtrl_picker_range_header_only_end_selected">Hasiera-data – %1$s</string>
    <string name="mtrl_picker_range_header_only_start_selected">%1$s – Amaiera-data</string>
    <string name="mtrl_picker_range_header_selected">%1$s-%2$s</string>
    <string name="mtrl_picker_range_header_title">Hautatu barrutia</string>
    <string name="mtrl_picker_range_header_unselected">Hasiera-data - Amaiera-data</string>
    <string name="mtrl_picker_save">Gorde</string>
    <string name="mtrl_picker_text_input_date_hint">Data</string>
    <string name="mtrl_picker_text_input_date_range_end_hint">Amaiera-data</string>
    <string name="mtrl_picker_text_input_date_range_start_hint">Hasiera-data</string>
    <string name="mtrl_picker_text_input_day_abbr">e</string>
    <string name="mtrl_picker_text_input_month_abbr">h</string>
    <string name="mtrl_picker_text_input_year_abbr">u</string>
    <string name="mtrl_picker_toggle_to_calendar_input_mode">Aldatu egutegiaren idazketa-metodora</string>
    <string name="mtrl_picker_toggle_to_day_selection">Sakatu eguna hautatzeko modura aldatzeko</string>
    <string name="mtrl_picker_toggle_to_text_input_mode">Aldatu testua idazteko modura</string>
    <string name="mtrl_picker_toggle_to_year_selection">Sakatu urtea hautatzeko modura aldatzeko</string>
    <string name="mtrl_timepicker_cancel">Utzi</string>
    <string name="mtrl_timepicker_confirm">Ados</string>
    <string name="not_set">Ez da ezarri</string>
    <string name="password_toggle_content_description">Erakutsi pasahitza</string>
    <string name="preference_copied">Arbelean kopiatu da "%1$s".</string>
    <string name="search_menu_title">Bilatu</string>
    <string name="status_bar_notification_info_overflow">999+</string>
    <string name="summary_collapsed_preference_list">%1$s, %2$s</string>
    <string name="v7_preference_off">DESAKTIBATUTA</string>
    <string name="v7_preference_on">AKTIBATUTA</string>
</resources>