<?xml version='1.0' encoding='utf-8' ?>
<resources>
    <string name="abc_action_bar_home_description">මුල් පිටුවට සංචාලනය කරන්න</string>
    <string name="abc_action_bar_up_description">ඉහළට සංචාලනය කරන්න</string>
    <string name="abc_action_menu_overflow_description">තවත් විකල්ප</string>
    <string name="abc_action_mode_done">කළා</string>
    <string name="abc_activity_chooser_view_see_all">සියල්ල බලන්න</string>
    <string name="abc_activitychooserview_choose_application">යෙදුමක් තෝරන්න</string>
    <string name="abc_capital_off">ක්‍රියාවිරහිතයි</string>
    <string name="abc_capital_on">ක්‍රියාත්මකයි</string>
    <string name="abc_menu_alt_shortcut_label">Alt+</string>
    <string name="abc_menu_ctrl_shortcut_label">Ctrl+</string>
    <string name="abc_menu_delete_shortcut_label">මකන්න</string>
    <string name="abc_menu_enter_shortcut_label">enter</string>
    <string name="abc_menu_function_shortcut_label">Function+</string>
    <string name="abc_menu_meta_shortcut_label">Meta+</string>
    <string name="abc_menu_shift_shortcut_label">Shift+</string>
    <string name="abc_menu_space_shortcut_label">space</string>
    <string name="abc_menu_sym_shortcut_label">Sym+</string>
    <string name="abc_prepend_shortcut_label">Menu+</string>
    <string name="abc_search_hint">සොයන්න...</string>
    <string name="abc_searchview_description_clear">විමසුම හිස් කරන්න</string>
    <string name="abc_searchview_description_query">සෙවුම් විමසුම</string>
    <string name="abc_searchview_description_search">සෙවීම</string>
    <string name="abc_searchview_description_submit">විමසුම යොමු කරන්න</string>
    <string name="abc_searchview_description_voice">හඬ සෙවීම</string>
    <string name="abc_shareactionprovider_share_with">සමග බෙදා ගන්න</string>
    <string name="abc_shareactionprovider_share_with_application">%s සමඟ බෙදා ගන්න</string>
    <string name="abc_toolbar_collapse_description">හකුළන්න</string>
    <string name="bottomsheet_action_collapse">පහළම පත්‍රය හකුළන්න</string>
    <string name="bottomsheet_action_expand">පහළම පත්‍රය දිග හරින්න</string>
    <string name="bottomsheet_action_expand_halfway">අඩක් දිග හරින්න</string>
    <string name="bottomsheet_drag_handle_clicked">ඇදීම් හැඬලය දෙවරක් තට්ටු කර ඇත</string>
    <string name="bottomsheet_drag_handle_content_description">හැඬලය අදින්න</string>
    <string name="call_notification_answer_action">පිළිතුරු දෙ.</string>
    <string name="call_notification_answer_video_action">වීඩියෝ</string>
    <string name="call_notification_decline_action">ප්‍රතික්ෂේප ක</string>
    <string name="call_notification_hang_up_action">විසන්ධි කරන්න</string>
    <string name="call_notification_incoming_text">එන ඇමතුම</string>
    <string name="call_notification_ongoing_text">කරගෙන යන ඇමතුම</string>
    <string name="call_notification_screening_text">එන ඇමතුමක් පරීක්ෂා කරන්න</string>
    <string name="character_counter_content_description">අනුලකුණු %2$dන් %1$dක් ඇතුළු කෙරිණි</string>
    <string name="character_counter_overflowed_content_description">අනුලකුණු සීමාව %2$dකින් %1$d ඉක්ම විය</string>
    <string name="clear_text_end_icon_content_description">පෙළ හිස් කරන්න</string>
    <string name="copy">පිටපත් කරන්න</string>
    <string name="error_icon_content_description">දෝෂය</string>
    <string name="expand_button_title">උසස්</string>
    <string name="exposed_dropdown_menu_content_description">පතන මෙනුව පෙන්වන්න</string>
    <string name="icon_content_description">සංවාද නිරූපකය</string>
    <string name="item_view_role_description">ටැබය</string>
    <string name="material_clock_toggle_content_description">පෙරවරු හෝ පස්වරු තෝරන්න</string>
    <string name="material_hour_24h_suffix">පැය %1$sක්</string>
    <string name="material_hour_selection">පැය තෝරන්න</string>
    <string name="material_hour_suffix">%1$sයි</string>
    <string name="material_minute_selection">මිනිත්තු තෝරන්න</string>
    <string name="material_minute_suffix">මිනිත්තු %1$sයි</string>
    <string name="material_timepicker_am">පෙව</string>
    <string name="material_timepicker_clock_mode_description">වේලා ආදානය සඳහා ඔරලෝසු ප්‍රකාරය වෙත මාරු වෙන්න.</string>
    <string name="material_timepicker_hour">පැය</string>
    <string name="material_timepicker_minute">මිනිත්තු</string>
    <string name="material_timepicker_pm">පව</string>
    <string name="material_timepicker_select_time">වේලාව තෝරන්න</string>
    <string name="material_timepicker_text_input_mode_description">වේලා ආදානය සඳහා ආදාන ප්‍රකාරය වෙත මාරු වෙන්න.</string>
    <string name="mtrl_badge_numberless_content_description">නව දැනුම්දීම</string>
    <string name="mtrl_chip_close_icon_content_description">%1$s ඉවත් කරන්න</string>
    <string name="mtrl_exceed_max_badge_number_content_description">නව දැනුම්දීම් %1$dකට වඩා</string>
    <string name="mtrl_picker_a11y_next_month">ලබන මාසයට වෙනස් කරන්න</string>
    <string name="mtrl_picker_a11y_prev_month">කලින් මාසයට වෙනස් කරන්න</string>
    <string name="mtrl_picker_announce_current_selection">වත්මන් තේරීම: %1$s</string>
    <string name="mtrl_picker_cancel">අවලංගු කරන්න</string>
    <string name="mtrl_picker_confirm">හරි</string>
    <string name="mtrl_picker_date_header_selected">%1$s</string>
    <string name="mtrl_picker_date_header_title">දිනය තෝරන්න</string>
    <string name="mtrl_picker_date_header_unselected">තේරූ දිනය</string>
    <string name="mtrl_picker_day_of_week_column_header">දින තීරුව: %1$s</string>
    <string name="mtrl_picker_invalid_format">අවලංගු ආකෘතියකි.</string>
    <string name="mtrl_picker_invalid_format_example">උදාහරණය: %1$s</string>
    <string name="mtrl_picker_invalid_format_use">භාවිතය: %1$s</string>
    <string name="mtrl_picker_invalid_range">අවලංගු පරාසයකි.</string>
    <string name="mtrl_picker_navigate_to_year_description">%1$s වසරට සංචාලනය කරන්න</string>
    <string name="mtrl_picker_out_of_range">පරාසයෙන් පිටත: %1$s</string>
    <string name="mtrl_picker_range_header_only_end_selected">ආරම්භක දිනය – %1$s</string>
    <string name="mtrl_picker_range_header_only_start_selected">%1$s – නිමා වන දිනය</string>
    <string name="mtrl_picker_range_header_selected">%1$s – %2$s</string>
    <string name="mtrl_picker_range_header_title">පරාසය තෝරන්න</string>
    <string name="mtrl_picker_range_header_unselected">ආරම්භක දිනය – නිමා වන දිනය</string>
    <string name="mtrl_picker_save">සුරකින්න</string>
    <string name="mtrl_picker_text_input_date_hint">දිනය</string>
    <string name="mtrl_picker_text_input_date_range_end_hint">නිමා වන දිනය</string>
    <string name="mtrl_picker_text_input_date_range_start_hint">ආරම්භක දිනය</string>
    <string name="mtrl_picker_text_input_day_abbr">ද</string>
    <string name="mtrl_picker_text_input_month_abbr">ම</string>
    <string name="mtrl_picker_text_input_year_abbr">ව</string>
    <string name="mtrl_picker_toggle_to_calendar_input_mode">දින දර්ශන ආදාන ප්‍රකාරයට මාරු වන්න</string>
    <string name="mtrl_picker_toggle_to_day_selection">දිනයක් තේරීමට මාරු වීමට තට්ටු කරන්න</string>
    <string name="mtrl_picker_toggle_to_text_input_mode">පෙළ ආදාන ප්‍රකාරයට මාරු වන්න</string>
    <string name="mtrl_picker_toggle_to_year_selection">වසරක් තේරීමට මාරු වීමට තට්ටු කරන්න</string>
    <string name="mtrl_timepicker_cancel">අවලංගු කරන්න</string>
    <string name="mtrl_timepicker_confirm">හරි</string>
    <string name="not_set">සකසා නැත</string>
    <string name="password_toggle_content_description">මුරපදය පෙන්වන්න</string>
    <string name="preference_copied">"%1$s" පසුරු පුවරුවට පිටපත් කරන ලදී.</string>
    <string name="search_menu_title">සෙවීම</string>
    <string name="status_bar_notification_info_overflow">999+</string>
    <string name="summary_collapsed_preference_list">%1$s, %2$s</string>
    <string name="v7_preference_off">ක්‍රියාවිරහිතයි</string>
    <string name="v7_preference_on">ක්‍රියාත්මකයි</string>
</resources>