<?xml version='1.0' encoding='utf-8' ?>
<resources>
    <string name="abc_action_bar_home_description">转到首页</string>
    <string name="abc_action_bar_up_description">转到上一层级</string>
    <string name="abc_action_menu_overflow_description">更多选项</string>
    <string name="abc_action_mode_done">完成</string>
    <string name="abc_activity_chooser_view_see_all">查看全部</string>
    <string name="abc_activitychooserview_choose_application">选择应用</string>
    <string name="abc_capital_off">关闭</string>
    <string name="abc_capital_on">开启</string>
    <string name="abc_menu_alt_shortcut_label">Alt+</string>
    <string name="abc_menu_ctrl_shortcut_label">Ctrl+</string>
    <string name="abc_menu_delete_shortcut_label">Delete 键</string>
    <string name="abc_menu_enter_shortcut_label">Enter 键</string>
    <string name="abc_menu_function_shortcut_label">Fn+</string>
    <string name="abc_menu_meta_shortcut_label">Meta+</string>
    <string name="abc_menu_shift_shortcut_label">Shift+</string>
    <string name="abc_menu_space_shortcut_label">空格键</string>
    <string name="abc_menu_sym_shortcut_label">Sym+</string>
    <string name="abc_prepend_shortcut_label">Menu+</string>
    <string name="abc_search_hint">搜索…</string>
    <string name="abc_searchview_description_clear">清除查询</string>
    <string name="abc_searchview_description_query">搜索查询</string>
    <string name="abc_searchview_description_search">搜索</string>
    <string name="abc_searchview_description_submit">提交查询</string>
    <string name="abc_searchview_description_voice">语音搜索</string>
    <string name="abc_shareactionprovider_share_with">分享对象</string>
    <string name="abc_shareactionprovider_share_with_application">与%s分享</string>
    <string name="abc_toolbar_collapse_description">收起</string>
    <string name="bottomsheet_action_collapse">收起底部动作条</string>
    <string name="bottomsheet_action_expand">展开底部动作条</string>
    <string name="bottomsheet_action_expand_halfway">展开到一半高度</string>
    <string name="bottomsheet_drag_handle_clicked">拖动手柄被点按两次</string>
    <string name="bottomsheet_drag_handle_content_description">拖动手柄</string>
    <string name="call_notification_answer_action">接听</string>
    <string name="call_notification_answer_video_action">视频通话</string>
    <string name="call_notification_decline_action">拒接</string>
    <string name="call_notification_hang_up_action">挂断</string>
    <string name="call_notification_incoming_text">来电</string>
    <string name="call_notification_ongoing_text">正在通话</string>
    <string name="call_notification_screening_text">正在过滤来电</string>
    <string name="character_counter_content_description">输入了 %1$d 个字符（上限为 %2$d 个）</string>
    <string name="character_counter_overflowed_content_description">超出字符数限制（共 %1$d 个，上限为 %2$d 个）</string>
    <string name="clear_text_end_icon_content_description">清除文字</string>
    <string name="copy">复制</string>
    <string name="error_icon_content_description">错误</string>
    <string name="expand_button_title">高级</string>
    <string name="exposed_dropdown_menu_content_description">显示下拉菜单</string>
    <string name="icon_content_description">对话框图标</string>
    <string name="item_view_role_description">标签页</string>
    <string name="material_clock_toggle_content_description">选择上午或下午</string>
    <string name="material_hour_24h_suffix">%1$s 小时</string>
    <string name="material_hour_selection">选择小时</string>
    <string name="material_hour_suffix">%1$s 点</string>
    <string name="material_minute_selection">选择分钟</string>
    <string name="material_minute_suffix">%1$s 分</string>
    <string name="material_timepicker_am">上午</string>
    <string name="material_timepicker_clock_mode_description">切换到时钟模式来输入时间。</string>
    <string name="material_timepicker_hour">小时</string>
    <string name="material_timepicker_minute">分钟</string>
    <string name="material_timepicker_pm">下午</string>
    <string name="material_timepicker_select_time">选择时间</string>
    <string name="material_timepicker_text_input_mode_description">切换到文字输入模式来输入时间。</string>
    <string name="mtrl_badge_numberless_content_description">新通知</string>
    <string name="mtrl_chip_close_icon_content_description">移除%1$s</string>
    <string name="mtrl_exceed_max_badge_number_content_description">有 %1$d 条以上的新通知</string>
    <string name="mtrl_picker_a11y_next_month">转到下个月</string>
    <string name="mtrl_picker_a11y_prev_month">转到上个月</string>
    <string name="mtrl_picker_announce_current_selection">当前的选择是：%1$s</string>
    <string name="mtrl_picker_cancel">取消</string>
    <string name="mtrl_picker_confirm">确定</string>
    <string name="mtrl_picker_date_header_selected">%1$s</string>
    <string name="mtrl_picker_date_header_title">请选择日期</string>
    <string name="mtrl_picker_date_header_unselected">选定的日期</string>
    <string name="mtrl_picker_day_of_week_column_header">表示周几的列：%1$s</string>
    <string name="mtrl_picker_invalid_format">格式无效。</string>
    <string name="mtrl_picker_invalid_format_example">示例：%1$s</string>
    <string name="mtrl_picker_invalid_format_use">使用：%1$s</string>
    <string name="mtrl_picker_invalid_range">范围无效。</string>
    <string name="mtrl_picker_navigate_to_year_description">转到 %1$s 年</string>
    <string name="mtrl_picker_out_of_range">不在允许的范围内：%1$s</string>
    <string name="mtrl_picker_range_header_only_end_selected">开始日期 – %1$s</string>
    <string name="mtrl_picker_range_header_only_start_selected">%1$s – 结束日期</string>
    <string name="mtrl_picker_range_header_selected">%1$s - %2$s</string>
    <string name="mtrl_picker_range_header_title">请选择范围</string>
    <string name="mtrl_picker_range_header_unselected">开始日期 - 结束日期</string>
    <string name="mtrl_picker_save">保存</string>
    <string name="mtrl_picker_text_input_date_hint">日期</string>
    <string name="mtrl_picker_text_input_date_range_end_hint">结束日期</string>
    <string name="mtrl_picker_text_input_date_range_start_hint">开始日期</string>
    <string name="mtrl_picker_text_input_day_abbr">d</string>
    <string name="mtrl_picker_text_input_month_abbr">m</string>
    <string name="mtrl_picker_text_input_year_abbr">y</string>
    <string name="mtrl_picker_toggle_to_calendar_input_mode">切换到日历输入模式</string>
    <string name="mtrl_picker_toggle_to_day_selection">点按即可切换到选择某天</string>
    <string name="mtrl_picker_toggle_to_text_input_mode">切换到文本字段输入模式</string>
    <string name="mtrl_picker_toggle_to_year_selection">点按即可切换到选择某年</string>
    <string name="mtrl_timepicker_cancel">取消</string>
    <string name="mtrl_timepicker_confirm">确定</string>
    <string name="not_set">未设置</string>
    <string name="password_toggle_content_description">显示密码</string>
    <string name="preference_copied">已将“%1$s”复制到剪贴板。</string>
    <string name="search_menu_title">搜索</string>
    <string name="status_bar_notification_info_overflow">999+</string>
    <string name="summary_collapsed_preference_list">%1$s、%2$s</string>
    <string name="v7_preference_off">已关闭</string>
    <string name="v7_preference_on">已开启</string>
</resources>