<?xml version='1.0' encoding='utf-8' ?>
<resources>
    <string name="abc_action_bar_home_description">Siirry etusivulle</string>
    <string name="abc_action_bar_up_description">Siirry ylös</string>
    <string name="abc_action_menu_overflow_description">Lisäasetukset</string>
    <string name="abc_action_mode_done">Valmis</string>
    <string name="abc_activity_chooser_view_see_all">Näytä kaikki</string>
    <string name="abc_activitychooserview_choose_application">Valitse sovellus</string>
    <string name="abc_capital_off">POIS PÄÄLTÄ</string>
    <string name="abc_capital_on">PÄÄLLÄ</string>
    <string name="abc_menu_alt_shortcut_label">Alt+</string>
    <string name="abc_menu_ctrl_shortcut_label">Ctrl+</string>
    <string name="abc_menu_delete_shortcut_label">delete</string>
    <string name="abc_menu_enter_shortcut_label">enter</string>
    <string name="abc_menu_function_shortcut_label">Fn+</string>
    <string name="abc_menu_meta_shortcut_label">Meta+</string>
    <string name="abc_menu_shift_shortcut_label">Vaihto+</string>
    <string name="abc_menu_space_shortcut_label">välilyönti</string>
    <string name="abc_menu_sym_shortcut_label">Sym+</string>
    <string name="abc_prepend_shortcut_label">Valikko+</string>
    <string name="abc_search_hint">Haku…</string>
    <string name="abc_searchview_description_clear">Tyhjennä kysely</string>
    <string name="abc_searchview_description_query">Hakukysely</string>
    <string name="abc_searchview_description_search">Haku</string>
    <string name="abc_searchview_description_submit">Lähetä kysely</string>
    <string name="abc_searchview_description_voice">Puhehaku</string>
    <string name="abc_shareactionprovider_share_with">Jaa…</string>
    <string name="abc_shareactionprovider_share_with_application">Jaa: %s</string>
    <string name="abc_toolbar_collapse_description">Tiivistä</string>
    <string name="bottomsheet_action_collapse">Tiivistä alapaneeli</string>
    <string name="bottomsheet_action_expand">Laajenna alapaneeli</string>
    <string name="bottomsheet_action_expand_halfway">Laajenna puoliväliin</string>
    <string name="bottomsheet_drag_handle_clicked">Vetokahvaa kaksoisnapautettu</string>
    <string name="bottomsheet_drag_handle_content_description">Vetokahva</string>
    <string name="call_notification_answer_action">Vastaa</string>
    <string name="call_notification_answer_video_action">Video</string>
    <string name="call_notification_decline_action">Hylkää</string>
    <string name="call_notification_hang_up_action">Lopeta puhelu</string>
    <string name="call_notification_incoming_text">Saapuva puhelu</string>
    <string name="call_notification_ongoing_text">Käynnissä oleva puhelu</string>
    <string name="call_notification_screening_text">Seulotaan saapuvaa puhelua</string>
    <string name="character_counter_content_description">%1$d/%2$d merkkiä kirjoitettu</string>
    <string name="character_counter_overflowed_content_description">Merkkiraja ylitetty: %1$d/%2$d</string>
    <string name="clear_text_end_icon_content_description">Tyhjennä teksti</string>
    <string name="copy">Kopioi</string>
    <string name="error_icon_content_description">Virhe</string>
    <string name="expand_button_title">Lisäasetukset</string>
    <string name="exposed_dropdown_menu_content_description">Näytä avattava valikko</string>
    <string name="icon_content_description">Valintaikkunan kuvake</string>
    <string name="item_view_role_description">Välilehti</string>
    <string name="material_clock_toggle_content_description">Valitse AP tai IP</string>
    <string name="material_hour_24h_suffix">%1$s tuntia</string>
    <string name="material_hour_selection">Valitse tunti</string>
    <string name="material_hour_suffix">klo %1$s</string>
    <string name="material_minute_selection">Valitse minuutit</string>
    <string name="material_minute_suffix">%1$s minuuttia</string>
    <string name="material_timepicker_am">ap</string>
    <string name="material_timepicker_clock_mode_description">Vaihda ajan syöttämiseen kellotilassa.</string>
    <string name="material_timepicker_hour">Tunnit</string>
    <string name="material_timepicker_minute">Minuutti</string>
    <string name="material_timepicker_pm">ip</string>
    <string name="material_timepicker_select_time">Valitse aika</string>
    <string name="material_timepicker_text_input_mode_description">Vaihda ajan syöttämiseen tekstitilassa.</string>
    <string name="mtrl_badge_numberless_content_description">Uusi ilmoitus</string>
    <string name="mtrl_chip_close_icon_content_description">Poista %1$s</string>
    <string name="mtrl_exceed_max_badge_number_content_description">Yli %1$d uutta ilmoitusta</string>
    <string name="mtrl_picker_a11y_next_month">Vaihda seuraavaan kuukauteen</string>
    <string name="mtrl_picker_a11y_prev_month">Vaihda edelliseen kuukauteen</string>
    <string name="mtrl_picker_announce_current_selection">Nykyinen valinta: %1$s</string>
    <string name="mtrl_picker_cancel">Peru</string>
    <string name="mtrl_picker_confirm">OK</string>
    <string name="mtrl_picker_date_header_selected">%1$s</string>
    <string name="mtrl_picker_date_header_title">Valitse päivämäärä</string>
    <string name="mtrl_picker_date_header_unselected">Valittu päivämäärä</string>
    <string name="mtrl_picker_day_of_week_column_header">Päiväsarake: %1$s</string>
    <string name="mtrl_picker_invalid_format">Virheellinen muoto</string>
    <string name="mtrl_picker_invalid_format_example">Esimerkki: %1$s</string>
    <string name="mtrl_picker_invalid_format_use">Käytä muotoa %1$s</string>
    <string name="mtrl_picker_invalid_range">Virheellinen alue</string>
    <string name="mtrl_picker_navigate_to_year_description">Siirry vuoteen %1$s</string>
    <string name="mtrl_picker_out_of_range">Aikavälin ulkop.: %1$s</string>
    <string name="mtrl_picker_range_header_only_end_selected">Alkamispäivä – %1$s</string>
    <string name="mtrl_picker_range_header_only_start_selected">%1$s – päättymispäivä</string>
    <string name="mtrl_picker_range_header_selected">%1$s – %2$s</string>
    <string name="mtrl_picker_range_header_title">Valitse jakso</string>
    <string name="mtrl_picker_range_header_unselected">Alkamispäivä – päättymispäivä</string>
    <string name="mtrl_picker_save">Tallenna</string>
    <string name="mtrl_picker_text_input_date_hint">Päivämäärä</string>
    <string name="mtrl_picker_text_input_date_range_end_hint">Päättymispäivä</string>
    <string name="mtrl_picker_text_input_date_range_start_hint">Alkamispäivä</string>
    <string name="mtrl_picker_text_input_day_abbr">p</string>
    <string name="mtrl_picker_text_input_month_abbr">k</string>
    <string name="mtrl_picker_text_input_year_abbr">v</string>
    <string name="mtrl_picker_toggle_to_calendar_input_mode">Vaihda syöttötavaksi kalenteri</string>
    <string name="mtrl_picker_toggle_to_day_selection">Siirry päivän valintaan napauttamalla</string>
    <string name="mtrl_picker_toggle_to_text_input_mode">Valitse syöttötavaksi teksti</string>
    <string name="mtrl_picker_toggle_to_year_selection">Siirry vuoden valintaan napauttamalla</string>
    <string name="mtrl_timepicker_cancel">Peru</string>
    <string name="mtrl_timepicker_confirm">OK</string>
    <string name="not_set">Ei asetettu</string>
    <string name="password_toggle_content_description">Näytä salasana</string>
    <string name="preference_copied">%1$s kopioitiin leikepöydälle.</string>
    <string name="search_menu_title">Haku</string>
    <string name="status_bar_notification_info_overflow">999+</string>
    <string name="summary_collapsed_preference_list">%1$s, %2$s</string>
    <string name="v7_preference_off">POIS KÄYTÖSTÄ</string>
    <string name="v7_preference_on">KÄYTÖSSÄ</string>
</resources>