<?xml version='1.0' encoding='utf-8' ?>
<resources>
    <string name="abc_action_bar_home_description">ହୋମକୁ ନେଭିଗେଟ କରନ୍ତୁ</string>
    <string name="abc_action_bar_up_description">ଉପରକୁ ନେଭିଗେଟ୍ କରନ୍ତୁ</string>
    <string name="abc_action_menu_overflow_description">ଅଧିକ ବିକଳ୍ପ</string>
    <string name="abc_action_mode_done">ହୋଇଗଲା</string>
    <string name="abc_activity_chooser_view_see_all">ସବୁ ଦେଖନ୍ତୁ</string>
    <string name="abc_activitychooserview_choose_application">ଗୋଟିଏ ଆପ୍‍ ବାଛନ୍ତୁ</string>
    <string name="abc_capital_off">ବନ୍ଦ</string>
    <string name="abc_capital_on">ଚାଲୁ ଅଛି</string>
    <string name="abc_menu_alt_shortcut_label">Alt+</string>
    <string name="abc_menu_ctrl_shortcut_label">Ctrl+</string>
    <string name="abc_menu_delete_shortcut_label">ଡିଲିଟ୍‌ କରନ୍ତୁ</string>
    <string name="abc_menu_enter_shortcut_label">ଏଣ୍ଟର୍</string>
    <string name="abc_menu_function_shortcut_label">Function+</string>
    <string name="abc_menu_meta_shortcut_label">Meta+</string>
    <string name="abc_menu_shift_shortcut_label">Shift+</string>
    <string name="abc_menu_space_shortcut_label">ସ୍ପେସ୍‍</string>
    <string name="abc_menu_sym_shortcut_label">Sym+</string>
    <string name="abc_prepend_shortcut_label">ମେନୁ</string>
    <string name="abc_search_hint">ସର୍ଚ୍ଚ କରନ୍ତୁ…</string>
    <string name="abc_searchview_description_clear">କ୍ୱେରୀ ଖାଲି କରନ୍ତୁ</string>
    <string name="abc_searchview_description_query">ସର୍ଚ୍ଚ କ୍ୱେରୀ</string>
    <string name="abc_searchview_description_search">ସନ୍ଧାନ କରନ୍ତୁ</string>
    <string name="abc_searchview_description_submit">କ୍ୱେରୀ ଦାଖଲ କରନ୍ତୁ</string>
    <string name="abc_searchview_description_voice">ଭଏସ୍‌ ସର୍ଚ୍ଚ</string>
    <string name="abc_shareactionprovider_share_with">ଏହାଙ୍କ ସହ ସେୟାର୍‌ କରନ୍ତୁ</string>
    <string name="abc_shareactionprovider_share_with_application">%s ସହ ସେୟାର୍‍ କରନ୍ତୁ</string>
    <string name="abc_toolbar_collapse_description">ସଂକୁଚିତ କରନ୍ତୁ</string>
    <string name="bottomsheet_action_collapse">Collapse the bottom sheet</string>
    <string name="bottomsheet_action_expand">Expand the bottom sheet</string>
    <string name="bottomsheet_action_expand_halfway">Expand halfway</string>
    <string name="bottomsheet_drag_handle_clicked">Drag handle double-tapped</string>
    <string name="bottomsheet_drag_handle_content_description">Drag handle</string>
    <string name="call_notification_answer_action">ଉତ୍ତର ଦିଅନ୍ତୁ</string>
    <string name="call_notification_answer_video_action">ଭିଡିଓ</string>
    <string name="call_notification_decline_action">ଅଗ୍ରାହ୍ୟ କର</string>
    <string name="call_notification_hang_up_action">ସମାପ୍ତ କରନ୍ତୁ</string>
    <string name="call_notification_incoming_text">ଇନକମିଂ କଲ୍</string>
    <string name="call_notification_ongoing_text">ଚାଲିଥିବା କଲ୍</string>
    <string name="call_notification_screening_text">ଏକ ଇନକମିଂ କଲକୁ ସ୍କ୍ରିନ୍ କରୁଛି</string>
    <string name="character_counter_content_description">%2$d ର %1$d ଅକ୍ଷର ଲେଖିଛନ୍ତି</string>
    <string name="character_counter_overflowed_content_description">%2$d ର %1$d ଅକ୍ଷର ଲେଖିଛନ୍ତି</string>
    <string name="clear_text_end_icon_content_description">Clear text</string>
    <string name="copy">କପି କରନ୍ତୁ</string>
    <string name="error_icon_content_description">Error</string>
    <string name="expand_button_title">ଅଧିକ ଉନ୍ନତ</string>
    <string name="exposed_dropdown_menu_content_description">Show dropdown menu</string>
    <string name="icon_content_description">Dialog Icon</string>
    <string name="item_view_role_description">Tab</string>
    <string name="material_clock_toggle_content_description">Select AM or PM</string>
    <string name="material_hour_24h_suffix">%1$s hours</string>
    <string name="material_hour_selection">Select hour</string>
    <string name="material_hour_suffix">%1$s o'clock</string>
    <string name="material_minute_selection">ମିନିଟ୍‍ ଚୟନ କରନ୍ତୁ</string>
    <string name="material_minute_suffix">%1$s minutes</string>
    <string name="material_timepicker_am">AM</string>
    <string name="material_timepicker_clock_mode_description">ସମୟ ଇନପୁଟ୍‍ ପାଇଁ ଘଣ୍ଟା ମୋଡ୍‌କୁ ବଦଳାନ୍ତୁ।</string>
    <string name="material_timepicker_hour">Hour</string>
    <string name="material_timepicker_minute">Minute</string>
    <string name="material_timepicker_pm">PM</string>
    <string name="material_timepicker_select_time">Select time</string>
    <string name="material_timepicker_text_input_mode_description">ସମୟ ଇନପୁଟ୍‍ ପାଇଁ ଟେକ୍ସଟ୍‍ ଇନପୁଟ୍‌କୁ ବଦଳାନ୍ତୁ।</string>
    <string name="mtrl_badge_numberless_content_description">New notification</string>
    <string name="mtrl_chip_close_icon_content_description">%1$s କାଢ଼ିଦିଅନ୍ତୁ</string>
    <string name="mtrl_exceed_max_badge_number_content_description">More than %1$d new notifications</string>
    <string name="mtrl_picker_a11y_next_month">Change to next month</string>
    <string name="mtrl_picker_a11y_prev_month">Change to previous month</string>
    <string name="mtrl_picker_announce_current_selection">Current selection: %1$s</string>
    <string name="mtrl_picker_cancel">Cancel</string>
    <string name="mtrl_picker_confirm">OK</string>
    <string name="mtrl_picker_date_header_selected">%1$s</string>
    <string name="mtrl_picker_date_header_title">Select Date</string>
    <string name="mtrl_picker_date_header_unselected">Selected date</string>
    <string name="mtrl_picker_day_of_week_column_header">Column of days: %1$s</string>
    <string name="mtrl_picker_invalid_format">Invalid format.</string>
    <string name="mtrl_picker_invalid_format_example">Example: %1$s</string>
    <string name="mtrl_picker_invalid_format_use">Use: %1$s</string>
    <string name="mtrl_picker_invalid_range">Invalid range.</string>
    <string name="mtrl_picker_navigate_to_year_description">Navigate to year %1$s</string>
    <string name="mtrl_picker_out_of_range">Out of range: %1$s</string>
    <string name="mtrl_picker_range_header_only_end_selected">Start date – %1$s</string>
    <string name="mtrl_picker_range_header_only_start_selected">%1$s – End date</string>
    <string name="mtrl_picker_range_header_selected">%1$s – %2$s</string>
    <string name="mtrl_picker_range_header_title">Select Range</string>
    <string name="mtrl_picker_range_header_unselected">Start date – End date</string>
    <string name="mtrl_picker_save">Save</string>
    <string name="mtrl_picker_text_input_date_hint">Date</string>
    <string name="mtrl_picker_text_input_date_range_end_hint">End date</string>
    <string name="mtrl_picker_text_input_date_range_start_hint">Start date</string>
    <string name="mtrl_picker_text_input_day_abbr">d</string>
    <string name="mtrl_picker_text_input_month_abbr">m</string>
    <string name="mtrl_picker_text_input_year_abbr">y</string>
    <string name="mtrl_picker_toggle_to_calendar_input_mode">Switch to calendar input mode</string>
    <string name="mtrl_picker_toggle_to_day_selection">Tap to switch to selecting a day</string>
    <string name="mtrl_picker_toggle_to_text_input_mode">Switch to text input mode</string>
    <string name="mtrl_picker_toggle_to_year_selection">Tap to switch to selecting a year</string>
    <string name="mtrl_timepicker_cancel">Cancel</string>
    <string name="mtrl_timepicker_confirm">OK</string>
    <string name="not_set">ସେଟ୍ ହୋଇନାହିଁ</string>
    <string name="password_toggle_content_description">ପାସ୍‍ୱାର୍ଡ ଦେଖାନ୍ତୁ</string>
    <string name="preference_copied">"%1$s" କ୍ଲିପବୋର୍ଡକୁ କପି ହୋ‍ଇଗଲା।</string>
    <string name="search_menu_title">ସନ୍ଧାନ କରନ୍ତୁ</string>
    <string name="status_bar_notification_info_overflow">999+</string>
    <string name="summary_collapsed_preference_list">%1$s, %2$s</string>
    <string name="v7_preference_off">ବନ୍ଦ</string>
    <string name="v7_preference_on">ଚାଲୁ ଅଛି</string>
</resources>