<?xml version='1.0' encoding='utf-8' ?>
<resources>
    <string name="abc_action_bar_home_description">होम पेजमा जानुहोस्</string>
    <string name="abc_action_bar_up_description">माथि नेभिगेट गर्नुहोस्</string>
    <string name="abc_action_menu_overflow_description">थप विकल्पहरू</string>
    <string name="abc_action_mode_done">सम्पन्न भयो</string>
    <string name="abc_activity_chooser_view_see_all">सबै हेर्नुहोस्</string>
    <string name="abc_activitychooserview_choose_application">एउटा एप छान्नुहोस्</string>
    <string name="abc_capital_off">निष्क्रिय</string>
    <string name="abc_capital_on">सक्रिय</string>
    <string name="abc_menu_alt_shortcut_label">Alt+</string>
    <string name="abc_menu_ctrl_shortcut_label">Ctrl+</string>
    <string name="abc_menu_delete_shortcut_label">delete</string>
    <string name="abc_menu_enter_shortcut_label">enter</string>
    <string name="abc_menu_function_shortcut_label">Function+</string>
    <string name="abc_menu_meta_shortcut_label">Meta+</string>
    <string name="abc_menu_shift_shortcut_label">Shift+</string>
    <string name="abc_menu_space_shortcut_label">space</string>
    <string name="abc_menu_sym_shortcut_label">Sym+</string>
    <string name="abc_prepend_shortcut_label">Menu+</string>
    <string name="abc_search_hint">खोज्नुहोस्…</string>
    <string name="abc_searchview_description_clear">क्वेरी खाली गर्नुहोस्</string>
    <string name="abc_searchview_description_query">खोज प्रश्न</string>
    <string name="abc_searchview_description_search">खोज</string>
    <string name="abc_searchview_description_submit">क्वेरी पेस गर्नुहोस्</string>
    <string name="abc_searchview_description_voice">आवाजमा आधारित खोजी</string>
    <string name="abc_shareactionprovider_share_with">यसमार्फत सेयर गर्नुहोस्</string>
    <string name="abc_shareactionprovider_share_with_application">%s मार्फत सेयर गर्नुहोस्</string>
    <string name="abc_toolbar_collapse_description">संक्षिप्त गर्नुहोस्</string>
    <string name="bottomsheet_action_collapse">पुछारको पाना कोल्याप्स गर्नुहोस्</string>
    <string name="bottomsheet_action_expand">पुछारको पाना एक्स्पान्ड गर्नुहोस्</string>
    <string name="bottomsheet_action_expand_halfway">आधा ठुलो पार्नुहोस्</string>
    <string name="bottomsheet_drag_handle_clicked">ड्र्याग ह्यान्डलमा डबल ट्याप गरियो</string>
    <string name="bottomsheet_drag_handle_content_description">ड्र्याग ह्यान्डल</string>
    <string name="call_notification_answer_action">जवाफ दिनुहोस्</string>
    <string name="call_notification_answer_video_action">भिडियो</string>
    <string name="call_notification_decline_action">काट्नुहोस्</string>
    <string name="call_notification_hang_up_action">फोन राख्नुहोस्</string>
    <string name="call_notification_incoming_text">आगमन कल</string>
    <string name="call_notification_ongoing_text">भइरहेको कल</string>
    <string name="call_notification_screening_text">आगमन कल जाँचिँदै छ</string>
    <string name="character_counter_content_description">%2$d मध्ये %1$d वर्ण प्रविष्ट गरियो</string>
    <string name="character_counter_overflowed_content_description">%2$d मध्ये %1$d वर्ण सीमा नाघ्यो</string>
    <string name="clear_text_end_icon_content_description">पाठ खाली गर्नुहोस्</string>
    <string name="copy">प्रतिलिपि गर्नुहोस्</string>
    <string name="error_icon_content_description">त्रुटि</string>
    <string name="expand_button_title">उन्नत</string>
    <string name="exposed_dropdown_menu_content_description">ड्रपडाउन मेनु देखाउनुहोस्</string>
    <string name="icon_content_description">संवादको आइकन</string>
    <string name="item_view_role_description">ट्याब</string>
    <string name="material_clock_toggle_content_description">पूर्वाह्न वा अपराह्न चयन गर्नुहोस्</string>
    <string name="material_hour_24h_suffix">%1$s घण्टा</string>
    <string name="material_hour_selection">घन्टा चयन गर्नुहोस्</string>
    <string name="material_hour_suffix">%1$s बजे</string>
    <string name="material_minute_selection">मिनेट चयन गर्नुहोस्</string>
    <string name="material_minute_suffix">%1$s मिनेट</string>
    <string name="material_timepicker_am">AM</string>
    <string name="material_timepicker_clock_mode_description">समय इनपुट गर्न घडी मोडमा स्विच गर्नुहोस्।</string>
    <string name="material_timepicker_hour">घन्टा:</string>
    <string name="material_timepicker_minute">मिनेट</string>
    <string name="material_timepicker_pm">अपराह्न</string>
    <string name="material_timepicker_select_time">समय चयन गर्नुहोस्</string>
    <string name="material_timepicker_text_input_mode_description">समय इनपुट गर्न पाठ इनपुट मोडमा स्विच गर्नुहोस्।</string>
    <string name="mtrl_badge_numberless_content_description">नयाँ सूचना</string>
    <string name="mtrl_chip_close_icon_content_description">%1$s हटाउनुहोस्</string>
    <string name="mtrl_exceed_max_badge_number_content_description">%1$d भन्दा बढी नयाँ सूचनाहरू</string>
    <string name="mtrl_picker_a11y_next_month">अर्को महिनामा सार्नुहोस्</string>
    <string name="mtrl_picker_a11y_prev_month">अघिल्लो महिनामा सार्नुहोस्</string>
    <string name="mtrl_picker_announce_current_selection">हालको चयन: %1$s</string>
    <string name="mtrl_picker_cancel">रद्द गर्नुहोस्</string>
    <string name="mtrl_picker_confirm">ठिक छ</string>
    <string name="mtrl_picker_date_header_selected">%1$s</string>
    <string name="mtrl_picker_date_header_title">मिति चयन गर्नुहोस्</string>
    <string name="mtrl_picker_date_header_unselected">चयन गरिएको मिति</string>
    <string name="mtrl_picker_day_of_week_column_header">दिनहरूको स्तम्भ: %1$s</string>
    <string name="mtrl_picker_invalid_format">अमान्य ढाँचा।</string>
    <string name="mtrl_picker_invalid_format_example">उदाहरण: %1$s</string>
    <string name="mtrl_picker_invalid_format_use">%1$s प्रयोग गर्नुहोस्</string>
    <string name="mtrl_picker_invalid_range">अमान्य दायरा।</string>
    <string name="mtrl_picker_navigate_to_year_description">वर्ष %1$s मा जानुहोस्</string>
    <string name="mtrl_picker_out_of_range">दायराभन्दा बाहिर छ: %1$s</string>
    <string name="mtrl_picker_range_header_only_end_selected">सुरु हुने मिति – %1$s</string>
    <string name="mtrl_picker_range_header_only_start_selected">%1$s – अन्त्य हुने मिति</string>
    <string name="mtrl_picker_range_header_selected">%1$s – %2$s</string>
    <string name="mtrl_picker_range_header_title">दायरा चयन गर्नुहोस्</string>
    <string name="mtrl_picker_range_header_unselected">सुरु हुने मिति – अन्त्य हुने मिति</string>
    <string name="mtrl_picker_save">सुरक्षित गर्नु</string>
    <string name="mtrl_picker_text_input_date_hint">मिति</string>
    <string name="mtrl_picker_text_input_date_range_end_hint">अन्त्य हुने मिति</string>
    <string name="mtrl_picker_text_input_date_range_start_hint">सुरु हुने मिति</string>
    <string name="mtrl_picker_text_input_day_abbr">d</string>
    <string name="mtrl_picker_text_input_month_abbr">मिनेट</string>
    <string name="mtrl_picker_text_input_year_abbr">y</string>
    <string name="mtrl_picker_toggle_to_calendar_input_mode">Calendar को इनपुट मोडमा बदल्नुहोस्</string>
    <string name="mtrl_picker_toggle_to_day_selection">कुनै दिन चयन गर्ने विकल्प प्रयोग गर्न ट्याप गर्नुहोस्</string>
    <string name="mtrl_picker_toggle_to_text_input_mode">पाठको इनपुट मोडमा बदल्नुहोस्</string>
    <string name="mtrl_picker_toggle_to_year_selection">कुनै वर्ष चयन गर्ने विकल्प प्रयोग गर्न ट्याप गर्नुहोस्</string>
    <string name="mtrl_timepicker_cancel">रद्द गर्नुहोस्</string>
    <string name="mtrl_timepicker_confirm">ठिक छ</string>
    <string name="not_set">सेट गरिएको छैन</string>
    <string name="password_toggle_content_description">पासवर्ड देखाउनुहोस्</string>
    <string name="preference_copied">"%1$s" लाई क्लिपबोर्डमा प्रतिलिपि गरियो।</string>
    <string name="search_menu_title">खोज</string>
    <string name="status_bar_notification_info_overflow">९९९+</string>
    <string name="summary_collapsed_preference_list">%1$s, %2$s</string>
    <string name="v7_preference_off">निष्क्रिय पार्नुहोस्‌</string>
    <string name="v7_preference_on">सक्रिय</string>
</resources>