<?xml version='1.0' encoding='utf-8' ?>
<resources>
    <string name="abc_action_bar_home_description">홈으로 이동</string>
    <string name="abc_action_bar_up_description">위로 이동</string>
    <string name="abc_action_menu_overflow_description">추가 옵션</string>
    <string name="abc_action_mode_done">완료</string>
    <string name="abc_activity_chooser_view_see_all">전체 보기</string>
    <string name="abc_activitychooserview_choose_application">앱 선택</string>
    <string name="abc_capital_off">사용 중지</string>
    <string name="abc_capital_on">사용</string>
    <string name="abc_menu_alt_shortcut_label">Alt+</string>
    <string name="abc_menu_ctrl_shortcut_label">Ctrl+</string>
    <string name="abc_menu_delete_shortcut_label">Delete</string>
    <string name="abc_menu_enter_shortcut_label">Enter</string>
    <string name="abc_menu_function_shortcut_label">Function+</string>
    <string name="abc_menu_meta_shortcut_label">Meta+</string>
    <string name="abc_menu_shift_shortcut_label">Shift+</string>
    <string name="abc_menu_space_shortcut_label">스페이스바</string>
    <string name="abc_menu_sym_shortcut_label">Sym+</string>
    <string name="abc_prepend_shortcut_label">Menu+</string>
    <string name="abc_search_hint">검색...</string>
    <string name="abc_searchview_description_clear">검색어 삭제</string>
    <string name="abc_searchview_description_query">검색어</string>
    <string name="abc_searchview_description_search">검색</string>
    <string name="abc_searchview_description_submit">검색어 보내기</string>
    <string name="abc_searchview_description_voice">음성 검색</string>
    <string name="abc_shareactionprovider_share_with">공유 대상:</string>
    <string name="abc_shareactionprovider_share_with_application">%s과(와) 공유</string>
    <string name="abc_toolbar_collapse_description">접기</string>
    <string name="bottomsheet_action_collapse">하단 시트 접기</string>
    <string name="bottomsheet_action_expand">하단 시트 펼치기</string>
    <string name="bottomsheet_action_expand_halfway">반만 펼치기</string>
    <string name="bottomsheet_drag_handle_clicked">두 번 탭한 드래그 핸들</string>
    <string name="bottomsheet_drag_handle_content_description">드래그 핸들</string>
    <string name="call_notification_answer_action">통화</string>
    <string name="call_notification_answer_video_action">동영상</string>
    <string name="call_notification_decline_action">거절</string>
    <string name="call_notification_hang_up_action">전화 끊기</string>
    <string name="call_notification_incoming_text">수신 전화</string>
    <string name="call_notification_ongoing_text">진행 중인 통화</string>
    <string name="call_notification_screening_text">수신 전화 검사 중</string>
    <string name="character_counter_content_description">입력된 글자 %1$d/%2$d</string>
    <string name="character_counter_overflowed_content_description">글자 수 제한이 초과되었습니다(%1$d/%2$d).</string>
    <string name="clear_text_end_icon_content_description">텍스트 삭제</string>
    <string name="copy">복사</string>
    <string name="error_icon_content_description">오류</string>
    <string name="expand_button_title">고급</string>
    <string name="exposed_dropdown_menu_content_description">드롭다운 메뉴 표시</string>
    <string name="icon_content_description">대화상자 아이콘</string>
    <string name="item_view_role_description">탭</string>
    <string name="material_clock_toggle_content_description">오전 또는 오후를 선택하세요.</string>
    <string name="material_hour_24h_suffix">%1$s시간</string>
    <string name="material_hour_selection">시간 선택</string>
    <string name="material_hour_suffix">%1$s시 정각</string>
    <string name="material_minute_selection">분 선택</string>
    <string name="material_minute_suffix">%1$s분</string>
    <string name="material_timepicker_am">오전</string>
    <string name="material_timepicker_clock_mode_description">시간 입력을 위해 시계 모드로 전환합니다.</string>
    <string name="material_timepicker_hour">시간</string>
    <string name="material_timepicker_minute">분</string>
    <string name="material_timepicker_pm">오후</string>
    <string name="material_timepicker_select_time">시간 선택</string>
    <string name="material_timepicker_text_input_mode_description">시간 입력을 위해 텍스트 입력 모드로 전환합니다.</string>
    <string name="mtrl_badge_numberless_content_description">새 알림</string>
    <string name="mtrl_chip_close_icon_content_description">%1$s 삭제</string>
    <string name="mtrl_exceed_max_badge_number_content_description">새 알림 %1$d개 초과</string>
    <string name="mtrl_picker_a11y_next_month">다음 달로 변경</string>
    <string name="mtrl_picker_a11y_prev_month">이전 달로 변경</string>
    <string name="mtrl_picker_announce_current_selection">현재 %1$s 선택됨</string>
    <string name="mtrl_picker_cancel">취소</string>
    <string name="mtrl_picker_confirm">확인</string>
    <string name="mtrl_picker_date_header_selected">%1$s</string>
    <string name="mtrl_picker_date_header_title">날짜 선택</string>
    <string name="mtrl_picker_date_header_unselected">선택한 날짜</string>
    <string name="mtrl_picker_day_of_week_column_header">요일 열: %1$s</string>
    <string name="mtrl_picker_invalid_format">형식이 잘못되었습니다.</string>
    <string name="mtrl_picker_invalid_format_example">예: %1$s</string>
    <string name="mtrl_picker_invalid_format_use">%1$s 사용</string>
    <string name="mtrl_picker_invalid_range">날짜 범위가 잘못되었습니다.</string>
    <string name="mtrl_picker_navigate_to_year_description">%1$s년으로 이동</string>
    <string name="mtrl_picker_out_of_range">%1$s은(는) 범위를 벗어난 날짜입니다.</string>
    <string name="mtrl_picker_range_header_only_end_selected">시작일~%1$s</string>
    <string name="mtrl_picker_range_header_only_start_selected">%1$s~종료일</string>
    <string name="mtrl_picker_range_header_selected">%1$s~%2$s</string>
    <string name="mtrl_picker_range_header_title">기간 선택</string>
    <string name="mtrl_picker_range_header_unselected">시작일~종료일</string>
    <string name="mtrl_picker_save">저장</string>
    <string name="mtrl_picker_text_input_date_hint">날짜</string>
    <string name="mtrl_picker_text_input_date_range_end_hint">종료일</string>
    <string name="mtrl_picker_text_input_date_range_start_hint">시작일</string>
    <string name="mtrl_picker_text_input_day_abbr">일</string>
    <string name="mtrl_picker_text_input_month_abbr">월</string>
    <string name="mtrl_picker_text_input_year_abbr">년</string>
    <string name="mtrl_picker_toggle_to_calendar_input_mode">캘린더 입력 모드로 전환</string>
    <string name="mtrl_picker_toggle_to_day_selection">탭하여 요일 선택으로 전환</string>
    <string name="mtrl_picker_toggle_to_text_input_mode">텍스트 입력 모드로 전환</string>
    <string name="mtrl_picker_toggle_to_year_selection">탭하여 연도 선택으로 전환</string>
    <string name="mtrl_timepicker_cancel">취소</string>
    <string name="mtrl_timepicker_confirm">확인</string>
    <string name="not_set">설정되지 않음</string>
    <string name="password_toggle_content_description">비밀번호 표시</string>
    <string name="preference_copied">'%1$s'이(가) 클립보드에 복사되었습니다.</string>
    <string name="search_menu_title">검색</string>
    <string name="status_bar_notification_info_overflow">999+</string>
    <string name="summary_collapsed_preference_list">%1$s, %2$s</string>
    <string name="v7_preference_off">사용 안함</string>
    <string name="v7_preference_on">사용</string>
</resources>