<?xml version='1.0' encoding='utf-8' ?>
<resources>
    <string name="abc_action_bar_home_description">Vratite se na početnu stranicu</string>
    <string name="abc_action_bar_up_description">Idi gore</string>
    <string name="abc_action_menu_overflow_description">Više opcija</string>
    <string name="abc_action_mode_done">Gotovo</string>
    <string name="abc_activity_chooser_view_see_all">Prikaži sve</string>
    <string name="abc_activitychooserview_choose_application">Odaberite aplikaciju</string>
    <string name="abc_capital_off">ISKLJUČENO</string>
    <string name="abc_capital_on">UKLJUČENO</string>
    <string name="abc_menu_alt_shortcut_label">Alt+</string>
    <string name="abc_menu_ctrl_shortcut_label">Ctrl+</string>
    <string name="abc_menu_delete_shortcut_label">delete</string>
    <string name="abc_menu_enter_shortcut_label">enter</string>
    <string name="abc_menu_function_shortcut_label">Function+</string>
    <string name="abc_menu_meta_shortcut_label">Meta+</string>
    <string name="abc_menu_shift_shortcut_label">Shift+</string>
    <string name="abc_menu_space_shortcut_label">razmak</string>
    <string name="abc_menu_sym_shortcut_label">Sym+</string>
    <string name="abc_prepend_shortcut_label">Menu+</string>
    <string name="abc_search_hint">Pretražite...</string>
    <string name="abc_searchview_description_clear">Obriši upit</string>
    <string name="abc_searchview_description_query">Pretraži upit</string>
    <string name="abc_searchview_description_search">Pretraži</string>
    <string name="abc_searchview_description_submit">Pošalji upit</string>
    <string name="abc_searchview_description_voice">Glasovno pretraživanje</string>
    <string name="abc_shareactionprovider_share_with">Dijeli sa</string>
    <string name="abc_shareactionprovider_share_with_application">Dijeli putem aplikacije %s</string>
    <string name="abc_toolbar_collapse_description">Suzi</string>
    <string name="bottomsheet_action_collapse">Sužavanje donje tabele</string>
    <string name="bottomsheet_action_expand">Proširivanje donje tabele</string>
    <string name="bottomsheet_action_expand_halfway">Proširivanje dopola</string>
    <string name="bottomsheet_drag_handle_clicked">Ručica za prevlačenje je dvaput dodirnuta</string>
    <string name="bottomsheet_drag_handle_content_description">Ručica za prevlačenje</string>
    <string name="call_notification_answer_action">Odgovori</string>
    <string name="call_notification_answer_video_action">Video</string>
    <string name="call_notification_decline_action">Odbaci</string>
    <string name="call_notification_hang_up_action">Prekini vezu</string>
    <string name="call_notification_incoming_text">Dolazni poziv</string>
    <string name="call_notification_ongoing_text">Poziv u toku</string>
    <string name="call_notification_screening_text">Filtriranje dolaznog poziva</string>
    <string name="character_counter_content_description">Uneseno znakova: %1$d od %2$d</string>
    <string name="character_counter_overflowed_content_description">Ograničenje broja znakova premašuje %1$d od %2$d</string>
    <string name="clear_text_end_icon_content_description">Obriši tekst</string>
    <string name="copy">Kopiraj</string>
    <string name="error_icon_content_description">Greška</string>
    <string name="expand_button_title">Napredno</string>
    <string name="exposed_dropdown_menu_content_description">Prikaži padajući meni</string>
    <string name="icon_content_description">ikona dijaloškog okvira</string>
    <string name="item_view_role_description">Kartica</string>
    <string name="material_clock_toggle_content_description">Odaberite prijepodne ili poslijepodne</string>
    <string name="material_hour_24h_suffix">%1$s h</string>
    <string name="material_hour_selection">Odaberite sat</string>
    <string name="material_hour_suffix">%1$s h</string>
    <string name="material_minute_selection">Odaberite minute</string>
    <string name="material_minute_suffix">%1$s min</string>
    <string name="material_timepicker_am">AM</string>
    <string name="material_timepicker_clock_mode_description">Prebacite u način rada kao sat za unos vremena.</string>
    <string name="material_timepicker_hour">Sat</string>
    <string name="material_timepicker_minute">Minuta</string>
    <string name="material_timepicker_pm">PM</string>
    <string name="material_timepicker_select_time">Odabir vremena</string>
    <string name="material_timepicker_text_input_mode_description">Prebacite u način unosa teksta za unos vremena.</string>
    <string name="mtrl_badge_numberless_content_description">Novo obavještenje</string>
    <string name="mtrl_chip_close_icon_content_description">Uklonite %1$s</string>
    <string name="mtrl_exceed_max_badge_number_content_description">Broj novih obavještenja: više od %1$d</string>
    <string name="mtrl_picker_a11y_next_month">Promijeni na sljedeći mjesec</string>
    <string name="mtrl_picker_a11y_prev_month">Promijeni na prethodni mjesec</string>
    <string name="mtrl_picker_announce_current_selection">Trenutni izbor: %1$s</string>
    <string name="mtrl_picker_cancel">Otkaži</string>
    <string name="mtrl_picker_confirm">Uredu</string>
    <string name="mtrl_picker_date_header_selected">%1$s</string>
    <string name="mtrl_picker_date_header_title">Odaberite datum</string>
    <string name="mtrl_picker_date_header_unselected">Odabrani datum</string>
    <string name="mtrl_picker_day_of_week_column_header">Kolona za dane: %1$s</string>
    <string name="mtrl_picker_invalid_format">Nevažeći format.</string>
    <string name="mtrl_picker_invalid_format_example">Primjer: %1$s</string>
    <string name="mtrl_picker_invalid_format_use">Koristi: %1$s</string>
    <string name="mtrl_picker_invalid_range">Nevažeći opseg.</string>
    <string name="mtrl_picker_navigate_to_year_description">Odlazak na %1$s. godinu</string>
    <string name="mtrl_picker_out_of_range">Izvan opsega: %1$s</string>
    <string name="mtrl_picker_range_header_only_end_selected">Datum početka – %1$s</string>
    <string name="mtrl_picker_range_header_only_start_selected">%1$s – Datum završetka</string>
    <string name="mtrl_picker_range_header_selected">%1$s – %2$s</string>
    <string name="mtrl_picker_range_header_title">Odaberite raspon</string>
    <string name="mtrl_picker_range_header_unselected">Datum početka – Datum završetka</string>
    <string name="mtrl_picker_save">Sačuvaj</string>
    <string name="mtrl_picker_text_input_date_hint">Datum</string>
    <string name="mtrl_picker_text_input_date_range_end_hint">Datum završetka</string>
    <string name="mtrl_picker_text_input_date_range_start_hint">Datum početka</string>
    <string name="mtrl_picker_text_input_day_abbr">d</string>
    <string name="mtrl_picker_text_input_month_abbr">m</string>
    <string name="mtrl_picker_text_input_year_abbr">g</string>
    <string name="mtrl_picker_toggle_to_calendar_input_mode">Prebacivanje na način unosa kalendara</string>
    <string name="mtrl_picker_toggle_to_day_selection">Dodirnite da prebacite na odabir dana</string>
    <string name="mtrl_picker_toggle_to_text_input_mode">Prebacivanje na način unosa teksta</string>
    <string name="mtrl_picker_toggle_to_year_selection">Dodirnite da prebacite na odabir godine</string>
    <string name="mtrl_timepicker_cancel">Otkaži</string>
    <string name="mtrl_timepicker_confirm">Uredu</string>
    <string name="not_set">Nije postavljeno</string>
    <string name="password_toggle_content_description">Prikaži lozinku</string>
    <string name="preference_copied">"%1$s" kopirano u međumemoriju.</string>
    <string name="search_menu_title">Pretražite</string>
    <string name="status_bar_notification_info_overflow">999+</string>
    <string name="summary_collapsed_preference_list">%1$s, %2$s</string>
    <string name="v7_preference_off">ISKLJUČENO</string>
    <string name="v7_preference_on">UKLJUČENO</string>
</resources>