<?xml version='1.0' encoding='utf-8' ?>
<type id="0x10" defaultPublic="true">
    <entry id="0x7f100000" name="abc_action_bar_home_description" />
    <entry id="0x7f100001" name="abc_action_bar_up_description" />
    <entry id="0x7f100002" name="abc_action_menu_overflow_description" />
    <entry id="0x7f100003" name="abc_action_mode_done" />
    <entry id="0x7f100004" name="abc_activity_chooser_view_see_all" />
    <entry id="0x7f100005" name="abc_activitychooserview_choose_application" />
    <entry id="0x7f100006" name="abc_capital_off" />
    <entry id="0x7f100007" name="abc_capital_on" />
    <entry id="0x7f100008" name="abc_menu_alt_shortcut_label" />
    <entry id="0x7f100009" name="abc_menu_ctrl_shortcut_label" />
    <entry id="0x7f10000a" name="abc_menu_delete_shortcut_label" />
    <entry id="0x7f10000b" name="abc_menu_enter_shortcut_label" />
    <entry id="0x7f10000c" name="abc_menu_function_shortcut_label" />
    <entry id="0x7f10000d" name="abc_menu_meta_shortcut_label" />
    <entry id="0x7f10000e" name="abc_menu_shift_shortcut_label" />
    <entry id="0x7f10000f" name="abc_menu_space_shortcut_label" />
    <entry id="0x7f100010" name="abc_menu_sym_shortcut_label" />
    <entry id="0x7f100011" name="abc_prepend_shortcut_label" />
    <entry id="0x7f100012" name="abc_search_hint" />
    <entry id="0x7f100013" name="abc_searchview_description_clear" />
    <entry id="0x7f100014" name="abc_searchview_description_query" />
    <entry id="0x7f100015" name="abc_searchview_description_search" />
    <entry id="0x7f100016" name="abc_searchview_description_submit" />
    <entry id="0x7f100017" name="abc_searchview_description_voice" />
    <entry id="0x7f100018" name="abc_shareactionprovider_share_with" />
    <entry id="0x7f100019" name="abc_shareactionprovider_share_with_application" />
    <entry id="0x7f10001a" name="abc_toolbar_collapse_description" />
    <entry id="0x7f10001b" name="about" />
    <entry id="0x7f10001c" name="about_message" />
    <entry id="0x7f10001d" name="action_back" />
    <entry id="0x7f10001e" name="action_clear_search" />
    <entry id="0x7f10001f" name="action_voice_search" />
    <entry id="0x7f100020" name="add_shortcut_fail_msg" />
    <entry id="0x7f100021" name="androidx_startup" />
    <entry id="0x7f100022" name="app_clear" />
    <entry id="0x7f100023" name="app_clear_hint" />
    <entry id="0x7f100024" name="app_name" />
    <entry id="0x7f100025" name="app_open" />
    <entry id="0x7f100026" name="app_remove" />
    <entry id="0x7f100027" name="app_shortcut" />
    <entry id="0x7f100028" name="app_stop" />
    <entry id="0x7f100029" name="app_stop_hint" />
    <entry id="0x7f10002a" name="appbar_scrolling_view_behavior" />
    <entry id="0x7f10002b" name="base" />
    <entry id="0x7f10002c" name="base_nl" />
    <entry id="0x7f10002d" name="bing" />
    <entry id="0x7f10002e" name="bottom_sheet_behavior" />
    <entry id="0x7f10002f" name="bottomsheet_action_collapse" />
    <entry id="0x7f100030" name="bottomsheet_action_expand" />
    <entry id="0x7f100031" name="bottomsheet_action_expand_halfway" />
    <entry id="0x7f100032" name="bottomsheet_drag_handle_clicked" />
    <entry id="0x7f100033" name="bottomsheet_drag_handle_content_description" />
    <entry id="0x7f100034" name="cacheManagerCancelBody" />
    <entry id="0x7f100035" name="cacheManagerCancelTitle" />
    <entry id="0x7f100036" name="cacheManagerCleanFailed" />
    <entry id="0x7f100037" name="cacheManagerCleaningTitle" />
    <entry id="0x7f100038" name="cacheManagerDownloadingTitle" />
    <entry id="0x7f100039" name="cacheManagerFailed" />
    <entry id="0x7f10003a" name="cacheManagerHandlingMessage" />
    <entry id="0x7f10003b" name="cacheManagerNo" />
    <entry id="0x7f10003c" name="cacheManagerUnsupportedSource" />
    <entry id="0x7f10003d" name="cacheManagerYes" />
    <entry id="0x7f10003e" name="call_notification_answer_action" />
    <entry id="0x7f10003f" name="call_notification_answer_video_action" />
    <entry id="0x7f100040" name="call_notification_decline_action" />
    <entry id="0x7f100041" name="call_notification_hang_up_action" />
    <entry id="0x7f100042" name="call_notification_incoming_text" />
    <entry id="0x7f100043" name="call_notification_ongoing_text" />
    <entry id="0x7f100044" name="call_notification_screening_text" />
    <entry id="0x7f100045" name="cancel" />
    <entry id="0x7f100046" name="cannot_create_shortcut" />
    <entry id="0x7f100047" name="character_counter_content_description" />
    <entry id="0x7f100048" name="character_counter_overflowed_content_description" />
    <entry id="0x7f100049" name="character_counter_pattern" />
    <entry id="0x7f10004a" name="choose" />
    <entry id="0x7f10004b" name="choose_app" />
    <entry id="0x7f10004c" name="clear_success" />
    <entry id="0x7f10004d" name="clear_text_end_icon_content_description" />
    <entry id="0x7f10004e" name="clone_app" />
    <entry id="0x7f10004f" name="close_app_fake_location" />
    <entry id="0x7f100050" name="close_fake_location" />
    <entry id="0x7f100051" name="close_fake_location_success" />
    <entry id="0x7f100052" name="compass" />
    <entry id="0x7f100053" name="copy" />
    <entry id="0x7f100054" name="cyclemap" />
    <entry id="0x7f100055" name="daemon_enable" />
    <entry id="0x7f100056" name="disable_gms" />
    <entry id="0x7f100057" name="disable_gms_hint" />
    <entry id="0x7f100058" name="done" />
    <entry id="0x7f100059" name="empty_empty" />
    <entry id="0x7f10005a" name="enable_gms" />
    <entry id="0x7f10005b" name="enable_gms_hint" />
    <entry id="0x7f10005c" name="enable_xposed" />
    <entry id="0x7f10005d" name="error_a11y_label" />
    <entry id="0x7f10005e" name="error_icon_content_description" />
    <entry id="0x7f10005f" name="expand_button_title" />
    <entry id="0x7f100060" name="exposed_dropdown_menu_content_description" />
    <entry id="0x7f100061" name="fab_transformation_scrim_behavior" />
    <entry id="0x7f100062" name="fab_transformation_sheet_behavior" />
    <entry id="0x7f100063" name="fake_location" />
    <entry id="0x7f100064" name="fiets_nl" />
    <entry id="0x7f100065" name="filter" />
    <entry id="0x7f100066" name="first_fix_message" />
    <entry id="0x7f100067" name="format_distance_feet" />
    <entry id="0x7f100068" name="format_distance_kilometers" />
    <entry id="0x7f100069" name="format_distance_meters" />
    <entry id="0x7f10006a" name="format_distance_miles" />
    <entry id="0x7f10006b" name="format_distance_nautical_miles" />
    <entry id="0x7f10006c" name="format_distance_only_foot" />
    <entry id="0x7f10006d" name="format_distance_only_kilometer" />
    <entry id="0x7f10006e" name="format_distance_only_meter" />
    <entry id="0x7f10006f" name="format_distance_only_mile" />
    <entry id="0x7f100070" name="format_distance_only_nautical_mile" />
    <entry id="0x7f100071" name="format_distance_value_unit" />
    <entry id="0x7f100072" name="gms_manager" />
    <entry id="0x7f100073" name="greenbox_service_name" />
    <entry id="0x7f100074" name="hide_bottom_view_on_scroll_behavior" />
    <entry id="0x7f100075" name="hide_root" />
    <entry id="0x7f100076" name="hide_xposed" />
    <entry id="0x7f100077" name="hider" />
    <entry id="0x7f100078" name="hills" />
    <entry id="0x7f100079" name="icon_content_description" />
    <entry id="0x7f10007a" name="install_fail" />
    <entry id="0x7f10007b" name="install_fail_no_msg" />
    <entry id="0x7f10007c" name="install_success" />
    <entry id="0x7f10007d" name="installed_app" />
    <entry id="0x7f10007e" name="installed_module" />
    <entry id="0x7f10007f" name="is_stop" />
    <entry id="0x7f100080" name="item_view_role_description" />
    <entry id="0x7f100081" name="jump_gms" />
    <entry id="0x7f100082" name="jump_module" />
    <entry id="0x7f100083" name="loading" />
    <entry id="0x7f100084" name="m3_ref_typeface_brand_medium" />
    <entry id="0x7f100085" name="m3_ref_typeface_brand_regular" />
    <entry id="0x7f100086" name="m3_ref_typeface_plain_medium" />
    <entry id="0x7f100087" name="m3_ref_typeface_plain_regular" />
    <entry id="0x7f100088" name="m3_sys_motion_easing_emphasized" />
    <entry id="0x7f100089" name="m3_sys_motion_easing_emphasized_accelerate" />
    <entry id="0x7f10008a" name="m3_sys_motion_easing_emphasized_decelerate" />
    <entry id="0x7f10008b" name="m3_sys_motion_easing_emphasized_path_data" />
    <entry id="0x7f10008c" name="m3_sys_motion_easing_legacy" />
    <entry id="0x7f10008d" name="m3_sys_motion_easing_legacy_accelerate" />
    <entry id="0x7f10008e" name="m3_sys_motion_easing_legacy_decelerate" />
    <entry id="0x7f10008f" name="m3_sys_motion_easing_linear" />
    <entry id="0x7f100090" name="m3_sys_motion_easing_standard" />
    <entry id="0x7f100091" name="m3_sys_motion_easing_standard_accelerate" />
    <entry id="0x7f100092" name="m3_sys_motion_easing_standard_decelerate" />
    <entry id="0x7f100093" name="map_mode" />
    <entry id="0x7f100094" name="mapbox" />
    <entry id="0x7f100095" name="mapnik" />
    <entry id="0x7f100096" name="mapquest_aerial" />
    <entry id="0x7f100097" name="mapquest_osm" />
    <entry id="0x7f100098" name="material_clock_display_divider" />
    <entry id="0x7f100099" name="material_clock_toggle_content_description" />
    <entry id="0x7f10009a" name="material_hour_24h_suffix" />
    <entry id="0x7f10009b" name="material_hour_selection" />
    <entry id="0x7f10009c" name="material_hour_suffix" />
    <entry id="0x7f10009d" name="material_minute_selection" />
    <entry id="0x7f10009e" name="material_minute_suffix" />
    <entry id="0x7f10009f" name="material_motion_easing_accelerated" />
    <entry id="0x7f1000a0" name="material_motion_easing_decelerated" />
    <entry id="0x7f1000a1" name="material_motion_easing_emphasized" />
    <entry id="0x7f1000a2" name="material_motion_easing_linear" />
    <entry id="0x7f1000a3" name="material_motion_easing_standard" />
    <entry id="0x7f1000a4" name="material_slider_range_end" />
    <entry id="0x7f1000a5" name="material_slider_range_start" />
    <entry id="0x7f1000a6" name="material_slider_value" />
    <entry id="0x7f1000a7" name="material_timepicker_am" />
    <entry id="0x7f1000a8" name="material_timepicker_clock_mode_description" />
    <entry id="0x7f1000a9" name="material_timepicker_hour" />
    <entry id="0x7f1000aa" name="material_timepicker_minute" />
    <entry id="0x7f1000ab" name="material_timepicker_pm" />
    <entry id="0x7f1000ac" name="material_timepicker_select_time" />
    <entry id="0x7f1000ad" name="material_timepicker_text_input_mode_description" />
    <entry id="0x7f1000ae" name="module_setting" />
    <entry id="0x7f1000af" name="mtrl_badge_numberless_content_description" />
    <entry id="0x7f1000b0" name="mtrl_checkbox_button_icon_path_checked" />
    <entry id="0x7f1000b1" name="mtrl_checkbox_button_icon_path_group_name" />
    <entry id="0x7f1000b2" name="mtrl_checkbox_button_icon_path_indeterminate" />
    <entry id="0x7f1000b3" name="mtrl_checkbox_button_icon_path_name" />
    <entry id="0x7f1000b4" name="mtrl_checkbox_button_path_checked" />
    <entry id="0x7f1000b5" name="mtrl_checkbox_button_path_group_name" />
    <entry id="0x7f1000b6" name="mtrl_checkbox_button_path_name" />
    <entry id="0x7f1000b7" name="mtrl_checkbox_button_path_unchecked" />
    <entry id="0x7f1000b8" name="mtrl_checkbox_state_description_checked" />
    <entry id="0x7f1000b9" name="mtrl_checkbox_state_description_indeterminate" />
    <entry id="0x7f1000ba" name="mtrl_checkbox_state_description_unchecked" />
    <entry id="0x7f1000bb" name="mtrl_chip_close_icon_content_description" />
    <entry id="0x7f1000bc" name="mtrl_exceed_max_badge_number_content_description" />
    <entry id="0x7f1000bd" name="mtrl_exceed_max_badge_number_suffix" />
    <entry id="0x7f1000be" name="mtrl_picker_a11y_next_month" />
    <entry id="0x7f1000bf" name="mtrl_picker_a11y_prev_month" />
    <entry id="0x7f1000c0" name="mtrl_picker_announce_current_range_selection" />
    <entry id="0x7f1000c1" name="mtrl_picker_announce_current_selection" />
    <entry id="0x7f1000c2" name="mtrl_picker_announce_current_selection_none" />
    <entry id="0x7f1000c3" name="mtrl_picker_cancel" />
    <entry id="0x7f1000c4" name="mtrl_picker_confirm" />
    <entry id="0x7f1000c5" name="mtrl_picker_date_header_selected" />
    <entry id="0x7f1000c6" name="mtrl_picker_date_header_title" />
    <entry id="0x7f1000c7" name="mtrl_picker_date_header_unselected" />
    <entry id="0x7f1000c8" name="mtrl_picker_day_of_week_column_header" />
    <entry id="0x7f1000c9" name="mtrl_picker_end_date_description" />
    <entry id="0x7f1000ca" name="mtrl_picker_invalid_format" />
    <entry id="0x7f1000cb" name="mtrl_picker_invalid_format_example" />
    <entry id="0x7f1000cc" name="mtrl_picker_invalid_format_use" />
    <entry id="0x7f1000cd" name="mtrl_picker_invalid_range" />
    <entry id="0x7f1000ce" name="mtrl_picker_navigate_to_current_year_description" />
    <entry id="0x7f1000cf" name="mtrl_picker_navigate_to_year_description" />
    <entry id="0x7f1000d0" name="mtrl_picker_out_of_range" />
    <entry id="0x7f1000d1" name="mtrl_picker_range_header_only_end_selected" />
    <entry id="0x7f1000d2" name="mtrl_picker_range_header_only_start_selected" />
    <entry id="0x7f1000d3" name="mtrl_picker_range_header_selected" />
    <entry id="0x7f1000d4" name="mtrl_picker_range_header_title" />
    <entry id="0x7f1000d5" name="mtrl_picker_range_header_unselected" />
    <entry id="0x7f1000d6" name="mtrl_picker_save" />
    <entry id="0x7f1000d7" name="mtrl_picker_start_date_description" />
    <entry id="0x7f1000d8" name="mtrl_picker_text_input_date_hint" />
    <entry id="0x7f1000d9" name="mtrl_picker_text_input_date_range_end_hint" />
    <entry id="0x7f1000da" name="mtrl_picker_text_input_date_range_start_hint" />
    <entry id="0x7f1000db" name="mtrl_picker_text_input_day_abbr" />
    <entry id="0x7f1000dc" name="mtrl_picker_text_input_month_abbr" />
    <entry id="0x7f1000dd" name="mtrl_picker_text_input_year_abbr" />
    <entry id="0x7f1000de" name="mtrl_picker_today_description" />
    <entry id="0x7f1000df" name="mtrl_picker_toggle_to_calendar_input_mode" />
    <entry id="0x7f1000e0" name="mtrl_picker_toggle_to_day_selection" />
    <entry id="0x7f1000e1" name="mtrl_picker_toggle_to_text_input_mode" />
    <entry id="0x7f1000e2" name="mtrl_picker_toggle_to_year_selection" />
    <entry id="0x7f1000e3" name="mtrl_switch_thumb_group_name" />
    <entry id="0x7f1000e4" name="mtrl_switch_thumb_path_checked" />
    <entry id="0x7f1000e5" name="mtrl_switch_thumb_path_morphing" />
    <entry id="0x7f1000e6" name="mtrl_switch_thumb_path_name" />
    <entry id="0x7f1000e7" name="mtrl_switch_thumb_path_pressed" />
    <entry id="0x7f1000e8" name="mtrl_switch_thumb_path_unchecked" />
    <entry id="0x7f1000e9" name="mtrl_switch_track_decoration_path" />
    <entry id="0x7f1000ea" name="mtrl_switch_track_path" />
    <entry id="0x7f1000eb" name="mtrl_timepicker_cancel" />
    <entry id="0x7f1000ec" name="mtrl_timepicker_confirm" />
    <entry id="0x7f1000ed" name="my_location" />
    <entry id="0x7f1000ee" name="no_gms" />
    <entry id="0x7f1000ef" name="no_reminders" />
    <entry id="0x7f1000f0" name="not_set" />
    <entry id="0x7f1000f1" name="offline" />
    <entry id="0x7f1000f2" name="open_source_path" />
    <entry id="0x7f1000f3" name="other" />
    <entry id="0x7f1000f4" name="password_toggle_content_description" />
    <entry id="0x7f1000f5" name="path_password_eye" />
    <entry id="0x7f1000f6" name="path_password_eye_mask_strike_through" />
    <entry id="0x7f1000f7" name="path_password_eye_mask_visible" />
    <entry id="0x7f1000f8" name="path_password_strike_through" />
    <entry id="0x7f1000f9" name="permission_setting" />
    <entry id="0x7f1000fa" name="preference_copied" />
    <entry id="0x7f1000fb" name="public_transport" />
    <entry id="0x7f1000fc" name="real_location" />
    <entry id="0x7f1000fd" name="remove_success" />
    <entry id="0x7f1000fe" name="restart_module" />
    <entry id="0x7f1000ff" name="roads_nl" />
    <entry id="0x7f100100" name="samples" />
    <entry id="0x7f100101" name="search_hint" />
    <entry id="0x7f100102" name="search_menu_title" />
    <entry id="0x7f100103" name="searchbar_scrolling_view_behavior" />
    <entry id="0x7f100104" name="searchview_clear_text_content_description" />
    <entry id="0x7f100105" name="searchview_navigation_content_description" />
    <entry id="0x7f100106" name="set_location" />
    <entry id="0x7f100107" name="set_mode_hide_me" />
    <entry id="0x7f100108" name="set_mode_offline" />
    <entry id="0x7f100109" name="set_mode_online" />
    <entry id="0x7f10010a" name="set_mode_show_me" />
    <entry id="0x7f10010b" name="setting" />
    <entry id="0x7f10010c" name="shortcut_name" />
    <entry id="0x7f10010d" name="side_sheet_accessibility_pane_title" />
    <entry id="0x7f10010e" name="side_sheet_behavior" />
    <entry id="0x7f10010f" name="snapshot" />
    <entry id="0x7f100110" name="start_fail" />
    <entry id="0x7f100111" name="start_in_outside" />
    <entry id="0x7f100112" name="states" />
    <entry id="0x7f100113" name="status_bar_notification_info_overflow" />
    <entry id="0x7f100114" name="summary_collapsed_preference_list" />
    <entry id="0x7f100115" name="text_empty" />
    <entry id="0x7f100116" name="text_retry" />
    <entry id="0x7f100117" name="dummy_ae_117" />
    <entry id="0x7f100118" name="topo" />
    <entry id="0x7f100119" name="try_add_shortcut" />
    <entry id="0x7f10011a" name="uninstall_app" />
    <entry id="0x7f10011b" name="uninstall_app_hint" />
    <entry id="0x7f10011c" name="uninstall_fail" />
    <entry id="0x7f10011d" name="uninstall_module" />
    <entry id="0x7f10011e" name="uninstall_module_hint" />
    <entry id="0x7f10011f" name="uninstall_module_toast" />
    <entry id="0x7f100120" name="uninstall_success" />
    <entry id="0x7f100121" name="unknown" />
    <entry id="0x7f100122" name="userRemark" />
    <entry id="0x7f100123" name="v7_preference_off" />
    <entry id="0x7f100124" name="v7_preference_on" />
    <entry id="0x7f100125" name="xp_setting" />
</type>