<?xml version='1.0' encoding='utf-8' ?>
<resources>
    <path name="abc_fade_in">res/anim/abc_fade_in.xml</path>
    <path name="abc_fade_out">res/anim/abc_fade_out.xml</path>
    <path name="abc_grow_fade_in_from_bottom">res/anim/abc_grow_fade_in_from_bottom.xml</path>
    <path name="abc_popup_enter">res/anim/abc_popup_enter.xml</path>
    <path name="abc_popup_exit">res/anim/abc_popup_exit.xml</path>
    <path name="abc_shrink_fade_out_from_bottom">res/anim/abc_shrink_fade_out_from_bottom.xml</path>
    <path name="abc_slide_in_bottom">res/anim/abc_slide_in_bottom.xml</path>
    <path name="abc_slide_in_top">res/anim/abc_slide_in_top.xml</path>
    <path name="abc_slide_out_bottom">res/anim/abc_slide_out_bottom.xml</path>
    <path name="abc_slide_out_top">res/anim/abc_slide_out_top.xml</path>
    <path name="abc_tooltip_enter">res/anim/abc_tooltip_enter.xml</path>
    <path name="abc_tooltip_exit">res/anim/abc_tooltip_exit.xml</path>
    <path name="btn_checkbox_to_checked_box_inner_merged_animation">res/anim/btn_checkbox_to_checked_box_inner_merged_animation.xml</path>
    <path name="btn_checkbox_to_checked_box_outer_merged_animation">res/anim/btn_checkbox_to_checked_box_outer_merged_animation.xml</path>
    <path name="btn_checkbox_to_checked_icon_null_animation">res/anim/btn_checkbox_to_checked_icon_null_animation.xml</path>
    <path name="btn_checkbox_to_unchecked_box_inner_merged_animation">res/anim/btn_checkbox_to_unchecked_box_inner_merged_animation.xml</path>
    <path name="btn_checkbox_to_unchecked_check_path_merged_animation">res/anim/btn_checkbox_to_unchecked_check_path_merged_animation.xml</path>
    <path name="btn_checkbox_to_unchecked_icon_null_animation">res/anim/btn_checkbox_to_unchecked_icon_null_animation.xml</path>
    <path name="btn_radio_to_off_mtrl_dot_group_animation">res/anim/btn_radio_to_off_mtrl_dot_group_animation.xml</path>
    <path name="btn_radio_to_off_mtrl_ring_outer_animation">res/anim/btn_radio_to_off_mtrl_ring_outer_animation.xml</path>
    <path name="btn_radio_to_off_mtrl_ring_outer_path_animation">res/anim/btn_radio_to_off_mtrl_ring_outer_path_animation.xml</path>
    <path name="btn_radio_to_on_mtrl_dot_group_animation">res/anim/btn_radio_to_on_mtrl_dot_group_animation.xml</path>
    <path name="btn_radio_to_on_mtrl_ring_outer_animation">res/anim/btn_radio_to_on_mtrl_ring_outer_animation.xml</path>
    <path name="btn_radio_to_on_mtrl_ring_outer_path_animation">res/anim/btn_radio_to_on_mtrl_ring_outer_path_animation.xml</path>
    <path name="decelerate_cubic">res/anim/decelerate_cubic.xml</path>
    <path name="design_bottom_sheet_slide_in">res/anim/design_bottom_sheet_slide_in.xml</path>
    <path name="design_bottom_sheet_slide_out">res/anim/design_bottom_sheet_slide_out.xml</path>
    <path name="design_snackbar_in">res/anim/design_snackbar_in.xml</path>
    <path name="design_snackbar_out">res/anim/design_snackbar_out.xml</path>
    <path name="fragment_fast_out_extra_slow_in">res/anim/fragment_fast_out_extra_slow_in.xml</path>
    <path name="linear_indeterminate_line1_head_interpolator">res/anim/linear_indeterminate_line1_head_interpolator.xml</path>
    <path name="linear_indeterminate_line1_tail_interpolator">res/anim/linear_indeterminate_line1_tail_interpolator.xml</path>
    <path name="linear_indeterminate_line2_head_interpolator">res/anim/linear_indeterminate_line2_head_interpolator.xml</path>
    <path name="linear_indeterminate_line2_tail_interpolator">res/anim/linear_indeterminate_line2_tail_interpolator.xml</path>
    <path name="m3_bottom_sheet_slide_in">res/anim/m3_bottom_sheet_slide_in.xml</path>
    <path name="m3_bottom_sheet_slide_out">res/anim/m3_bottom_sheet_slide_out.xml</path>
    <path name="m3_motion_fade_enter">res/anim/m3_motion_fade_enter.xml</path>
    <path name="m3_motion_fade_exit">res/anim/m3_motion_fade_exit.xml</path>
    <path name="m3_side_sheet_slide_in">res/anim/m3_side_sheet_slide_in.xml</path>
    <path name="m3_side_sheet_slide_out">res/anim/m3_side_sheet_slide_out.xml</path>
    <path name="mtrl_bottom_sheet_slide_in">res/anim/mtrl_bottom_sheet_slide_in.xml</path>
    <path name="mtrl_bottom_sheet_slide_out">res/anim/mtrl_bottom_sheet_slide_out.xml</path>
    <path name="mtrl_card_lowers_interpolator">res/anim/mtrl_card_lowers_interpolator.xml</path>
    <path name="popup_enter">res/anim/popup_enter.xml</path>
    <path name="popup_exit">res/anim/popup_exit.xml</path>
</resources>