<?xml version='1.0' encoding='utf-8' ?>
<type id="0x09" defaultPublic="true">
    <entry id="0x7f090000" name="abc_config_activityDefaultDur" />
    <entry id="0x7f090001" name="abc_config_activityShortDur" />
    <entry id="0x7f090002" name="app_bar_elevation_anim_duration" />
    <entry id="0x7f090003" name="bottom_sheet_slide_duration" />
    <entry id="0x7f090004" name="cancel_button_image_alpha" />
    <entry id="0x7f090005" name="config_tooltipAnimTime" />
    <entry id="0x7f090006" name="design_snackbar_text_max_lines" />
    <entry id="0x7f090007" name="design_tab_indicator_anim_duration_ms" />
    <entry id="0x7f090008" name="hide_password_duration" />
    <entry id="0x7f090009" name="m3_btn_anim_delay_ms" />
    <entry id="0x7f09000a" name="m3_btn_anim_duration_ms" />
    <entry id="0x7f09000b" name="m3_card_anim_delay_ms" />
    <entry id="0x7f09000c" name="m3_card_anim_duration_ms" />
    <entry id="0x7f09000d" name="m3_chip_anim_duration" />
    <entry id="0x7f09000e" name="m3_sys_motion_duration_extra_long1" />
    <entry id="0x7f09000f" name="m3_sys_motion_duration_extra_long2" />
    <entry id="0x7f090010" name="m3_sys_motion_duration_extra_long3" />
    <entry id="0x7f090011" name="m3_sys_motion_duration_extra_long4" />
    <entry id="0x7f090012" name="m3_sys_motion_duration_long1" />
    <entry id="0x7f090013" name="m3_sys_motion_duration_long2" />
    <entry id="0x7f090014" name="m3_sys_motion_duration_long3" />
    <entry id="0x7f090015" name="m3_sys_motion_duration_long4" />
    <entry id="0x7f090016" name="m3_sys_motion_duration_medium1" />
    <entry id="0x7f090017" name="m3_sys_motion_duration_medium2" />
    <entry id="0x7f090018" name="m3_sys_motion_duration_medium3" />
    <entry id="0x7f090019" name="m3_sys_motion_duration_medium4" />
    <entry id="0x7f09001a" name="m3_sys_motion_duration_short1" />
    <entry id="0x7f09001b" name="m3_sys_motion_duration_short2" />
    <entry id="0x7f09001c" name="m3_sys_motion_duration_short3" />
    <entry id="0x7f09001d" name="m3_sys_motion_duration_short4" />
    <entry id="0x7f09001e" name="m3_sys_motion_path" />
    <entry id="0x7f09001f" name="m3_sys_shape_corner_extra_large_corner_family" />
    <entry id="0x7f090020" name="m3_sys_shape_corner_extra_small_corner_family" />
    <entry id="0x7f090021" name="m3_sys_shape_corner_full_corner_family" />
    <entry id="0x7f090022" name="m3_sys_shape_corner_large_corner_family" />
    <entry id="0x7f090023" name="m3_sys_shape_corner_medium_corner_family" />
    <entry id="0x7f090024" name="m3_sys_shape_corner_small_corner_family" />
    <entry id="0x7f090025" name="material_motion_duration_long_1" />
    <entry id="0x7f090026" name="material_motion_duration_long_2" />
    <entry id="0x7f090027" name="material_motion_duration_medium_1" />
    <entry id="0x7f090028" name="material_motion_duration_medium_2" />
    <entry id="0x7f090029" name="material_motion_duration_short_1" />
    <entry id="0x7f09002a" name="material_motion_duration_short_2" />
    <entry id="0x7f09002b" name="material_motion_path" />
    <entry id="0x7f09002c" name="mtrl_badge_max_character_count" />
    <entry id="0x7f09002d" name="mtrl_btn_anim_delay_ms" />
    <entry id="0x7f09002e" name="mtrl_btn_anim_duration_ms" />
    <entry id="0x7f09002f" name="mtrl_calendar_header_orientation" />
    <entry id="0x7f090030" name="mtrl_calendar_selection_text_lines" />
    <entry id="0x7f090031" name="mtrl_calendar_year_selector_span" />
    <entry id="0x7f090032" name="mtrl_card_anim_delay_ms" />
    <entry id="0x7f090033" name="mtrl_card_anim_duration_ms" />
    <entry id="0x7f090034" name="mtrl_chip_anim_duration" />
    <entry id="0x7f090035" name="mtrl_switch_thumb_motion_duration" />
    <entry id="0x7f090036" name="mtrl_switch_thumb_post_morphing_duration" />
    <entry id="0x7f090037" name="mtrl_switch_thumb_pre_morphing_duration" />
    <entry id="0x7f090038" name="mtrl_switch_thumb_pressed_duration" />
    <entry id="0x7f090039" name="mtrl_switch_thumb_viewport_center_coordinate" />
    <entry id="0x7f09003a" name="mtrl_switch_thumb_viewport_size" />
    <entry id="0x7f09003b" name="mtrl_switch_track_viewport_height" />
    <entry id="0x7f09003c" name="mtrl_switch_track_viewport_width" />
    <entry id="0x7f09003d" name="mtrl_tab_indicator_anim_duration_ms" />
    <entry id="0x7f09003e" name="mtrl_view_gone" />
    <entry id="0x7f09003f" name="mtrl_view_invisible" />
    <entry id="0x7f090040" name="mtrl_view_visible" />
    <entry id="0x7f090041" name="preferences_detail_pane_weight" />
    <entry id="0x7f090042" name="preferences_header_pane_weight" />
    <entry id="0x7f090043" name="show_password_duration" />
    <entry id="0x7f090044" name="status_bar_notification_info_maxnum" />
</type>