<?xml version='1.0' encoding='utf-8' ?>
<resources>
    <path name="drawable0000">res/drawable/$avd_hide_password__0.xml</path>
    <path name="drawable0001">res/drawable/$avd_hide_password__1.xml</path>
    <path name="drawable0002">res/drawable/$avd_hide_password__2.xml</path>
    <path name="drawable0003">res/drawable/$avd_show_password__0.xml</path>
    <path name="drawable0004">res/drawable/$avd_show_password__1.xml</path>
    <path name="drawable0005">res/drawable/$avd_show_password__2.xml</path>
    <path name="drawable0008">res/drawable/$m3_avd_hide_password__0.xml</path>
    <path name="drawable0009">res/drawable/$m3_avd_hide_password__1.xml</path>
    <path name="drawable000a">res/drawable/$m3_avd_hide_password__2.xml</path>
    <path name="drawable000b">res/drawable/$m3_avd_show_password__0.xml</path>
    <path name="drawable000c">res/drawable/$m3_avd_show_password__1.xml</path>
    <path name="drawable000d">res/drawable/$m3_avd_show_password__2.xml</path>
    <path name="drawable000e">res/drawable/$mtrl_checkbox_button_checked_unchecked__0.xml</path>
    <path name="drawable000f">res/drawable/$mtrl_checkbox_button_checked_unchecked__1.xml</path>
    <path name="drawable0010">res/drawable/$mtrl_checkbox_button_checked_unchecked__2.xml</path>
    <path name="drawable0011">res/drawable/$mtrl_checkbox_button_icon_checked_indeterminate__0.xml</path>
    <path name="drawable0012">res/drawable/$mtrl_checkbox_button_icon_checked_unchecked__0.xml</path>
    <path name="drawable0013">res/drawable/$mtrl_checkbox_button_icon_checked_unchecked__1.xml</path>
    <path name="drawable0014">res/drawable/$mtrl_checkbox_button_icon_checked_unchecked__2.xml</path>
    <path name="drawable0015">res/drawable/$mtrl_checkbox_button_icon_indeterminate_checked__0.xml</path>
    <path name="drawable0016">res/drawable/$mtrl_checkbox_button_icon_indeterminate_unchecked__0.xml</path>
    <path name="drawable0017">res/drawable/$mtrl_checkbox_button_icon_indeterminate_unchecked__1.xml</path>
    <path name="drawable0018">res/drawable/$mtrl_checkbox_button_icon_indeterminate_unchecked__2.xml</path>
    <path name="drawable0019">res/drawable/$mtrl_checkbox_button_icon_unchecked_checked__0.xml</path>
    <path name="drawable001a">res/drawable/$mtrl_checkbox_button_icon_unchecked_checked__1.xml</path>
    <path name="drawable001b">res/drawable/$mtrl_checkbox_button_icon_unchecked_checked__2.xml</path>
    <path name="drawable001c">res/drawable/$mtrl_checkbox_button_icon_unchecked_indeterminate__0.xml</path>
    <path name="drawable001d">res/drawable/$mtrl_checkbox_button_icon_unchecked_indeterminate__1.xml</path>
    <path name="drawable001e">res/drawable/$mtrl_checkbox_button_icon_unchecked_indeterminate__2.xml</path>
    <path name="drawable001f">res/drawable/$mtrl_checkbox_button_unchecked_checked__0.xml</path>
    <path name="drawable0020">res/drawable/$mtrl_checkbox_button_unchecked_checked__1.xml</path>
    <path name="drawable0021">res/drawable/$mtrl_checkbox_button_unchecked_checked__2.xml</path>
    <path name="drawable0022">res/drawable/$mtrl_switch_thumb_checked_pressed__0.xml</path>
    <path name="drawable0023">res/drawable/$mtrl_switch_thumb_checked_unchecked__0.xml</path>
    <path name="drawable0024">res/drawable/$mtrl_switch_thumb_checked_unchecked__1.xml</path>
    <path name="drawable0025">res/drawable/$mtrl_switch_thumb_pressed_checked__0.xml</path>
    <path name="drawable0026">res/drawable/$mtrl_switch_thumb_pressed_unchecked__0.xml</path>
    <path name="drawable0027">res/drawable/$mtrl_switch_thumb_unchecked_checked__0.xml</path>
    <path name="drawable0028">res/drawable/$mtrl_switch_thumb_unchecked_checked__1.xml</path>
    <path name="drawable0029">res/drawable/$mtrl_switch_thumb_unchecked_pressed__0.xml</path>
    <path name="abc_action_bar_item_background_material">res/drawable/abc_action_bar_item_background_material.xml</path>
    <path name="abc_btn_borderless_material">res/drawable/abc_btn_borderless_material.xml</path>
    <path name="abc_btn_check_material">res/drawable/abc_btn_check_material.xml</path>
    <path name="abc_btn_check_material_anim">res/drawable/abc_btn_check_material_anim.xml</path>
    <path name="abc_btn_colored_material">res/drawable/abc_btn_colored_material.xml</path>
    <path name="abc_btn_default_mtrl_shape">res/drawable/abc_btn_default_mtrl_shape.xml</path>
    <path name="abc_btn_radio_material">res/drawable/abc_btn_radio_material.xml</path>
    <path name="abc_btn_radio_material_anim">res/drawable/abc_btn_radio_material_anim.xml</path>
    <path name="abc_cab_background_internal_bg">res/drawable/abc_cab_background_internal_bg.xml</path>
    <path name="abc_cab_background_top_material">res/drawable/abc_cab_background_top_material.xml</path>
    <path name="abc_dialog_material_background">res/drawable/abc_dialog_material_background.xml</path>
    <path name="abc_edit_text_material">res/drawable/abc_edit_text_material.xml</path>
    <path name="abc_ic_ab_back_material">res/drawable/abc_ic_ab_back_material.xml</path>
    <path name="abc_ic_arrow_drop_right_black_24dp">res/drawable/abc_ic_arrow_drop_right_black_24dp.xml</path>
    <path name="abc_ic_clear_material">res/drawable/abc_ic_clear_material.xml</path>
    <path name="abc_ic_go_search_api_material">res/drawable/abc_ic_go_search_api_material.xml</path>
    <path name="abc_ic_menu_copy_mtrl_am_alpha">res/drawable/abc_ic_menu_copy_mtrl_am_alpha.xml</path>
    <path name="abc_ic_menu_cut_mtrl_alpha">res/drawable/abc_ic_menu_cut_mtrl_alpha.xml</path>
    <path name="abc_ic_menu_overflow_material">res/drawable/abc_ic_menu_overflow_material.xml</path>
    <path name="abc_ic_menu_paste_mtrl_am_alpha">res/drawable/abc_ic_menu_paste_mtrl_am_alpha.xml</path>
    <path name="abc_ic_menu_selectall_mtrl_alpha">res/drawable/abc_ic_menu_selectall_mtrl_alpha.xml</path>
    <path name="abc_ic_menu_share_mtrl_alpha">res/drawable/abc_ic_menu_share_mtrl_alpha.xml</path>
    <path name="abc_ic_search_api_material">res/drawable/abc_ic_search_api_material.xml</path>
    <path name="abc_ic_voice_search_api_material">res/drawable/abc_ic_voice_search_api_material.xml</path>
    <path name="abc_item_background_holo_dark">res/drawable/abc_item_background_holo_dark.xml</path>
    <path name="abc_item_background_holo_light">res/drawable/abc_item_background_holo_light.xml</path>
    <path name="abc_list_divider_material">res/drawable/abc_list_divider_material.xml</path>
    <path name="abc_list_selector_background_transition_holo_dark">res/drawable/abc_list_selector_background_transition_holo_dark.xml</path>
    <path name="abc_list_selector_background_transition_holo_light">res/drawable/abc_list_selector_background_transition_holo_light.xml</path>
    <path name="abc_list_selector_holo_dark">res/drawable/abc_list_selector_holo_dark.xml</path>
    <path name="abc_list_selector_holo_light">res/drawable/abc_list_selector_holo_light.xml</path>
    <path name="abc_ratingbar_indicator_material">res/drawable/abc_ratingbar_indicator_material.xml</path>
    <path name="abc_ratingbar_material">res/drawable/abc_ratingbar_material.xml</path>
    <path name="abc_ratingbar_small_material">res/drawable/abc_ratingbar_small_material.xml</path>
    <path name="abc_seekbar_thumb_material">res/drawable/abc_seekbar_thumb_material.xml</path>
    <path name="abc_seekbar_tick_mark_material">res/drawable/abc_seekbar_tick_mark_material.xml</path>
    <path name="abc_seekbar_track_material">res/drawable/abc_seekbar_track_material.xml</path>
    <path name="abc_spinner_textfield_background_material">res/drawable/abc_spinner_textfield_background_material.xml</path>
    <path name="abc_star_black_48dp">res/drawable/abc_star_black_48dp.xml</path>
    <path name="abc_star_half_black_48dp">res/drawable/abc_star_half_black_48dp.xml</path>
    <path name="abc_switch_thumb_material">res/drawable/abc_switch_thumb_material.xml</path>
    <path name="abc_tab_indicator_material">res/drawable/abc_tab_indicator_material.xml</path>
    <path name="abc_text_cursor_material">res/drawable/abc_text_cursor_material.xml</path>
    <path name="abc_textfield_search_material">res/drawable/abc_textfield_search_material.xml</path>
    <path name="abc_vector_test">res/drawable/abc_vector_test.xml</path>
    <path name="avd_hide_password">res/drawable/avd_hide_password.xml</path>
    <path name="avd_show_password">res/drawable/avd_show_password.xml</path>
    <path name="background">res/drawable/background.xml</path>
    <path name="bonuspack_bubble">res/drawable/bonuspack_bubble.9.png</path>
    <path name="btn_checkbox_checked_mtrl">res/drawable/btn_checkbox_checked_mtrl.xml</path>
    <path name="btn_checkbox_checked_to_unchecked_mtrl_animation">res/drawable/btn_checkbox_checked_to_unchecked_mtrl_animation.xml</path>
    <path name="btn_checkbox_unchecked_mtrl">res/drawable/btn_checkbox_unchecked_mtrl.xml</path>
    <path name="btn_checkbox_unchecked_to_checked_mtrl_animation">res/drawable/btn_checkbox_unchecked_to_checked_mtrl_animation.xml</path>
    <path name="btn_moreinfo">res/drawable/btn_moreinfo.xml</path>
    <path name="btn_radio_off_mtrl">res/drawable/btn_radio_off_mtrl.xml</path>
    <path name="btn_radio_off_to_on_mtrl_animation">res/drawable/btn_radio_off_to_on_mtrl_animation.xml</path>
    <path name="btn_radio_on_mtrl">res/drawable/btn_radio_on_mtrl.xml</path>
    <path name="btn_radio_on_to_off_mtrl_animation">res/drawable/btn_radio_on_to_off_mtrl_animation.xml</path>
    <path name="center">res/drawable/center.png</path>
    <path name="design_fab_background">res/drawable/design_fab_background.xml</path>
    <path name="design_ic_visibility">res/drawable/design_ic_visibility.xml</path>
    <path name="design_ic_visibility_off">res/drawable/design_ic_visibility_off.xml</path>
    <path name="design_password_eye">res/drawable/design_password_eye.xml</path>
    <path name="design_snackbar_background">res/drawable/design_snackbar_background.xml</path>
    <path name="dot_background">res/drawable/dot_background.xml</path>
    <path name="ic_arrow_back_black_24">res/drawable/ic_arrow_back_black_24.xml</path>
    <path name="ic_arrow_back_black_24dp">res/drawable/ic_arrow_back_black_24dp.xml</path>
    <path name="ic_arrow_down_24dp">res/drawable/ic_arrow_down_24dp.xml</path>
    <path name="ic_clear_black_24">res/drawable/ic_clear_black_24.xml</path>
    <path name="ic_clock_black_24dp">res/drawable/ic_clock_black_24dp.xml</path>
    <path name="ic_close_black_24dp">res/drawable/ic_close_black_24dp.xml</path>
    <path name="ic_keyboard_black_24dp">res/drawable/ic_keyboard_black_24dp.xml</path>
    <path name="ic_launcher_background">res/drawable/ic_launcher_background.xml</path>
    <path name="ic_logo">res/drawable/ic_logo.png</path>
    <path name="ic_m3_chip_check">res/drawable/ic_m3_chip_check.xml</path>
    <path name="ic_m3_chip_checked_circle">res/drawable/ic_m3_chip_checked_circle.xml</path>
    <path name="ic_m3_chip_close">res/drawable/ic_m3_chip_close.xml</path>
    <path name="ic_menu_compass">res/drawable/ic_menu_compass.png</path>
    <path name="ic_menu_mapmode">res/drawable/ic_menu_mapmode.png</path>
    <path name="ic_menu_mylocation">res/drawable/ic_menu_mylocation.png</path>
    <path name="ic_menu_offline">res/drawable/ic_menu_offline.png</path>
    <path name="ic_mtrl_checked_circle">res/drawable/ic_mtrl_checked_circle.xml</path>
    <path name="ic_mtrl_chip_checked_black">res/drawable/ic_mtrl_chip_checked_black.xml</path>
    <path name="ic_mtrl_chip_checked_circle">res/drawable/ic_mtrl_chip_checked_circle.xml</path>
    <path name="ic_mtrl_chip_close_circle">res/drawable/ic_mtrl_chip_close_circle.xml</path>
    <path name="ic_search_black_24">res/drawable/ic_search_black_24.xml</path>
    <path name="ic_search_black_24dp">res/drawable/ic_search_black_24dp.xml</path>
    <path name="ic_voice_search_black_24dp">res/drawable/ic_voice_search_black_24dp.xml</path>
    <path name="imuxuan">res/drawable/imuxuan.png</path>
    <path name="m3_avd_hide_password">res/drawable/m3_avd_hide_password.xml</path>
    <path name="m3_avd_show_password">res/drawable/m3_avd_show_password.xml</path>
    <path name="m3_password_eye">res/drawable/m3_password_eye.xml</path>
    <path name="m3_popupmenu_background_overlay">res/drawable/m3_popupmenu_background_overlay.xml</path>
    <path name="m3_tabs_background">res/drawable/m3_tabs_background.xml</path>
    <path name="m3_tabs_line_indicator">res/drawable/m3_tabs_line_indicator.xml</path>
    <path name="m3_tabs_rounded_line_indicator">res/drawable/m3_tabs_rounded_line_indicator.xml</path>
    <path name="material_cursor_drawable">res/drawable/material_cursor_drawable.xml</path>
    <path name="material_ic_calendar_black_24dp">res/drawable/material_ic_calendar_black_24dp.xml</path>
    <path name="material_ic_clear_black_24dp">res/drawable/material_ic_clear_black_24dp.xml</path>
    <path name="material_ic_edit_black_24dp">res/drawable/material_ic_edit_black_24dp.xml</path>
    <path name="material_ic_keyboard_arrow_left_black_24dp">res/drawable/material_ic_keyboard_arrow_left_black_24dp.xml</path>
    <path name="material_ic_keyboard_arrow_next_black_24dp">@drawable/material_ic_keyboard_arrow_right_black_24dp</path>
    <path name="material_ic_keyboard_arrow_previous_black_24dp">@drawable/material_ic_keyboard_arrow_left_black_24dp</path>
    <path name="material_ic_keyboard_arrow_right_black_24dp">res/drawable/material_ic_keyboard_arrow_right_black_24dp.xml</path>
    <path name="material_ic_menu_arrow_down_black_24dp">res/drawable/material_ic_menu_arrow_down_black_24dp.xml</path>
    <path name="material_ic_menu_arrow_up_black_24dp">res/drawable/material_ic_menu_arrow_up_black_24dp.xml</path>
    <path name="md_btn_selected">res/drawable/md_btn_selected.xml</path>
    <path name="md_btn_selected_dark">res/drawable/md_btn_selected_dark.xml</path>
    <path name="md_btn_selector">res/drawable/md_btn_selector.xml</path>
    <path name="md_btn_selector_dark">res/drawable/md_btn_selector_dark.xml</path>
    <path name="md_btn_shape">res/drawable/md_btn_shape.xml</path>
    <path name="md_item_selected">res/drawable/md_item_selected.xml</path>
    <path name="md_item_selected_dark">res/drawable/md_item_selected_dark.xml</path>
    <path name="md_item_selector">res/drawable/md_item_selector.xml</path>
    <path name="md_item_selector_dark">res/drawable/md_item_selector_dark.xml</path>
    <path name="md_item_shape">res/drawable/md_item_shape.xml</path>
    <path name="md_transparent">res/drawable/md_transparent.xml</path>
    <path name="moreinfo_arrow">res/drawable/moreinfo_arrow.png</path>
    <path name="moreinfo_arrow_pressed">res/drawable/moreinfo_arrow_pressed.png</path>
    <path name="mtrl_bottomsheet_drag_handle">res/drawable/mtrl_bottomsheet_drag_handle.xml</path>
    <path name="mtrl_checkbox_button">res/drawable/mtrl_checkbox_button.xml</path>
    <path name="mtrl_checkbox_button_checked_unchecked">res/drawable/mtrl_checkbox_button_checked_unchecked.xml</path>
    <path name="mtrl_checkbox_button_icon">res/drawable/mtrl_checkbox_button_icon.xml</path>
    <path name="mtrl_checkbox_button_icon_checked_indeterminate">res/drawable/mtrl_checkbox_button_icon_checked_indeterminate.xml</path>
    <path name="mtrl_checkbox_button_icon_checked_unchecked">res/drawable/mtrl_checkbox_button_icon_checked_unchecked.xml</path>
    <path name="mtrl_checkbox_button_icon_indeterminate_checked">res/drawable/mtrl_checkbox_button_icon_indeterminate_checked.xml</path>
    <path name="mtrl_checkbox_button_icon_indeterminate_unchecked">res/drawable/mtrl_checkbox_button_icon_indeterminate_unchecked.xml</path>
    <path name="mtrl_checkbox_button_icon_unchecked_checked">res/drawable/mtrl_checkbox_button_icon_unchecked_checked.xml</path>
    <path name="mtrl_checkbox_button_icon_unchecked_indeterminate">res/drawable/mtrl_checkbox_button_icon_unchecked_indeterminate.xml</path>
    <path name="mtrl_checkbox_button_unchecked_checked">res/drawable/mtrl_checkbox_button_unchecked_checked.xml</path>
    <path name="mtrl_dialog_background">res/drawable/mtrl_dialog_background.xml</path>
    <path name="mtrl_dropdown_arrow">res/drawable/mtrl_dropdown_arrow.xml</path>
    <path name="mtrl_ic_arrow_drop_down">res/drawable/mtrl_ic_arrow_drop_down.xml</path>
    <path name="mtrl_ic_arrow_drop_up">res/drawable/mtrl_ic_arrow_drop_up.xml</path>
    <path name="mtrl_ic_cancel">res/drawable/mtrl_ic_cancel.xml</path>
    <path name="mtrl_ic_check_mark">res/drawable/mtrl_ic_check_mark.xml</path>
    <path name="mtrl_ic_checkbox_checked">res/drawable/mtrl_ic_checkbox_checked.xml</path>
    <path name="mtrl_ic_checkbox_unchecked">res/drawable/mtrl_ic_checkbox_unchecked.xml</path>
    <path name="mtrl_ic_error">res/drawable/mtrl_ic_error.xml</path>
    <path name="mtrl_ic_indeterminate">res/drawable/mtrl_ic_indeterminate.xml</path>
    <path name="mtrl_navigation_bar_item_background">res/drawable/mtrl_navigation_bar_item_background.xml</path>
    <path name="mtrl_popupmenu_background">res/drawable/mtrl_popupmenu_background.xml</path>
    <path name="mtrl_popupmenu_background_overlay">res/drawable/mtrl_popupmenu_background_overlay.xml</path>
    <path name="mtrl_switch_thumb">res/drawable/mtrl_switch_thumb.xml</path>
    <path name="mtrl_switch_thumb_checked">res/drawable/mtrl_switch_thumb_checked.xml</path>
    <path name="mtrl_switch_thumb_checked_pressed">res/drawable/mtrl_switch_thumb_checked_pressed.xml</path>
    <path name="mtrl_switch_thumb_checked_unchecked">res/drawable/mtrl_switch_thumb_checked_unchecked.xml</path>
    <path name="mtrl_switch_thumb_pressed">res/drawable/mtrl_switch_thumb_pressed.xml</path>
    <path name="mtrl_switch_thumb_pressed_checked">res/drawable/mtrl_switch_thumb_pressed_checked.xml</path>
    <path name="mtrl_switch_thumb_pressed_unchecked">res/drawable/mtrl_switch_thumb_pressed_unchecked.xml</path>
    <path name="mtrl_switch_thumb_unchecked">res/drawable/mtrl_switch_thumb_unchecked.xml</path>
    <path name="mtrl_switch_thumb_unchecked_checked">res/drawable/mtrl_switch_thumb_unchecked_checked.xml</path>
    <path name="mtrl_switch_thumb_unchecked_pressed">res/drawable/mtrl_switch_thumb_unchecked_pressed.xml</path>
    <path name="mtrl_switch_track">res/drawable/mtrl_switch_track.xml</path>
    <path name="mtrl_switch_track_decoration">res/drawable/mtrl_switch_track_decoration.xml</path>
    <path name="mtrl_tabs_default_indicator">res/drawable/mtrl_tabs_default_indicator.xml</path>
    <path name="navigation_empty_icon">res/drawable/navigation_empty_icon.xml</path>
    <path name="navto_small">res/drawable/navto_small.png</path>
    <path name="next">res/drawable/next.png</path>
    <path name="notification_action_background">res/drawable/notification_action_background.xml</path>
    <path name="notification_bg">res/drawable/notification_bg.xml</path>
    <path name="notification_bg_low">res/drawable/notification_bg_low.xml</path>
    <path name="notification_icon_background">res/drawable/notification_icon_background.xml</path>
    <color name="notification_template_icon_bg">#3333b5e5</color>
    <color name="notification_template_icon_low_bg">#0cffffff</color>
    <path name="notification_tile_bg">res/drawable/notification_tile_bg.xml</path>
    <path name="preference_list_divider_material">res/drawable/preference_list_divider_material.xml</path>
    <path name="previous">res/drawable/previous.png</path>
    <path name="splash">res/drawable/splash.xml</path>
    <path name="spring_dot_background">res/drawable/spring_dot_background.xml</path>
    <path name="spring_dot_stroke_background">res/drawable/spring_dot_stroke_background.xml</path>
    <path name="test_level_drawable">res/drawable/test_level_drawable.xml</path>
    <path name="tooltip_frame_dark">res/drawable/tooltip_frame_dark.xml</path>
    <path name="tooltip_frame_light">res/drawable/tooltip_frame_light.xml</path>
    <path name="worm_dot_background">res/drawable/worm_dot_background.xml</path>
    <path name="worm_dot_stroke_background">res/drawable/worm_dot_stroke_background.xml</path>
    <path name="zoom_in">res/drawable/zoom_in.png</path>
    <path name="zoom_out">res/drawable/zoom_out.png</path>
</resources>