<?xml version='1.0' encoding='utf-8' ?>
<resources>
    <path name="abc_ab_share_pack_mtrl_alpha">res/drawable-xxhdpi-v4/abc_ab_share_pack_mtrl_alpha.9.png</path>
    <path name="abc_btn_check_to_on_mtrl_000">res/drawable-xxhdpi-v4/abc_btn_check_to_on_mtrl_000.png</path>
    <path name="abc_btn_check_to_on_mtrl_015">res/drawable-xxhdpi-v4/abc_btn_check_to_on_mtrl_015.png</path>
    <path name="abc_btn_radio_to_on_mtrl_000">res/drawable-xxhdpi-v4/abc_btn_radio_to_on_mtrl_000.png</path>
    <path name="abc_btn_radio_to_on_mtrl_015">res/drawable-xxhdpi-v4/abc_btn_radio_to_on_mtrl_015.png</path>
    <path name="abc_btn_switch_to_on_mtrl_00001">res/drawable-xxhdpi-v4/abc_btn_switch_to_on_mtrl_00001.9.png</path>
    <path name="abc_btn_switch_to_on_mtrl_00012">res/drawable-xxhdpi-v4/abc_btn_switch_to_on_mtrl_00012.9.png</path>
    <path name="abc_cab_background_top_mtrl_alpha">res/drawable-xxhdpi-v4/abc_cab_background_top_mtrl_alpha.9.png</path>
    <path name="abc_ic_commit_search_api_mtrl_alpha">res/drawable-xxhdpi-v4/abc_ic_commit_search_api_mtrl_alpha.png</path>
    <path name="abc_list_divider_mtrl_alpha">res/drawable-xxhdpi-v4/abc_list_divider_mtrl_alpha.9.png</path>
    <path name="abc_list_focused_holo">res/drawable-xxhdpi-v4/abc_list_focused_holo.9.png</path>
    <path name="abc_list_longpressed_holo">res/drawable-xxhdpi-v4/abc_list_longpressed_holo.9.png</path>
    <path name="abc_list_pressed_holo_dark">res/drawable-xxhdpi-v4/abc_list_pressed_holo_dark.9.png</path>
    <path name="abc_list_pressed_holo_light">res/drawable-xxhdpi-v4/abc_list_pressed_holo_light.9.png</path>
    <path name="abc_list_selector_disabled_holo_dark">res/drawable-xxhdpi-v4/abc_list_selector_disabled_holo_dark.9.png</path>
    <path name="abc_list_selector_disabled_holo_light">res/drawable-xxhdpi-v4/abc_list_selector_disabled_holo_light.9.png</path>
    <path name="abc_menu_hardkey_panel_mtrl_mult">res/drawable-xxhdpi-v4/abc_menu_hardkey_panel_mtrl_mult.9.png</path>
    <path name="abc_popup_background_mtrl_mult">res/drawable-xxhdpi-v4/abc_popup_background_mtrl_mult.9.png</path>
    <path name="abc_scrubber_control_off_mtrl_alpha">res/drawable-xxhdpi-v4/abc_scrubber_control_off_mtrl_alpha.png</path>
    <path name="abc_scrubber_control_to_pressed_mtrl_000">res/drawable-xxhdpi-v4/abc_scrubber_control_to_pressed_mtrl_000.png</path>
    <path name="abc_scrubber_control_to_pressed_mtrl_005">res/drawable-xxhdpi-v4/abc_scrubber_control_to_pressed_mtrl_005.png</path>
    <path name="abc_scrubber_primary_mtrl_alpha">res/drawable-xxhdpi-v4/abc_scrubber_primary_mtrl_alpha.9.png</path>
    <path name="abc_scrubber_track_mtrl_alpha">res/drawable-xxhdpi-v4/abc_scrubber_track_mtrl_alpha.9.png</path>
    <path name="abc_spinner_mtrl_am_alpha">res/drawable-xxhdpi-v4/abc_spinner_mtrl_am_alpha.9.png</path>
    <path name="abc_switch_track_mtrl_alpha">res/drawable-xxhdpi-v4/abc_switch_track_mtrl_alpha.9.png</path>
    <path name="abc_tab_indicator_mtrl_alpha">res/drawable-xxhdpi-v4/abc_tab_indicator_mtrl_alpha.9.png</path>
    <path name="abc_text_select_handle_left_mtrl">res/drawable-xxhdpi-v4/abc_text_select_handle_left_mtrl.png</path>
    <path name="abc_text_select_handle_middle_mtrl">res/drawable-xxhdpi-v4/abc_text_select_handle_middle_mtrl.png</path>
    <path name="abc_text_select_handle_right_mtrl">res/drawable-xxhdpi-v4/abc_text_select_handle_right_mtrl.png</path>
    <path name="abc_textfield_activated_mtrl_alpha">res/drawable-xxhdpi-v4/abc_textfield_activated_mtrl_alpha.9.png</path>
    <path name="abc_textfield_default_mtrl_alpha">res/drawable-xxhdpi-v4/abc_textfield_default_mtrl_alpha.9.png</path>
    <path name="abc_textfield_search_activated_mtrl_alpha">res/drawable-xxhdpi-v4/abc_textfield_search_activated_mtrl_alpha.9.png</path>
    <path name="abc_textfield_search_default_mtrl_alpha">res/drawable-xxhdpi-v4/abc_textfield_search_default_mtrl_alpha.9.png</path>
    <path name="ic_add">res/drawable-xxhdpi-v4/ic_add.png</path>
    <path name="ic_call_answer">res/drawable-xxhdpi-v4/ic_call_answer.png</path>
    <path name="ic_call_answer_low">res/drawable-xxhdpi-v4/ic_call_answer_low.png</path>
    <path name="ic_call_answer_video">res/drawable-xxhdpi-v4/ic_call_answer_video.png</path>
    <path name="ic_call_answer_video_low">res/drawable-xxhdpi-v4/ic_call_answer_video_low.png</path>
    <path name="ic_call_decline">res/drawable-xxhdpi-v4/ic_call_decline.png</path>
    <path name="ic_call_decline_low">res/drawable-xxhdpi-v4/ic_call_decline_low.png</path>
    <path name="ic_empty">res/drawable-xxhdpi-v4/ic_empty.png</path>
    <path name="ic_location_change">res/drawable-xxhdpi-v4/ic_location_change.png</path>
    <path name="ic_search">res/drawable-xxhdpi-v4/ic_search.png</path>
    <path name="marker_default">res/drawable-xxhdpi-v4/marker_default.png</path>
    <path name="marker_default_focused_base">res/drawable-xxhdpi-v4/marker_default_focused_base.png</path>
    <path name="md_nav_back">res/drawable-xxhdpi-v4/md_nav_back.png</path>
    <path name="osm_ic_center_map">res/drawable-xxhdpi-v4/osm_ic_center_map.png</path>
    <path name="osm_ic_follow_me">res/drawable-xxhdpi-v4/osm_ic_follow_me.png</path>
    <path name="osm_ic_follow_me_on">res/drawable-xxhdpi-v4/osm_ic_follow_me_on.png</path>
    <path name="osm_ic_ic_map_ortho">res/drawable-xxhdpi-v4/osm_ic_ic_map_ortho.png</path>
    <path name="person">res/drawable-xxhdpi-v4/person.png</path>
    <path name="round_navigation_white_48">res/drawable-xxhdpi-v4/round_navigation_white_48.png</path>
    <path name="sharp_add_black_36">res/drawable-xxhdpi-v4/sharp_add_black_36.png</path>
    <path name="sharp_remove_black_36">res/drawable-xxhdpi-v4/sharp_remove_black_36.png</path>
    <path name="twotone_navigation_black_48">res/drawable-xxhdpi-v4/twotone_navigation_black_48.png</path>
</resources>