<?xml version='1.0' encoding='utf-8' ?>
<resources>
    <path name="abc_control_background_material">res/drawable-v23/abc_control_background_material.xml</path>
    <path name="m3_appbar_background">res/drawable-v23/m3_appbar_background.xml</path>
    <path name="m3_popupmenu_background_overlay">res/drawable-v23/m3_popupmenu_background_overlay.xml</path>
    <path name="m3_radiobutton_ripple">res/drawable-v23/m3_radiobutton_ripple.xml</path>
    <path name="m3_selection_control_ripple">res/drawable-v23/m3_selection_control_ripple.xml</path>
    <path name="m3_tabs_background">res/drawable-v23/m3_tabs_background.xml</path>
    <path name="m3_tabs_transparent_background">res/drawable-v23/m3_tabs_transparent_background.xml</path>
    <path name="mtrl_popupmenu_background_overlay">res/drawable-v23/mtrl_popupmenu_background_overlay.xml</path>
</resources>