<?xml version='1.0' encoding='utf-8' ?>
<type id="0x07" defaultPublic="true">
    <entry id="0x7f070000" name="drawable0000" realName="$avd_hide_password__0" />
    <entry id="0x7f070001" name="drawable0001" realName="$avd_hide_password__1" />
    <entry id="0x7f070002" name="drawable0002" realName="$avd_hide_password__2" />
    <entry id="0x7f070003" name="drawable0003" realName="$avd_show_password__0" />
    <entry id="0x7f070004" name="drawable0004" realName="$avd_show_password__1" />
    <entry id="0x7f070005" name="drawable0005" realName="$avd_show_password__2" />
    <entry id="0x7f070006" name="drawable0006" realName="$ic_empty__0" />
    <entry id="0x7f070007" name="drawable0007" realName="$ic_launcher_foreground__0" />
    <entry id="0x7f070008" name="drawable0008" realName="$m3_avd_hide_password__0" />
    <entry id="0x7f070009" name="drawable0009" realName="$m3_avd_hide_password__1" />
    <entry id="0x7f07000a" name="drawable000a" realName="$m3_avd_hide_password__2" />
    <entry id="0x7f07000b" name="drawable000b" realName="$m3_avd_show_password__0" />
    <entry id="0x7f07000c" name="drawable000c" realName="$m3_avd_show_password__1" />
    <entry id="0x7f07000d" name="drawable000d" realName="$m3_avd_show_password__2" />
    <entry id="0x7f07000e" name="drawable000e" realName="$mtrl_checkbox_button_checked_unchecked__0" />
    <entry id="0x7f07000f" name="drawable000f" realName="$mtrl_checkbox_button_checked_unchecked__1" />
    <entry id="0x7f070010" name="drawable0010" realName="$mtrl_checkbox_button_checked_unchecked__2" />
    <entry id="0x7f070011" name="drawable0011" realName="$mtrl_checkbox_button_icon_checked_indeterminate__0" />
    <entry id="0x7f070012" name="drawable0012" realName="$mtrl_checkbox_button_icon_checked_unchecked__0" />
    <entry id="0x7f070013" name="drawable0013" realName="$mtrl_checkbox_button_icon_checked_unchecked__1" />
    <entry id="0x7f070014" name="drawable0014" realName="$mtrl_checkbox_button_icon_checked_unchecked__2" />
    <entry id="0x7f070015" name="drawable0015" realName="$mtrl_checkbox_button_icon_indeterminate_checked__0" />
    <entry id="0x7f070016" name="drawable0016" realName="$mtrl_checkbox_button_icon_indeterminate_unchecked__0" />
    <entry id="0x7f070017" name="drawable0017" realName="$mtrl_checkbox_button_icon_indeterminate_unchecked__1" />
    <entry id="0x7f070018" name="drawable0018" realName="$mtrl_checkbox_button_icon_indeterminate_unchecked__2" />
    <entry id="0x7f070019" name="drawable0019" realName="$mtrl_checkbox_button_icon_unchecked_checked__0" />
    <entry id="0x7f07001a" name="drawable001a" realName="$mtrl_checkbox_button_icon_unchecked_checked__1" />
    <entry id="0x7f07001b" name="drawable001b" realName="$mtrl_checkbox_button_icon_unchecked_checked__2" />
    <entry id="0x7f07001c" name="drawable001c" realName="$mtrl_checkbox_button_icon_unchecked_indeterminate__0" />
    <entry id="0x7f07001d" name="drawable001d" realName="$mtrl_checkbox_button_icon_unchecked_indeterminate__1" />
    <entry id="0x7f07001e" name="drawable001e" realName="$mtrl_checkbox_button_icon_unchecked_indeterminate__2" />
    <entry id="0x7f07001f" name="drawable001f" realName="$mtrl_checkbox_button_unchecked_checked__0" />
    <entry id="0x7f070020" name="drawable0020" realName="$mtrl_checkbox_button_unchecked_checked__1" />
    <entry id="0x7f070021" name="drawable0021" realName="$mtrl_checkbox_button_unchecked_checked__2" />
    <entry id="0x7f070022" name="drawable0022" realName="$mtrl_switch_thumb_checked_pressed__0" />
    <entry id="0x7f070023" name="drawable0023" realName="$mtrl_switch_thumb_checked_unchecked__0" />
    <entry id="0x7f070024" name="drawable0024" realName="$mtrl_switch_thumb_checked_unchecked__1" />
    <entry id="0x7f070025" name="drawable0025" realName="$mtrl_switch_thumb_pressed_checked__0" />
    <entry id="0x7f070026" name="drawable0026" realName="$mtrl_switch_thumb_pressed_unchecked__0" />
    <entry id="0x7f070027" name="drawable0027" realName="$mtrl_switch_thumb_unchecked_checked__0" />
    <entry id="0x7f070028" name="drawable0028" realName="$mtrl_switch_thumb_unchecked_checked__1" />
    <entry id="0x7f070029" name="drawable0029" realName="$mtrl_switch_thumb_unchecked_pressed__0" />
    <entry id="0x7f07002a" name="abc_ab_share_pack_mtrl_alpha" />
    <entry id="0x7f07002b" name="abc_action_bar_item_background_material" />
    <entry id="0x7f07002c" name="abc_btn_borderless_material" />
    <entry id="0x7f07002d" name="abc_btn_check_material" />
    <entry id="0x7f07002e" name="abc_btn_check_material_anim" />
    <entry id="0x7f07002f" name="abc_btn_check_to_on_mtrl_000" />
    <entry id="0x7f070030" name="abc_btn_check_to_on_mtrl_015" />
    <entry id="0x7f070031" name="abc_btn_colored_material" />
    <entry id="0x7f070032" name="abc_btn_default_mtrl_shape" />
    <entry id="0x7f070033" name="abc_btn_radio_material" />
    <entry id="0x7f070034" name="abc_btn_radio_material_anim" />
    <entry id="0x7f070035" name="abc_btn_radio_to_on_mtrl_000" />
    <entry id="0x7f070036" name="abc_btn_radio_to_on_mtrl_015" />
    <entry id="0x7f070037" name="abc_btn_switch_to_on_mtrl_00001" />
    <entry id="0x7f070038" name="abc_btn_switch_to_on_mtrl_00012" />
    <entry id="0x7f070039" name="abc_cab_background_internal_bg" />
    <entry id="0x7f07003a" name="abc_cab_background_top_material" />
    <entry id="0x7f07003b" name="abc_cab_background_top_mtrl_alpha" />
    <entry id="0x7f07003c" name="abc_control_background_material" />
    <entry id="0x7f07003d" name="abc_dialog_material_background" />
    <entry id="0x7f07003e" name="abc_edit_text_material" />
    <entry id="0x7f07003f" name="abc_ic_ab_back_material" />
    <entry id="0x7f070040" name="abc_ic_arrow_drop_right_black_24dp" />
    <entry id="0x7f070041" name="abc_ic_clear_material" />
    <entry id="0x7f070042" name="abc_ic_commit_search_api_mtrl_alpha" />
    <entry id="0x7f070043" name="abc_ic_go_search_api_material" />
    <entry id="0x7f070044" name="abc_ic_menu_copy_mtrl_am_alpha" />
    <entry id="0x7f070045" name="abc_ic_menu_cut_mtrl_alpha" />
    <entry id="0x7f070046" name="abc_ic_menu_overflow_material" />
    <entry id="0x7f070047" name="abc_ic_menu_paste_mtrl_am_alpha" />
    <entry id="0x7f070048" name="abc_ic_menu_selectall_mtrl_alpha" />
    <entry id="0x7f070049" name="abc_ic_menu_share_mtrl_alpha" />
    <entry id="0x7f07004a" name="abc_ic_search_api_material" />
    <entry id="0x7f07004b" name="abc_ic_voice_search_api_material" />
    <entry id="0x7f07004c" name="abc_item_background_holo_dark" />
    <entry id="0x7f07004d" name="abc_item_background_holo_light" />
    <entry id="0x7f07004e" name="abc_list_divider_material" />
    <entry id="0x7f07004f" name="abc_list_divider_mtrl_alpha" />
    <entry id="0x7f070050" name="abc_list_focused_holo" />
    <entry id="0x7f070051" name="abc_list_longpressed_holo" />
    <entry id="0x7f070052" name="abc_list_pressed_holo_dark" />
    <entry id="0x7f070053" name="abc_list_pressed_holo_light" />
    <entry id="0x7f070054" name="abc_list_selector_background_transition_holo_dark" />
    <entry id="0x7f070055" name="abc_list_selector_background_transition_holo_light" />
    <entry id="0x7f070056" name="abc_list_selector_disabled_holo_dark" />
    <entry id="0x7f070057" name="abc_list_selector_disabled_holo_light" />
    <entry id="0x7f070058" name="abc_list_selector_holo_dark" />
    <entry id="0x7f070059" name="abc_list_selector_holo_light" />
    <entry id="0x7f07005a" name="abc_menu_hardkey_panel_mtrl_mult" />
    <entry id="0x7f07005b" name="abc_popup_background_mtrl_mult" />
    <entry id="0x7f07005c" name="abc_ratingbar_indicator_material" />
    <entry id="0x7f07005d" name="abc_ratingbar_material" />
    <entry id="0x7f07005e" name="abc_ratingbar_small_material" />
    <entry id="0x7f07005f" name="abc_scrubber_control_off_mtrl_alpha" />
    <entry id="0x7f070060" name="abc_scrubber_control_to_pressed_mtrl_000" />
    <entry id="0x7f070061" name="abc_scrubber_control_to_pressed_mtrl_005" />
    <entry id="0x7f070062" name="abc_scrubber_primary_mtrl_alpha" />
    <entry id="0x7f070063" name="abc_scrubber_track_mtrl_alpha" />
    <entry id="0x7f070064" name="abc_seekbar_thumb_material" />
    <entry id="0x7f070065" name="abc_seekbar_tick_mark_material" />
    <entry id="0x7f070066" name="abc_seekbar_track_material" />
    <entry id="0x7f070067" name="abc_spinner_mtrl_am_alpha" />
    <entry id="0x7f070068" name="abc_spinner_textfield_background_material" />
    <entry id="0x7f070069" name="abc_star_black_48dp" />
    <entry id="0x7f07006a" name="abc_star_half_black_48dp" />
    <entry id="0x7f07006b" name="abc_switch_thumb_material" />
    <entry id="0x7f07006c" name="abc_switch_track_mtrl_alpha" />
    <entry id="0x7f07006d" name="abc_tab_indicator_material" />
    <entry id="0x7f07006e" name="abc_tab_indicator_mtrl_alpha" />
    <entry id="0x7f07006f" name="abc_text_cursor_material" />
    <entry id="0x7f070070" name="abc_text_select_handle_left_mtrl" />
    <entry id="0x7f070071" name="abc_text_select_handle_middle_mtrl" />
    <entry id="0x7f070072" name="abc_text_select_handle_right_mtrl" />
    <entry id="0x7f070073" name="abc_textfield_activated_mtrl_alpha" />
    <entry id="0x7f070074" name="abc_textfield_default_mtrl_alpha" />
    <entry id="0x7f070075" name="abc_textfield_search_activated_mtrl_alpha" />
    <entry id="0x7f070076" name="abc_textfield_search_default_mtrl_alpha" />
    <entry id="0x7f070077" name="abc_textfield_search_material" />
    <entry id="0x7f070078" name="abc_vector_test" />
    <entry id="0x7f070079" name="avd_hide_password" />
    <entry id="0x7f07007a" name="avd_show_password" />
    <entry id="0x7f07007b" name="background" />
    <entry id="0x7f07007c" name="bonuspack_bubble" />
    <entry id="0x7f07007d" name="btn_checkbox_checked_mtrl" />
    <entry id="0x7f07007e" name="btn_checkbox_checked_to_unchecked_mtrl_animation" />
    <entry id="0x7f07007f" name="btn_checkbox_unchecked_mtrl" />
    <entry id="0x7f070080" name="btn_checkbox_unchecked_to_checked_mtrl_animation" />
    <entry id="0x7f070081" name="btn_moreinfo" />
    <entry id="0x7f070082" name="btn_radio_off_mtrl" />
    <entry id="0x7f070083" name="btn_radio_off_to_on_mtrl_animation" />
    <entry id="0x7f070084" name="btn_radio_on_mtrl" />
    <entry id="0x7f070085" name="btn_radio_on_to_off_mtrl_animation" />
    <entry id="0x7f070086" name="cat" />
    <entry id="0x7f070087" name="center" />
    <entry id="0x7f070088" name="design_fab_background" />
    <entry id="0x7f070089" name="design_ic_visibility" />
    <entry id="0x7f07008a" name="design_ic_visibility_off" />
    <entry id="0x7f07008b" name="design_password_eye" />
    <entry id="0x7f07008c" name="design_snackbar_background" />
    <entry id="0x7f07008d" name="dot_background" />
    <entry id="0x7f07008e" name="eyes" />
    <entry id="0x7f07008f" name="ic_add" />
    <entry id="0x7f070090" name="ic_arrow_back_black_24" />
    <entry id="0x7f070091" name="ic_arrow_back_black_24dp" />
    <entry id="0x7f070092" name="ic_arrow_down_24dp" />
    <entry id="0x7f070093" name="ic_call_answer" />
    <entry id="0x7f070094" name="ic_call_answer_low" />
    <entry id="0x7f070095" name="ic_call_answer_video" />
    <entry id="0x7f070096" name="ic_call_answer_video_low" />
    <entry id="0x7f070097" name="ic_call_decline" />
    <entry id="0x7f070098" name="ic_call_decline_low" />
    <entry id="0x7f070099" name="ic_clear_black_24" />
    <entry id="0x7f07009a" name="ic_clock_black_24dp" />
    <entry id="0x7f07009b" name="ic_close_black_24dp" />
    <entry id="0x7f07009c" name="ic_empty" />
    <entry id="0x7f07009d" name="ic_keyboard_black_24dp" />
    <entry id="0x7f07009e" name="ic_launcher_background" />
    <entry id="0x7f07009f" name="ic_launcher_foreground" />
    <entry id="0x7f0700a0" name="ic_location_change" />
    <entry id="0x7f0700a1" name="ic_logo" />
    <entry id="0x7f0700a2" name="ic_m3_chip_check" />
    <entry id="0x7f0700a3" name="ic_m3_chip_checked_circle" />
    <entry id="0x7f0700a4" name="ic_m3_chip_close" />
    <entry id="0x7f0700a5" name="ic_menu_compass" />
    <entry id="0x7f0700a6" name="ic_menu_mapmode" />
    <entry id="0x7f0700a7" name="ic_menu_mylocation" />
    <entry id="0x7f0700a8" name="ic_menu_offline" />
    <entry id="0x7f0700a9" name="ic_mtrl_checked_circle" />
    <entry id="0x7f0700aa" name="ic_mtrl_chip_checked_black" />
    <entry id="0x7f0700ab" name="ic_mtrl_chip_checked_circle" />
    <entry id="0x7f0700ac" name="ic_mtrl_chip_close_circle" />
    <entry id="0x7f0700ad" name="ic_search" />
    <entry id="0x7f0700ae" name="ic_search_black_24" />
    <entry id="0x7f0700af" name="ic_search_black_24dp" />
    <entry id="0x7f0700b0" name="ic_voice_search_black_24dp" />
    <entry id="0x7f0700b1" name="imuxuan" />
    <entry id="0x7f0700b2" name="m3_appbar_background" />
    <entry id="0x7f0700b3" name="m3_avd_hide_password" />
    <entry id="0x7f0700b4" name="m3_avd_show_password" />
    <entry id="0x7f0700b5" name="m3_password_eye" />
    <entry id="0x7f0700b6" name="m3_popupmenu_background_overlay" />
    <entry id="0x7f0700b7" name="m3_radiobutton_ripple" />
    <entry id="0x7f0700b8" name="m3_selection_control_ripple" />
    <entry id="0x7f0700b9" name="m3_tabs_background" />
    <entry id="0x7f0700ba" name="m3_tabs_line_indicator" />
    <entry id="0x7f0700bb" name="m3_tabs_rounded_line_indicator" />
    <entry id="0x7f0700bc" name="m3_tabs_transparent_background" />
    <entry id="0x7f0700bd" name="marker_default" />
    <entry id="0x7f0700be" name="marker_default_focused_base" />
    <entry id="0x7f0700bf" name="material_cursor_drawable" />
    <entry id="0x7f0700c0" name="material_ic_calendar_black_24dp" />
    <entry id="0x7f0700c1" name="material_ic_clear_black_24dp" />
    <entry id="0x7f0700c2" name="material_ic_edit_black_24dp" />
    <entry id="0x7f0700c3" name="material_ic_keyboard_arrow_left_black_24dp" />
    <entry id="0x7f0700c4" name="material_ic_keyboard_arrow_next_black_24dp" />
    <entry id="0x7f0700c5" name="material_ic_keyboard_arrow_previous_black_24dp" />
    <entry id="0x7f0700c6" name="material_ic_keyboard_arrow_right_black_24dp" />
    <entry id="0x7f0700c7" name="material_ic_menu_arrow_down_black_24dp" />
    <entry id="0x7f0700c8" name="material_ic_menu_arrow_up_black_24dp" />
    <entry id="0x7f0700c9" name="md_btn_selected" />
    <entry id="0x7f0700ca" name="md_btn_selected_dark" />
    <entry id="0x7f0700cb" name="md_btn_selector" />
    <entry id="0x7f0700cc" name="md_btn_selector_dark" />
    <entry id="0x7f0700cd" name="md_btn_shape" />
    <entry id="0x7f0700ce" name="md_item_selected" />
    <entry id="0x7f0700cf" name="md_item_selected_dark" />
    <entry id="0x7f0700d0" name="md_item_selector" />
    <entry id="0x7f0700d1" name="md_item_selector_dark" />
    <entry id="0x7f0700d2" name="md_item_shape" />
    <entry id="0x7f0700d3" name="md_nav_back" />
    <entry id="0x7f0700d4" name="md_transparent" />
    <entry id="0x7f0700d5" name="moreinfo_arrow" />
    <entry id="0x7f0700d6" name="moreinfo_arrow_pressed" />
    <entry id="0x7f0700d7" name="mouse" />
    <entry id="0x7f0700d8" name="mtrl_bottomsheet_drag_handle" />
    <entry id="0x7f0700d9" name="mtrl_checkbox_button" />
    <entry id="0x7f0700da" name="mtrl_checkbox_button_checked_unchecked" />
    <entry id="0x7f0700db" name="mtrl_checkbox_button_icon" />
    <entry id="0x7f0700dc" name="mtrl_checkbox_button_icon_checked_indeterminate" />
    <entry id="0x7f0700dd" name="mtrl_checkbox_button_icon_checked_unchecked" />
    <entry id="0x7f0700de" name="mtrl_checkbox_button_icon_indeterminate_checked" />
    <entry id="0x7f0700df" name="mtrl_checkbox_button_icon_indeterminate_unchecked" />
    <entry id="0x7f0700e0" name="mtrl_checkbox_button_icon_unchecked_checked" />
    <entry id="0x7f0700e1" name="mtrl_checkbox_button_icon_unchecked_indeterminate" />
    <entry id="0x7f0700e2" name="mtrl_checkbox_button_unchecked_checked" />
    <entry id="0x7f0700e3" name="mtrl_dialog_background" />
    <entry id="0x7f0700e4" name="mtrl_dropdown_arrow" />
    <entry id="0x7f0700e5" name="mtrl_ic_arrow_drop_down" />
    <entry id="0x7f0700e6" name="mtrl_ic_arrow_drop_up" />
    <entry id="0x7f0700e7" name="mtrl_ic_cancel" />
    <entry id="0x7f0700e8" name="mtrl_ic_check_mark" />
    <entry id="0x7f0700e9" name="mtrl_ic_checkbox_checked" />
    <entry id="0x7f0700ea" name="mtrl_ic_checkbox_unchecked" />
    <entry id="0x7f0700eb" name="mtrl_ic_error" />
    <entry id="0x7f0700ec" name="mtrl_ic_indeterminate" />
    <entry id="0x7f0700ed" name="mtrl_navigation_bar_item_background" />
    <entry id="0x7f0700ee" name="mtrl_popupmenu_background" />
    <entry id="0x7f0700ef" name="mtrl_popupmenu_background_overlay" />
    <entry id="0x7f0700f0" name="mtrl_switch_thumb" />
    <entry id="0x7f0700f1" name="mtrl_switch_thumb_checked" />
    <entry id="0x7f0700f2" name="mtrl_switch_thumb_checked_pressed" />
    <entry id="0x7f0700f3" name="mtrl_switch_thumb_checked_unchecked" />
    <entry id="0x7f0700f4" name="mtrl_switch_thumb_pressed" />
    <entry id="0x7f0700f5" name="mtrl_switch_thumb_pressed_checked" />
    <entry id="0x7f0700f6" name="mtrl_switch_thumb_pressed_unchecked" />
    <entry id="0x7f0700f7" name="mtrl_switch_thumb_unchecked" />
    <entry id="0x7f0700f8" name="mtrl_switch_thumb_unchecked_checked" />
    <entry id="0x7f0700f9" name="mtrl_switch_thumb_unchecked_pressed" />
    <entry id="0x7f0700fa" name="mtrl_switch_track" />
    <entry id="0x7f0700fb" name="mtrl_switch_track_decoration" />
    <entry id="0x7f0700fc" name="mtrl_tabs_default_indicator" />
    <entry id="0x7f0700fd" name="navigation_empty_icon" />
    <entry id="0x7f0700fe" name="navto_small" />
    <entry id="0x7f0700ff" name="next" />
    <entry id="0x7f070100" name="notification_action_background" />
    <entry id="0x7f070101" name="notification_bg" />
    <entry id="0x7f070102" name="notification_bg_low" />
    <entry id="0x7f070103" name="notification_bg_low_normal" />
    <entry id="0x7f070104" name="notification_bg_low_pressed" />
    <entry id="0x7f070105" name="notification_bg_normal" />
    <entry id="0x7f070106" name="notification_bg_normal_pressed" />
    <entry id="0x7f070107" name="notification_icon_background" />
    <entry id="0x7f070108" name="notification_template_icon_bg" />
    <entry id="0x7f070109" name="notification_template_icon_low_bg" />
    <entry id="0x7f07010a" name="notification_tile_bg" />
    <entry id="0x7f07010b" name="notify_panel_notification_icon_bg" />
    <entry id="0x7f07010c" name="osm_ic_center_map" />
    <entry id="0x7f07010d" name="osm_ic_follow_me" />
    <entry id="0x7f07010e" name="osm_ic_follow_me_on" />
    <entry id="0x7f07010f" name="osm_ic_ic_map_ortho" />
    <entry id="0x7f070110" name="person" />
    <entry id="0x7f070111" name="preference_list_divider_material" />
    <entry id="0x7f070112" name="previous" />
    <entry id="0x7f070113" name="round_navigation_white_48" />
    <entry id="0x7f070114" name="sharp_add_black_36" />
    <entry id="0x7f070115" name="sharp_remove_black_36" />
    <entry id="0x7f070116" name="splash" />
    <entry id="0x7f070117" name="spring_dot_background" />
    <entry id="0x7f070118" name="spring_dot_stroke_background" />
    <entry id="0x7f070119" name="test_level_drawable" />
    <entry id="0x7f07011a" name="tooltip_frame_dark" />
    <entry id="0x7f07011b" name="tooltip_frame_light" />
    <entry id="0x7f07011c" name="twotone_navigation_black_48" />
    <entry id="0x7f07011d" name="worm_dot_background" />
    <entry id="0x7f07011e" name="worm_dot_stroke_background" />
    <entry id="0x7f07011f" name="zoom_in" />
    <entry id="0x7f070120" name="zoom_out" />
</type>