<?xml version='1.0' encoding='utf-8' ?>
<resources>
    <id name="ALT" />
    <id name="BOTTOM_END" />
    <id name="BOTTOM_START" />
    <id name="Button_getKey" />
    <id name="Button_login" />
    <id name="CTRL" />
    <id name="FUNCTION" />
    <id name="META" />
    <id name="NO_DEBUG" />
    <id name="SHIFT" />
    <id name="SHOW_ALL" />
    <id name="SHOW_PATH" />
    <id name="SHOW_PROGRESS" />
    <id name="SYM" />
    <id name="TOP_END" />
    <id name="TOP_START" />
    <id name="accelerate" />
    <id name="accessibility_action_clickable_span" />
    <id name="accessibility_custom_action_0" />
    <id name="accessibility_custom_action_1" />
    <id name="accessibility_custom_action_10" />
    <id name="accessibility_custom_action_11" />
    <id name="accessibility_custom_action_12" />
    <id name="accessibility_custom_action_13" />
    <id name="accessibility_custom_action_14" />
    <id name="accessibility_custom_action_15" />
    <id name="accessibility_custom_action_16" />
    <id name="accessibility_custom_action_17" />
    <id name="accessibility_custom_action_18" />
    <id name="accessibility_custom_action_19" />
    <id name="accessibility_custom_action_2" />
    <id name="accessibility_custom_action_20" />
    <id name="accessibility_custom_action_21" />
    <id name="accessibility_custom_action_22" />
    <id name="accessibility_custom_action_23" />
    <id name="accessibility_custom_action_24" />
    <id name="accessibility_custom_action_25" />
    <id name="accessibility_custom_action_26" />
    <id name="accessibility_custom_action_27" />
    <id name="accessibility_custom_action_28" />
    <id name="accessibility_custom_action_29" />
    <id name="accessibility_custom_action_3" />
    <id name="accessibility_custom_action_30" />
    <id name="accessibility_custom_action_31" />
    <id name="accessibility_custom_action_4" />
    <id name="accessibility_custom_action_5" />
    <id name="accessibility_custom_action_6" />
    <id name="accessibility_custom_action_7" />
    <id name="accessibility_custom_action_8" />
    <id name="accessibility_custom_action_9" />
    <id name="actionDown" />
    <id name="actionDownUp" />
    <id name="actionUp" />
    <id name="action_bar" />
    <id name="action_bar_activity_content" />
    <id name="action_bar_container" />
    <id name="action_bar_root" />
    <id name="action_bar_spinner" />
    <id name="action_bar_subtitle" />
    <id name="action_bar_title" />
    <id name="action_container" />
    <id name="action_context_bar" />
    <id name="action_divider" />
    <id name="action_image" />
    <id name="action_menu_divider" />
    <id name="action_menu_presenter" />
    <id name="action_mode_bar" />
    <id name="action_mode_bar_stub" />
    <id name="action_mode_close_button" />
    <id name="action_text" />
    <id name="actions" />
    <id name="activity_chooser_view_content" />
    <id name="add" />
    <id name="alertTitle" />
    <id name="aligned" />
    <id name="all" />
    <id name="allStates" />
    <id name="always" />
    <id name="androidx_window_activity_scope" />
    <id name="animateToEnd" />
    <id name="animateToStart" />
    <id name="antiClockwise" />
    <id name="anticipate" />
    <id name="app_clear" />
    <id name="app_open" />
    <id name="app_remove" />
    <id name="app_shortcut" />
    <id name="app_stop" />
    <id name="arc" />
    <id name="asConfigured" />
    <id name="async" />
    <id name="auto" />
    <id name="autoComplete" />
    <id name="autoCompleteToEnd" />
    <id name="autoCompleteToStart" />
    <id name="backButton" />
    <id name="background" />
    <id name="bar" />
    <id name="barrier" />
    <id name="baseline" />
    <id name="beginOnFirstDraw" />
    <id name="beginning" />
    <id name="bestChoice" />
    <id name="blocking" />
    <id name="bottom" />
    <id name="bottomLine" />
    <id name="bounce" />
    <id name="bounceBoth" />
    <id name="bounceEnd" />
    <id name="bounceStart" />
    <id name="bubble_description" />
    <id name="bubble_image" />
    <id name="bubble_moreinfo" />
    <id name="bubble_subdescription" />
    <id name="bubble_title" />
    <id name="buttonPanel" />
    <id name="cache_measures" />
    <id name="callMeasure" />
    <id name="cancel_button" />
    <id name="card" />
    <id name="carryVelocity" />
    <id name="cat" />
    <id name="center" />
    <id name="centerCrop" />
    <id name="centerInside" />
    <id name="center_horizontal" />
    <id name="center_vertical" />
    <id name="chain" />
    <id name="chain2" />
    <id name="chains" />
    <id name="checkbox" />
    <id name="checked" />
    <id name="chronometer" />
    <id name="circle_center" />
    <id name="clearButton" />
    <id name="clear_text" />
    <id name="clip_horizontal" />
    <id name="clip_vertical" />
    <id name="clockwise" />
    <id name="closest" />
    <id name="collapseActionView" />
    <id name="compress" />
    <id name="confirm_button" />
    <id name="constraint" />
    <id name="container" />
    <id name="content" />
    <id name="contentPanel" />
    <id name="contiguous" />
    <id name="continuousVelocity" />
    <id name="coordinator" />
    <id name="cornerLabel" />
    <id name="cos" />
    <id name="counterclockwise" />
    <id name="cradle" />
    <id name="currentState" />
    <id name="custom" />
    <id name="customPanel" />
    <id name="cut" />
    <id name="date_picker_actions" />
    <id name="decelerate" />
    <id name="decelerateAndComplete" />
    <id name="decor_content_parent" />
    <id name="default_activity_button" />
    <id name="deltaRelative" />
    <id name="dependency_ordering" />
    <id name="desc" />
    <id name="design_bottom_sheet" />
    <id name="design_menu_item_action_area" />
    <id name="design_menu_item_action_area_stub" />
    <id name="design_menu_item_text" />
    <id name="design_navigation_view" />
    <id name="dialog_button" />
    <id name="dimensions" />
    <id name="direct" />
    <id name="disableHome" />
    <id name="disableIntraAutoTransition" />
    <id name="disablePostScroll" />
    <id name="disableScroll" />
    <id name="disjoint" />
    <id name="dot" />
    <id name="dots_indicator" />
    <id name="dragAnticlockwise" />
    <id name="dragClockwise" />
    <id name="dragDown" />
    <id name="dragEnd" />
    <id name="dragLeft" />
    <id name="dragRight" />
    <id name="dragStart" />
    <id name="dragUp" />
    <id name="dropdown_menu" />
    <id name="easeIn" />
    <id name="easeInOut" />
    <id name="easeOut" />
    <id name="east" />
    <id name="edge" />
    <id name="edit_query" />
    <id name="elastic" />
    <id name="embed" />
    <id name="enable" />
    <id name="end" />
    <id name="endToStart" />
    <id name="enterAlways" />
    <id name="enterAlwaysCollapsed" />
    <id name="exitUntilCollapsed" />
    <id name="expand_activities_button" />
    <id name="expanded_menu" />
    <id name="eye_left" />
    <id name="eye_right" />
    <id name="eyelid_left" />
    <id name="eyelid_right" />
    <id name="fab" />
    <id name="fade" />
    <id name="fakeLocation" />
    <id name="fake_location" />
    <id name="fill" />
    <id name="fill_horizontal" />
    <id name="fill_vertical" />
    <id name="filled" />
    <id name="fitCenter" />
    <id name="fitEnd" />
    <id name="fitStart" />
    <id name="fitToContents" />
    <id name="fitXY" />
    <id name="fixed" />
    <id name="flip" />
    <id name="floating" />
    <id name="forever" />
    <id name="fragment" />
    <id name="fragment_container_view_tag" />
    <id name="frost" />
    <id name="fullscreen_header" />
    <id name="ghost_view" />
    <id name="ghost_view_holder" />
    <id name="gone" />
    <id name="graduallyTextView" />
    <id name="graph" />
    <id name="graph_wrap" />
    <id name="group_divider" />
    <id name="grouping" />
    <id name="groups" />
    <id name="header_title" />
    <id name="hideable" />
    <id name="home" />
    <id name="homeAsUp" />
    <id name="honorRequest" />
    <id name="horizontal_only" />
    <id name="icon" />
    <id name="icon_frame" />
    <id name="icon_group" />
    <id name="ifRoom" />
    <id name="ignore" />
    <id name="ignoreRequest" />
    <id name="image" />
    <id name="immediateStop" />
    <id name="included" />
    <id name="indeterminate" />
    <id name="info" />
    <id name="invisible" />
    <id name="inward" />
    <id name="is_pooling_container_tag" />
    <id name="italic" />
    <id name="item_touch_helper_previous_elevation" />
    <id name="iv_icon" />
    <id name="jumpToEnd" />
    <id name="jumpToStart" />
    <id name="kgoText" />
    <id name="labeled" />
    <id name="layout" />
    <id name="left" />
    <id name="leftToRight" />
    <id name="left_bottom" />
    <id name="left_top" />
    <id name="legacy" />
    <id name="line1" />
    <id name="line3" />
    <id name="linear" />
    <id name="listMode" />
    <id name="list_choose" />
    <id name="list_item" />
    <id name="list_search" />
    <id name="literal" />
    <id name="locale" />
    <id name="ltr" />
    <id name="m3_side_sheet" />
    <id name="main_git" />
    <id name="main_setting" />
    <id name="main_tg" />
    <id name="map" />
    <id name="marquee" />
    <id name="masked" />
    <id name="match_constraint" />
    <id name="match_parent" />
    <id name="material_clock_display" />
    <id name="material_clock_display_and_toggle" />
    <id name="material_clock_face" />
    <id name="material_clock_hand" />
    <id name="material_clock_level" />
    <id name="material_clock_period_am_button" />
    <id name="material_clock_period_pm_button" />
    <id name="material_clock_period_toggle" />
    <id name="material_hour_text_input" />
    <id name="material_hour_tv" />
    <id name="material_label" />
    <id name="material_minute_text_input" />
    <id name="material_minute_tv" />
    <id name="material_textinput_timepicker" />
    <id name="material_timepicker_cancel_button" />
    <id name="material_timepicker_container" />
    <id name="material_timepicker_mode_button" />
    <id name="material_timepicker_ok_button" />
    <id name="material_timepicker_view" />
    <id name="material_value_index" />
    <id name="matrix" />
    <id name="md_button_layout" />
    <id name="md_button_negative" />
    <id name="md_button_neutral" />
    <id name="md_button_positive" />
    <id name="md_checkbox_prompt" />
    <id name="md_content_layout" />
    <id name="md_control" />
    <id name="md_icon_title" />
    <id name="md_input_layout" />
    <id name="md_input_message" />
    <id name="md_recyclerview_content" />
    <id name="md_root" />
    <id name="md_scrollview_content" />
    <id name="md_scrollview_frame_content" />
    <id name="md_text_message" />
    <id name="md_text_title" />
    <id name="md_title" />
    <id name="md_title_layout" />
    <id name="message" />
    <id name="middle" />
    <id name="mini" />
    <id name="month_grid" />
    <id name="month_navigation_bar" />
    <id name="month_navigation_fragment_toggle" />
    <id name="month_navigation_next" />
    <id name="month_navigation_previous" />
    <id name="month_title" />
    <id name="motion_base" />
    <id name="mouse" />
    <id name="mtrl_anchor_parent" />
    <id name="mtrl_calendar_day_selector_frame" />
    <id name="mtrl_calendar_days_of_week" />
    <id name="mtrl_calendar_frame" />
    <id name="mtrl_calendar_main_pane" />
    <id name="mtrl_calendar_months" />
    <id name="mtrl_calendar_selection_frame" />
    <id name="mtrl_calendar_text_input_frame" />
    <id name="mtrl_calendar_year_selector_frame" />
    <id name="mtrl_card_checked_layer_id" />
    <id name="mtrl_child_content_container" />
    <id name="mtrl_internal_children_alpha_tag" />
    <id name="mtrl_motion_snapshot_view" />
    <id name="mtrl_picker_fullscreen" />
    <id name="mtrl_picker_header" />
    <id name="mtrl_picker_header_selection_text" />
    <id name="mtrl_picker_header_title_and_selection" />
    <id name="mtrl_picker_header_toggle" />
    <id name="mtrl_picker_text_input_date" />
    <id name="mtrl_picker_text_input_range_end" />
    <id name="mtrl_picker_text_input_range_start" />
    <id name="mtrl_picker_title_text" />
    <id name="mtrl_view_tag_bottom_padding" />
    <id name="multiply" />
    <id name="name" />
    <id name="navigation_bar_item_active_indicator_view" />
    <id name="navigation_bar_item_icon_container" />
    <id name="navigation_bar_item_icon_view" />
    <id name="navigation_bar_item_labels_group" />
    <id name="navigation_bar_item_large_label_view" />
    <id name="navigation_bar_item_small_label_view" />
    <id name="navigation_header_container" />
    <id name="never" />
    <id name="neverCompleteToEnd" />
    <id name="neverCompleteToStart" />
    <id name="noScroll" />
    <id name="noState" />
    <id name="none" />
    <id name="normal" />
    <id name="north" />
    <id name="notification_background" />
    <id name="notification_main_column" />
    <id name="notification_main_column_container" />
    <id name="off" />
    <id name="on" />
    <id name="onInterceptTouchReturnSwipe" />
    <id name="outline" />
    <id name="outward" />
    <id name="overshoot" />
    <id name="packageName" />
    <id name="packed" />
    <id name="parallax" />
    <id name="parent" />
    <id name="parentPanel" />
    <id name="parentRelative" />
    <id name="parent_matrix" />
    <id name="password_toggle" />
    <id name="path" />
    <id name="pathRelative" />
    <id name="peekHeight" />
    <id name="percent" />
    <id name="pin" />
    <id name="pooling_container_listener_holder_tag" />
    <id name="position" />
    <id name="postLayout" />
    <id name="preferences_detail" />
    <id name="preferences_header" />
    <id name="preferences_sliding_pane_layout" />
    <id name="pressed" />
    <id name="progress_circular" />
    <id name="progress_horizontal" />
    <id name="progress_wheel" />
    <id name="radio" />
    <id name="ratio" />
    <id name="rectangles" />
    <id name="recyclerView" />
    <id name="recycler_view" />
    <id name="report_drawn" />
    <id name="reverseSawtooth" />
    <id name="right" />
    <id name="rightToLeft" />
    <id name="right_bottom" />
    <id name="right_icon" />
    <id name="right_side" />
    <id name="right_top" />
    <id name="rocker" />
    <id name="root_id" />
    <id name="rounded" />
    <id name="row_index_key" />
    <id name="rtl" />
    <id name="save_non_transition_alpha" />
    <id name="save_overlay_view" />
    <id name="sawtooth" />
    <id name="scale" />
    <id name="screen" />
    <id name="scroll" />
    <id name="scrollIndicatorDown" />
    <id name="scrollIndicatorUp" />
    <id name="scrollView" />
    <id name="scrollable" />
    <id name="searchContainer" />
    <id name="searchEditText" />
    <id name="searchView" />
    <id name="search_badge" />
    <id name="search_bar" />
    <id name="search_bar_text_view" />
    <id name="search_button" />
    <id name="search_close_btn" />
    <id name="search_edit_frame" />
    <id name="search_go_btn" />
    <id name="search_mag_icon" />
    <id name="search_plate" />
    <id name="search_src_text" />
    <id name="search_view_background" />
    <id name="search_view_clear_button" />
    <id name="search_view_content_container" />
    <id name="search_view_divider" />
    <id name="search_view_dummy_toolbar" />
    <id name="search_view_edit_text" />
    <id name="search_view_header_container" />
    <id name="search_view_root" />
    <id name="search_view_scrim" />
    <id name="search_view_search_prefix" />
    <id name="search_view_status_bar_spacer" />
    <id name="search_view_toolbar" />
    <id name="search_view_toolbar_container" />
    <id name="search_voice_btn" />
    <id name="seekbar" />
    <id name="seekbar_value" />
    <id name="select_dialog_listview" />
    <id name="selected" />
    <id name="selection_type" />
    <id name="sharedValueSet" />
    <id name="sharedValueUnset" />
    <id name="shortcut" />
    <id name="showCustom" />
    <id name="showHome" />
    <id name="showTitle" />
    <id name="sin" />
    <id name="skipCollapsed" />
    <id name="skipped" />
    <id name="slide" />
    <id name="snackbar_action" />
    <id name="snackbar_text" />
    <id name="snap" />
    <id name="snapMargins" />
    <id name="south" />
    <id name="spacer" />
    <id name="special_effects_controller_view_tag" />
    <id name="spinner" />
    <id name="spline" />
    <id name="split_action_bar" />
    <id name="spread" />
    <id name="spread_inside" />
    <id name="spring" />
    <id name="spring_dot" />
    <id name="square" />
    <id name="src_atop" />
    <id name="src_in" />
    <id name="src_over" />
    <id name="standard" />
    <id name="start" />
    <id name="startHorizontal" />
    <id name="startToEnd" />
    <id name="startVertical" />
    <id name="stateView" />
    <id name="staticLayout" />
    <id name="staticPostLayout" />
    <id name="stop" />
    <id name="stretch" />
    <id name="submenuarrow" />
    <id name="submit_area" />
    <id name="supportScrollUp" />
    <id name="switchWidget" />
    <id name="switch_view" />
    <id name="tabMode" />
    <id name="tag_accessibility_actions" />
    <id name="tag_accessibility_clickable_spans" />
    <id name="tag_accessibility_heading" />
    <id name="tag_accessibility_pane_title" />
    <id name="tag_on_apply_window_listener" />
    <id name="tag_on_receive_content_listener" />
    <id name="tag_on_receive_content_mime_types" />
    <id name="tag_screen_reader_focusable" />
    <id name="tag_state_description" />
    <id name="tag_transition_group" />
    <id name="tag_unhandled_key_event_manager" />
    <id name="tag_unhandled_key_listeners" />
    <id name="tag_window_insets_animation_callback" />
    <id name="text" />
    <id name="text2" />
    <id name="textEnd" />
    <id name="textSpacerNoButtons" />
    <id name="textSpacerNoTitle" />
    <id name="textStart" />
    <id name="textTop" />
    <id name="text_input_end_icon" />
    <id name="text_input_error_icon" />
    <id name="text_input_start_icon" />
    <id name="text_layout" />
    <id name="textinput_counter" />
    <id name="textinput_error" />
    <id name="textinput_helper_text" />
    <id name="textinput_placeholder" />
    <id name="textinput_prefix_text" />
    <id name="textinput_suffix_text" />
    <id name="time" />
    <id name="title" />
    <id name="titleDividerNoCustom" />
    <id name="title_template" />
    <id name="toggle" />
    <id name="toolbar" />
    <id name="toolbar_layout" />
    <id name="top" />
    <id name="topPanel" />
    <id name="touch_outside" />
    <id name="transitionToEnd" />
    <id name="transitionToStart" />
    <id name="transition_current_scene" />
    <id name="transition_layout_save" />
    <id name="transition_position" />
    <id name="transition_scene_layoutid_cache" />
    <id name="transition_transform" />
    <id name="triangle" />
    <id name="tvTitle" />
    <id name="unchecked" />
    <id name="uniform" />
    <id name="unlabeled" />
    <id name="up" />
    <id name="upper" />
    <id name="useLogo" />
    <id name="username" />
    <id name="vertical_only" />
    <id name="viewPager" />
    <id name="view_offset_helper" />
    <id name="view_transition" />
    <id name="view_tree_lifecycle_owner" />
    <id name="view_tree_on_back_pressed_dispatcher_owner" />
    <id name="view_tree_saved_state_registry_owner" />
    <id name="view_tree_view_model_store_owner" />
    <id name="visible" />
    <id name="visible_removing_fragment_view_tag" />
    <id name="voiceButton" />
    <id name="west" />
    <id name="withText" />
    <id name="with_icon" />
    <id name="withinBounds" />
    <id name="worm_dot" />
    <id name="wrap" />
    <id name="wrap_content" />
    <id name="wrap_content_constrained" />
    <id name="x_left" />
    <id name="x_right" />
</resources>