<?xml version='1.0' encoding='utf-8' ?>
<type id="0x08" defaultPublic="true">
    <entry id="0x7f080000" name="ALT" />
    <entry id="0x7f080001" name="BOTTOM_END" />
    <entry id="0x7f080002" name="BOTTOM_START" />
    <entry id="0x7f080003" name="Button_getKey" />
    <entry id="0x7f080004" name="Button_login" />
    <entry id="0x7f080005" name="CTRL" />
    <entry id="0x7f080006" name="FUNCTION" />
    <entry id="0x7f080007" name="META" />
    <entry id="0x7f080008" name="NO_DEBUG" />
    <entry id="0x7f080009" name="SHIFT" />
    <entry id="0x7f08000a" name="SHOW_ALL" />
    <entry id="0x7f08000b" name="SHOW_PATH" />
    <entry id="0x7f08000c" name="SHOW_PROGRESS" />
    <entry id="0x7f08000d" name="SYM" />
    <entry id="0x7f08000e" name="TOP_END" />
    <entry id="0x7f08000f" name="TOP_START" />
    <entry id="0x7f080010" name="accelerate" />
    <entry id="0x7f080011" name="accessibility_action_clickable_span" />
    <entry id="0x7f080012" name="accessibility_custom_action_0" />
    <entry id="0x7f080013" name="accessibility_custom_action_1" />
    <entry id="0x7f080014" name="accessibility_custom_action_10" />
    <entry id="0x7f080015" name="accessibility_custom_action_11" />
    <entry id="0x7f080016" name="accessibility_custom_action_12" />
    <entry id="0x7f080017" name="accessibility_custom_action_13" />
    <entry id="0x7f080018" name="accessibility_custom_action_14" />
    <entry id="0x7f080019" name="accessibility_custom_action_15" />
    <entry id="0x7f08001a" name="accessibility_custom_action_16" />
    <entry id="0x7f08001b" name="accessibility_custom_action_17" />
    <entry id="0x7f08001c" name="accessibility_custom_action_18" />
    <entry id="0x7f08001d" name="accessibility_custom_action_19" />
    <entry id="0x7f08001e" name="accessibility_custom_action_2" />
    <entry id="0x7f08001f" name="accessibility_custom_action_20" />
    <entry id="0x7f080020" name="accessibility_custom_action_21" />
    <entry id="0x7f080021" name="accessibility_custom_action_22" />
    <entry id="0x7f080022" name="accessibility_custom_action_23" />
    <entry id="0x7f080023" name="accessibility_custom_action_24" />
    <entry id="0x7f080024" name="accessibility_custom_action_25" />
    <entry id="0x7f080025" name="accessibility_custom_action_26" />
    <entry id="0x7f080026" name="accessibility_custom_action_27" />
    <entry id="0x7f080027" name="accessibility_custom_action_28" />
    <entry id="0x7f080028" name="accessibility_custom_action_29" />
    <entry id="0x7f080029" name="accessibility_custom_action_3" />
    <entry id="0x7f08002a" name="accessibility_custom_action_30" />
    <entry id="0x7f08002b" name="accessibility_custom_action_31" />
    <entry id="0x7f08002c" name="accessibility_custom_action_4" />
    <entry id="0x7f08002d" name="accessibility_custom_action_5" />
    <entry id="0x7f08002e" name="accessibility_custom_action_6" />
    <entry id="0x7f08002f" name="accessibility_custom_action_7" />
    <entry id="0x7f080030" name="accessibility_custom_action_8" />
    <entry id="0x7f080031" name="accessibility_custom_action_9" />
    <entry id="0x7f080032" name="actionDown" />
    <entry id="0x7f080033" name="actionDownUp" />
    <entry id="0x7f080034" name="actionUp" />
    <entry id="0x7f080035" name="action_bar" />
    <entry id="0x7f080036" name="action_bar_activity_content" />
    <entry id="0x7f080037" name="action_bar_container" />
    <entry id="0x7f080038" name="action_bar_root" />
    <entry id="0x7f080039" name="action_bar_spinner" />
    <entry id="0x7f08003a" name="action_bar_subtitle" />
    <entry id="0x7f08003b" name="action_bar_title" />
    <entry id="0x7f08003c" name="action_container" />
    <entry id="0x7f08003d" name="action_context_bar" />
    <entry id="0x7f08003e" name="action_divider" />
    <entry id="0x7f08003f" name="action_image" />
    <entry id="0x7f080040" name="action_menu_divider" />
    <entry id="0x7f080041" name="action_menu_presenter" />
    <entry id="0x7f080042" name="action_mode_bar" />
    <entry id="0x7f080043" name="action_mode_bar_stub" />
    <entry id="0x7f080044" name="action_mode_close_button" />
    <entry id="0x7f080045" name="action_text" />
    <entry id="0x7f080046" name="actions" />
    <entry id="0x7f080047" name="activity_chooser_view_content" />
    <entry id="0x7f080048" name="add" />
    <entry id="0x7f080049" name="alertTitle" />
    <entry id="0x7f08004a" name="aligned" />
    <entry id="0x7f08004b" name="all" />
    <entry id="0x7f08004c" name="allStates" />
    <entry id="0x7f08004d" name="always" />
    <entry id="0x7f08004e" name="androidx_window_activity_scope" />
    <entry id="0x7f08004f" name="animateToEnd" />
    <entry id="0x7f080050" name="animateToStart" />
    <entry id="0x7f080051" name="antiClockwise" />
    <entry id="0x7f080052" name="anticipate" />
    <entry id="0x7f080053" name="app_clear" />
    <entry id="0x7f080054" name="app_open" />
    <entry id="0x7f080055" name="app_remove" />
    <entry id="0x7f080056" name="app_shortcut" />
    <entry id="0x7f080057" name="app_stop" />
    <entry id="0x7f080058" name="arc" />
    <entry id="0x7f080059" name="asConfigured" />
    <entry id="0x7f08005a" name="async" />
    <entry id="0x7f08005b" name="auto" />
    <entry id="0x7f08005c" name="autoComplete" />
    <entry id="0x7f08005d" name="autoCompleteToEnd" />
    <entry id="0x7f08005e" name="autoCompleteToStart" />
    <entry id="0x7f08005f" name="backButton" />
    <entry id="0x7f080060" name="background" />
    <entry id="0x7f080061" name="bar" />
    <entry id="0x7f080062" name="barrier" />
    <entry id="0x7f080063" name="baseline" />
    <entry id="0x7f080064" name="beginOnFirstDraw" />
    <entry id="0x7f080065" name="beginning" />
    <entry id="0x7f080066" name="bestChoice" />
    <entry id="0x7f080067" name="blocking" />
    <entry id="0x7f080068" name="bottom" />
    <entry id="0x7f080069" name="bottomLine" />
    <entry id="0x7f08006a" name="bounce" />
    <entry id="0x7f08006b" name="bounceBoth" />
    <entry id="0x7f08006c" name="bounceEnd" />
    <entry id="0x7f08006d" name="bounceStart" />
    <entry id="0x7f08006e" name="bubble_description" />
    <entry id="0x7f08006f" name="bubble_image" />
    <entry id="0x7f080070" name="bubble_moreinfo" />
    <entry id="0x7f080071" name="bubble_subdescription" />
    <entry id="0x7f080072" name="bubble_title" />
    <entry id="0x7f080073" name="buttonPanel" />
    <entry id="0x7f080074" name="cache_measures" />
    <entry id="0x7f080075" name="callMeasure" />
    <entry id="0x7f080076" name="cancel_button" />
    <entry id="0x7f080077" name="card" />
    <entry id="0x7f080078" name="carryVelocity" />
    <entry id="0x7f080079" name="cat" />
    <entry id="0x7f08007a" name="center" />
    <entry id="0x7f08007b" name="centerCrop" />
    <entry id="0x7f08007c" name="centerInside" />
    <entry id="0x7f08007d" name="center_horizontal" />
    <entry id="0x7f08007e" name="center_vertical" />
    <entry id="0x7f08007f" name="chain" />
    <entry id="0x7f080080" name="chain2" />
    <entry id="0x7f080081" name="chains" />
    <entry id="0x7f080082" name="checkbox" />
    <entry id="0x7f080083" name="checked" />
    <entry id="0x7f080084" name="chronometer" />
    <entry id="0x7f080085" name="circle_center" />
    <entry id="0x7f080086" name="clearButton" />
    <entry id="0x7f080087" name="clear_text" />
    <entry id="0x7f080088" name="clip_horizontal" />
    <entry id="0x7f080089" name="clip_vertical" />
    <entry id="0x7f08008a" name="clockwise" />
    <entry id="0x7f08008b" name="closest" />
    <entry id="0x7f08008c" name="collapseActionView" />
    <entry id="0x7f08008d" name="compress" />
    <entry id="0x7f08008e" name="confirm_button" />
    <entry id="0x7f08008f" name="constraint" />
    <entry id="0x7f080090" name="container" />
    <entry id="0x7f080091" name="content" />
    <entry id="0x7f080092" name="contentPanel" />
    <entry id="0x7f080093" name="contiguous" />
    <entry id="0x7f080094" name="continuousVelocity" />
    <entry id="0x7f080095" name="coordinator" />
    <entry id="0x7f080096" name="cornerLabel" />
    <entry id="0x7f080097" name="cos" />
    <entry id="0x7f080098" name="counterclockwise" />
    <entry id="0x7f080099" name="cradle" />
    <entry id="0x7f08009a" name="currentState" />
    <entry id="0x7f08009b" name="custom" />
    <entry id="0x7f08009c" name="customPanel" />
    <entry id="0x7f08009d" name="cut" />
    <entry id="0x7f08009e" name="date_picker_actions" />
    <entry id="0x7f08009f" name="decelerate" />
    <entry id="0x7f0800a0" name="decelerateAndComplete" />
    <entry id="0x7f0800a1" name="decor_content_parent" />
    <entry id="0x7f0800a2" name="default_activity_button" />
    <entry id="0x7f0800a3" name="deltaRelative" />
    <entry id="0x7f0800a4" name="dependency_ordering" />
    <entry id="0x7f0800a5" name="desc" />
    <entry id="0x7f0800a6" name="design_bottom_sheet" />
    <entry id="0x7f0800a7" name="design_menu_item_action_area" />
    <entry id="0x7f0800a8" name="design_menu_item_action_area_stub" />
    <entry id="0x7f0800a9" name="design_menu_item_text" />
    <entry id="0x7f0800aa" name="design_navigation_view" />
    <entry id="0x7f0800ab" name="dialog_button" />
    <entry id="0x7f0800ac" name="dimensions" />
    <entry id="0x7f0800ad" name="direct" />
    <entry id="0x7f0800ae" name="disableHome" />
    <entry id="0x7f0800af" name="disableIntraAutoTransition" />
    <entry id="0x7f0800b0" name="disablePostScroll" />
    <entry id="0x7f0800b1" name="disableScroll" />
    <entry id="0x7f0800b2" name="disjoint" />
    <entry id="0x7f0800b3" name="dot" />
    <entry id="0x7f0800b4" name="dots_indicator" />
    <entry id="0x7f0800b5" name="dragAnticlockwise" />
    <entry id="0x7f0800b6" name="dragClockwise" />
    <entry id="0x7f0800b7" name="dragDown" />
    <entry id="0x7f0800b8" name="dragEnd" />
    <entry id="0x7f0800b9" name="dragLeft" />
    <entry id="0x7f0800ba" name="dragRight" />
    <entry id="0x7f0800bb" name="dragStart" />
    <entry id="0x7f0800bc" name="dragUp" />
    <entry id="0x7f0800bd" name="dropdown_menu" />
    <entry id="0x7f0800be" name="easeIn" />
    <entry id="0x7f0800bf" name="easeInOut" />
    <entry id="0x7f0800c0" name="easeOut" />
    <entry id="0x7f0800c1" name="east" />
    <entry id="0x7f0800c2" name="edge" />
    <entry id="0x7f0800c3" name="edit_query" />
    <entry id="0x7f0800c4" name="elastic" />
    <entry id="0x7f0800c5" name="embed" />
    <entry id="0x7f0800c6" name="enable" />
    <entry id="0x7f0800c7" name="end" />
    <entry id="0x7f0800c8" name="endToStart" />
    <entry id="0x7f0800c9" name="enterAlways" />
    <entry id="0x7f0800ca" name="enterAlwaysCollapsed" />
    <entry id="0x7f0800cb" name="exitUntilCollapsed" />
    <entry id="0x7f0800cc" name="expand_activities_button" />
    <entry id="0x7f0800cd" name="expanded_menu" />
    <entry id="0x7f0800ce" name="eye_left" />
    <entry id="0x7f0800cf" name="eye_right" />
    <entry id="0x7f0800d0" name="eyelid_left" />
    <entry id="0x7f0800d1" name="eyelid_right" />
    <entry id="0x7f0800d2" name="fab" />
    <entry id="0x7f0800d3" name="fade" />
    <entry id="0x7f0800d4" name="fakeLocation" />
    <entry id="0x7f0800d5" name="fake_location" />
    <entry id="0x7f0800d6" name="fill" />
    <entry id="0x7f0800d7" name="fill_horizontal" />
    <entry id="0x7f0800d8" name="fill_vertical" />
    <entry id="0x7f0800d9" name="filled" />
    <entry id="0x7f0800da" name="fitCenter" />
    <entry id="0x7f0800db" name="fitEnd" />
    <entry id="0x7f0800dc" name="fitStart" />
    <entry id="0x7f0800dd" name="fitToContents" />
    <entry id="0x7f0800de" name="fitXY" />
    <entry id="0x7f0800df" name="fixed" />
    <entry id="0x7f0800e0" name="flip" />
    <entry id="0x7f0800e1" name="floating" />
    <entry id="0x7f0800e2" name="forever" />
    <entry id="0x7f0800e3" name="fragment" />
    <entry id="0x7f0800e4" name="fragment_container_view_tag" />
    <entry id="0x7f0800e5" name="frost" />
    <entry id="0x7f0800e6" name="fullscreen_header" />
    <entry id="0x7f0800e7" name="ghost_view" />
    <entry id="0x7f0800e8" name="ghost_view_holder" />
    <entry id="0x7f0800e9" name="gone" />
    <entry id="0x7f0800ea" name="graduallyTextView" />
    <entry id="0x7f0800eb" name="graph" />
    <entry id="0x7f0800ec" name="graph_wrap" />
    <entry id="0x7f0800ed" name="group_divider" />
    <entry id="0x7f0800ee" name="grouping" />
    <entry id="0x7f0800ef" name="groups" />
    <entry id="0x7f0800f0" name="header_title" />
    <entry id="0x7f0800f1" name="hideable" />
    <entry id="0x7f0800f2" name="home" />
    <entry id="0x7f0800f3" name="homeAsUp" />
    <entry id="0x7f0800f4" name="honorRequest" />
    <entry id="0x7f0800f5" name="horizontal_only" />
    <entry id="0x7f0800f6" name="icon" />
    <entry id="0x7f0800f7" name="icon_frame" />
    <entry id="0x7f0800f8" name="icon_group" />
    <entry id="0x7f0800f9" name="ifRoom" />
    <entry id="0x7f0800fa" name="ignore" />
    <entry id="0x7f0800fb" name="ignoreRequest" />
    <entry id="0x7f0800fc" name="image" />
    <entry id="0x7f0800fd" name="immediateStop" />
    <entry id="0x7f0800fe" name="included" />
    <entry id="0x7f0800ff" name="indeterminate" />
    <entry id="0x7f080100" name="info" />
    <entry id="0x7f080101" name="invisible" />
    <entry id="0x7f080102" name="inward" />
    <entry id="0x7f080103" name="is_pooling_container_tag" />
    <entry id="0x7f080104" name="italic" />
    <entry id="0x7f080105" name="item_touch_helper_previous_elevation" />
    <entry id="0x7f080106" name="iv_icon" />
    <entry id="0x7f080107" name="jumpToEnd" />
    <entry id="0x7f080108" name="jumpToStart" />
    <entry id="0x7f080109" name="kgoText" />
    <entry id="0x7f08010a" name="labeled" />
    <entry id="0x7f08010b" name="layout" />
    <entry id="0x7f08010c" name="left" />
    <entry id="0x7f08010d" name="leftToRight" />
    <entry id="0x7f08010e" name="left_bottom" />
    <entry id="0x7f08010f" name="left_top" />
    <entry id="0x7f080110" name="legacy" />
    <entry id="0x7f080111" name="line1" />
    <entry id="0x7f080112" name="line3" />
    <entry id="0x7f080113" name="linear" />
    <entry id="0x7f080114" name="listMode" />
    <entry id="0x7f080115" name="list_choose" />
    <entry id="0x7f080116" name="list_item" />
    <entry id="0x7f080117" name="list_search" />
    <entry id="0x7f080118" name="literal" />
    <entry id="0x7f080119" name="locale" />
    <entry id="0x7f08011a" name="ltr" />
    <entry id="0x7f08011b" name="m3_side_sheet" />
    <entry id="0x7f08011c" name="main_git" />
    <entry id="0x7f08011d" name="main_setting" />
    <entry id="0x7f08011e" name="main_tg" />
    <entry id="0x7f08011f" name="map" />
    <entry id="0x7f080120" name="marquee" />
    <entry id="0x7f080121" name="masked" />
    <entry id="0x7f080122" name="match_constraint" />
    <entry id="0x7f080123" name="match_parent" />
    <entry id="0x7f080124" name="material_clock_display" />
    <entry id="0x7f080125" name="material_clock_display_and_toggle" />
    <entry id="0x7f080126" name="material_clock_face" />
    <entry id="0x7f080127" name="material_clock_hand" />
    <entry id="0x7f080128" name="material_clock_level" />
    <entry id="0x7f080129" name="material_clock_period_am_button" />
    <entry id="0x7f08012a" name="material_clock_period_pm_button" />
    <entry id="0x7f08012b" name="material_clock_period_toggle" />
    <entry id="0x7f08012c" name="material_hour_text_input" />
    <entry id="0x7f08012d" name="material_hour_tv" />
    <entry id="0x7f08012e" name="material_label" />
    <entry id="0x7f08012f" name="material_minute_text_input" />
    <entry id="0x7f080130" name="material_minute_tv" />
    <entry id="0x7f080131" name="material_textinput_timepicker" />
    <entry id="0x7f080132" name="material_timepicker_cancel_button" />
    <entry id="0x7f080133" name="material_timepicker_container" />
    <entry id="0x7f080134" name="material_timepicker_mode_button" />
    <entry id="0x7f080135" name="material_timepicker_ok_button" />
    <entry id="0x7f080136" name="material_timepicker_view" />
    <entry id="0x7f080137" name="material_value_index" />
    <entry id="0x7f080138" name="matrix" />
    <entry id="0x7f080139" name="md_button_layout" />
    <entry id="0x7f08013a" name="md_button_negative" />
    <entry id="0x7f08013b" name="md_button_neutral" />
    <entry id="0x7f08013c" name="md_button_positive" />
    <entry id="0x7f08013d" name="md_checkbox_prompt" />
    <entry id="0x7f08013e" name="md_content_layout" />
    <entry id="0x7f08013f" name="md_control" />
    <entry id="0x7f080140" name="md_icon_title" />
    <entry id="0x7f080141" name="md_input_layout" />
    <entry id="0x7f080142" name="md_input_message" />
    <entry id="0x7f080143" name="md_recyclerview_content" />
    <entry id="0x7f080144" name="md_root" />
    <entry id="0x7f080145" name="md_scrollview_content" />
    <entry id="0x7f080146" name="md_scrollview_frame_content" />
    <entry id="0x7f080147" name="md_text_message" />
    <entry id="0x7f080148" name="md_text_title" />
    <entry id="0x7f080149" name="md_title" />
    <entry id="0x7f08014a" name="md_title_layout" />
    <entry id="0x7f08014b" name="message" />
    <entry id="0x7f08014c" name="middle" />
    <entry id="0x7f08014d" name="mini" />
    <entry id="0x7f08014e" name="month_grid" />
    <entry id="0x7f08014f" name="month_navigation_bar" />
    <entry id="0x7f080150" name="month_navigation_fragment_toggle" />
    <entry id="0x7f080151" name="month_navigation_next" />
    <entry id="0x7f080152" name="month_navigation_previous" />
    <entry id="0x7f080153" name="month_title" />
    <entry id="0x7f080154" name="motion_base" />
    <entry id="0x7f080155" name="mouse" />
    <entry id="0x7f080156" name="mtrl_anchor_parent" />
    <entry id="0x7f080157" name="mtrl_calendar_day_selector_frame" />
    <entry id="0x7f080158" name="mtrl_calendar_days_of_week" />
    <entry id="0x7f080159" name="mtrl_calendar_frame" />
    <entry id="0x7f08015a" name="mtrl_calendar_main_pane" />
    <entry id="0x7f08015b" name="mtrl_calendar_months" />
    <entry id="0x7f08015c" name="mtrl_calendar_selection_frame" />
    <entry id="0x7f08015d" name="mtrl_calendar_text_input_frame" />
    <entry id="0x7f08015e" name="mtrl_calendar_year_selector_frame" />
    <entry id="0x7f08015f" name="mtrl_card_checked_layer_id" />
    <entry id="0x7f080160" name="mtrl_child_content_container" />
    <entry id="0x7f080161" name="mtrl_internal_children_alpha_tag" />
    <entry id="0x7f080162" name="mtrl_motion_snapshot_view" />
    <entry id="0x7f080163" name="mtrl_picker_fullscreen" />
    <entry id="0x7f080164" name="mtrl_picker_header" />
    <entry id="0x7f080165" name="mtrl_picker_header_selection_text" />
    <entry id="0x7f080166" name="mtrl_picker_header_title_and_selection" />
    <entry id="0x7f080167" name="mtrl_picker_header_toggle" />
    <entry id="0x7f080168" name="mtrl_picker_text_input_date" />
    <entry id="0x7f080169" name="mtrl_picker_text_input_range_end" />
    <entry id="0x7f08016a" name="mtrl_picker_text_input_range_start" />
    <entry id="0x7f08016b" name="mtrl_picker_title_text" />
    <entry id="0x7f08016c" name="mtrl_view_tag_bottom_padding" />
    <entry id="0x7f08016d" name="multiply" />
    <entry id="0x7f08016e" name="name" />
    <entry id="0x7f08016f" name="navigation_bar_item_active_indicator_view" />
    <entry id="0x7f080170" name="navigation_bar_item_icon_container" />
    <entry id="0x7f080171" name="navigation_bar_item_icon_view" />
    <entry id="0x7f080172" name="navigation_bar_item_labels_group" />
    <entry id="0x7f080173" name="navigation_bar_item_large_label_view" />
    <entry id="0x7f080174" name="navigation_bar_item_small_label_view" />
    <entry id="0x7f080175" name="navigation_header_container" />
    <entry id="0x7f080176" name="never" />
    <entry id="0x7f080177" name="neverCompleteToEnd" />
    <entry id="0x7f080178" name="neverCompleteToStart" />
    <entry id="0x7f080179" name="noScroll" />
    <entry id="0x7f08017a" name="noState" />
    <entry id="0x7f08017b" name="none" />
    <entry id="0x7f08017c" name="normal" />
    <entry id="0x7f08017d" name="north" />
    <entry id="0x7f08017e" name="notification_background" />
    <entry id="0x7f08017f" name="notification_main_column" />
    <entry id="0x7f080180" name="notification_main_column_container" />
    <entry id="0x7f080181" name="off" />
    <entry id="0x7f080182" name="on" />
    <entry id="0x7f080183" name="onInterceptTouchReturnSwipe" />
    <entry id="0x7f080184" name="outline" />
    <entry id="0x7f080185" name="outward" />
    <entry id="0x7f080186" name="overshoot" />
    <entry id="0x7f080187" name="packageName" />
    <entry id="0x7f080188" name="packed" />
    <entry id="0x7f080189" name="parallax" />
    <entry id="0x7f08018a" name="parent" />
    <entry id="0x7f08018b" name="parentPanel" />
    <entry id="0x7f08018c" name="parentRelative" />
    <entry id="0x7f08018d" name="parent_matrix" />
    <entry id="0x7f08018e" name="password_toggle" />
    <entry id="0x7f08018f" name="path" />
    <entry id="0x7f080190" name="pathRelative" />
    <entry id="0x7f080191" name="peekHeight" />
    <entry id="0x7f080192" name="percent" />
    <entry id="0x7f080193" name="pin" />
    <entry id="0x7f080194" name="pooling_container_listener_holder_tag" />
    <entry id="0x7f080195" name="position" />
    <entry id="0x7f080196" name="postLayout" />
    <entry id="0x7f080197" name="preferences_detail" />
    <entry id="0x7f080198" name="preferences_header" />
    <entry id="0x7f080199" name="preferences_sliding_pane_layout" />
    <entry id="0x7f08019a" name="pressed" />
    <entry id="0x7f08019b" name="progress_circular" />
    <entry id="0x7f08019c" name="progress_horizontal" />
    <entry id="0x7f08019d" name="progress_wheel" />
    <entry id="0x7f08019e" name="radio" />
    <entry id="0x7f08019f" name="ratio" />
    <entry id="0x7f0801a0" name="rectangles" />
    <entry id="0x7f0801a1" name="recyclerView" />
    <entry id="0x7f0801a2" name="recycler_view" />
    <entry id="0x7f0801a3" name="report_drawn" />
    <entry id="0x7f0801a4" name="reverseSawtooth" />
    <entry id="0x7f0801a5" name="right" />
    <entry id="0x7f0801a6" name="rightToLeft" />
    <entry id="0x7f0801a7" name="right_bottom" />
    <entry id="0x7f0801a8" name="right_icon" />
    <entry id="0x7f0801a9" name="right_side" />
    <entry id="0x7f0801aa" name="right_top" />
    <entry id="0x7f0801ab" name="rocker" />
    <entry id="0x7f0801ac" name="root_id" />
    <entry id="0x7f0801ad" name="rounded" />
    <entry id="0x7f0801ae" name="row_index_key" />
    <entry id="0x7f0801af" name="rtl" />
    <entry id="0x7f0801b0" name="save_non_transition_alpha" />
    <entry id="0x7f0801b1" name="save_overlay_view" />
    <entry id="0x7f0801b2" name="sawtooth" />
    <entry id="0x7f0801b3" name="scale" />
    <entry id="0x7f0801b4" name="screen" />
    <entry id="0x7f0801b5" name="scroll" />
    <entry id="0x7f0801b6" name="scrollIndicatorDown" />
    <entry id="0x7f0801b7" name="scrollIndicatorUp" />
    <entry id="0x7f0801b8" name="scrollView" />
    <entry id="0x7f0801b9" name="scrollable" />
    <entry id="0x7f0801ba" name="searchContainer" />
    <entry id="0x7f0801bb" name="searchEditText" />
    <entry id="0x7f0801bc" name="searchView" />
    <entry id="0x7f0801bd" name="search_badge" />
    <entry id="0x7f0801be" name="search_bar" />
    <entry id="0x7f0801bf" name="search_bar_text_view" />
    <entry id="0x7f0801c0" name="search_button" />
    <entry id="0x7f0801c1" name="search_close_btn" />
    <entry id="0x7f0801c2" name="search_edit_frame" />
    <entry id="0x7f0801c3" name="search_go_btn" />
    <entry id="0x7f0801c4" name="search_mag_icon" />
    <entry id="0x7f0801c5" name="search_plate" />
    <entry id="0x7f0801c6" name="search_src_text" />
    <entry id="0x7f0801c7" name="search_view_background" />
    <entry id="0x7f0801c8" name="search_view_clear_button" />
    <entry id="0x7f0801c9" name="search_view_content_container" />
    <entry id="0x7f0801ca" name="search_view_divider" />
    <entry id="0x7f0801cb" name="search_view_dummy_toolbar" />
    <entry id="0x7f0801cc" name="search_view_edit_text" />
    <entry id="0x7f0801cd" name="search_view_header_container" />
    <entry id="0x7f0801ce" name="search_view_root" />
    <entry id="0x7f0801cf" name="search_view_scrim" />
    <entry id="0x7f0801d0" name="search_view_search_prefix" />
    <entry id="0x7f0801d1" name="search_view_status_bar_spacer" />
    <entry id="0x7f0801d2" name="search_view_toolbar" />
    <entry id="0x7f0801d3" name="search_view_toolbar_container" />
    <entry id="0x7f0801d4" name="search_voice_btn" />
    <entry id="0x7f0801d5" name="seekbar" />
    <entry id="0x7f0801d6" name="seekbar_value" />
    <entry id="0x7f0801d7" name="select_dialog_listview" />
    <entry id="0x7f0801d8" name="selected" />
    <entry id="0x7f0801d9" name="selection_type" />
    <entry id="0x7f0801da" name="sharedValueSet" />
    <entry id="0x7f0801db" name="sharedValueUnset" />
    <entry id="0x7f0801dc" name="shortcut" />
    <entry id="0x7f0801dd" name="showCustom" />
    <entry id="0x7f0801de" name="showHome" />
    <entry id="0x7f0801df" name="showTitle" />
    <entry id="0x7f0801e0" name="sin" />
    <entry id="0x7f0801e1" name="skipCollapsed" />
    <entry id="0x7f0801e2" name="skipped" />
    <entry id="0x7f0801e3" name="slide" />
    <entry id="0x7f0801e4" name="snackbar_action" />
    <entry id="0x7f0801e5" name="snackbar_text" />
    <entry id="0x7f0801e6" name="snap" />
    <entry id="0x7f0801e7" name="snapMargins" />
    <entry id="0x7f0801e8" name="south" />
    <entry id="0x7f0801e9" name="spacer" />
    <entry id="0x7f0801ea" name="special_effects_controller_view_tag" />
    <entry id="0x7f0801eb" name="spinner" />
    <entry id="0x7f0801ec" name="spline" />
    <entry id="0x7f0801ed" name="split_action_bar" />
    <entry id="0x7f0801ee" name="spread" />
    <entry id="0x7f0801ef" name="spread_inside" />
    <entry id="0x7f0801f0" name="spring" />
    <entry id="0x7f0801f1" name="spring_dot" />
    <entry id="0x7f0801f2" name="square" />
    <entry id="0x7f0801f3" name="src_atop" />
    <entry id="0x7f0801f4" name="src_in" />
    <entry id="0x7f0801f5" name="src_over" />
    <entry id="0x7f0801f6" name="standard" />
    <entry id="0x7f0801f7" name="start" />
    <entry id="0x7f0801f8" name="startHorizontal" />
    <entry id="0x7f0801f9" name="startToEnd" />
    <entry id="0x7f0801fa" name="startVertical" />
    <entry id="0x7f0801fb" name="stateView" />
    <entry id="0x7f0801fc" name="staticLayout" />
    <entry id="0x7f0801fd" name="staticPostLayout" />
    <entry id="0x7f0801fe" name="stop" />
    <entry id="0x7f0801ff" name="stretch" />
    <entry id="0x7f080200" name="submenuarrow" />
    <entry id="0x7f080201" name="submit_area" />
    <entry id="0x7f080202" name="supportScrollUp" />
    <entry id="0x7f080203" name="switchWidget" />
    <entry id="0x7f080204" name="switch_view" />
    <entry id="0x7f080205" name="tabMode" />
    <entry id="0x7f080206" name="tag_accessibility_actions" />
    <entry id="0x7f080207" name="tag_accessibility_clickable_spans" />
    <entry id="0x7f080208" name="tag_accessibility_heading" />
    <entry id="0x7f080209" name="tag_accessibility_pane_title" />
    <entry id="0x7f08020a" name="tag_on_apply_window_listener" />
    <entry id="0x7f08020b" name="tag_on_receive_content_listener" />
    <entry id="0x7f08020c" name="tag_on_receive_content_mime_types" />
    <entry id="0x7f08020d" name="tag_screen_reader_focusable" />
    <entry id="0x7f08020e" name="tag_state_description" />
    <entry id="0x7f08020f" name="tag_transition_group" />
    <entry id="0x7f080210" name="tag_unhandled_key_event_manager" />
    <entry id="0x7f080211" name="tag_unhandled_key_listeners" />
    <entry id="0x7f080212" name="tag_window_insets_animation_callback" />
    <entry id="0x7f080213" name="text" />
    <entry id="0x7f080214" name="text2" />
    <entry id="0x7f080215" name="textEnd" />
    <entry id="0x7f080216" name="textSpacerNoButtons" />
    <entry id="0x7f080217" name="textSpacerNoTitle" />
    <entry id="0x7f080218" name="textStart" />
    <entry id="0x7f080219" name="textTop" />
    <entry id="0x7f08021a" name="text_input_end_icon" />
    <entry id="0x7f08021b" name="text_input_error_icon" />
    <entry id="0x7f08021c" name="text_input_start_icon" />
    <entry id="0x7f08021d" name="text_layout" />
    <entry id="0x7f08021e" name="textinput_counter" />
    <entry id="0x7f08021f" name="textinput_error" />
    <entry id="0x7f080220" name="textinput_helper_text" />
    <entry id="0x7f080221" name="textinput_placeholder" />
    <entry id="0x7f080222" name="textinput_prefix_text" />
    <entry id="0x7f080223" name="textinput_suffix_text" />
    <entry id="0x7f080224" name="time" />
    <entry id="0x7f080225" name="title" />
    <entry id="0x7f080226" name="titleDividerNoCustom" />
    <entry id="0x7f080227" name="title_template" />
    <entry id="0x7f080228" name="toggle" />
    <entry id="0x7f080229" name="toolbar" />
    <entry id="0x7f08022a" name="toolbar_layout" />
    <entry id="0x7f08022b" name="top" />
    <entry id="0x7f08022c" name="topPanel" />
    <entry id="0x7f08022d" name="touch_outside" />
    <entry id="0x7f08022e" name="transitionToEnd" />
    <entry id="0x7f08022f" name="transitionToStart" />
    <entry id="0x7f080230" name="transition_current_scene" />
    <entry id="0x7f080231" name="transition_layout_save" />
    <entry id="0x7f080232" name="transition_position" />
    <entry id="0x7f080233" name="transition_scene_layoutid_cache" />
    <entry id="0x7f080234" name="transition_transform" />
    <entry id="0x7f080235" name="triangle" />
    <entry id="0x7f080236" name="tvTitle" />
    <entry id="0x7f080237" name="unchecked" />
    <entry id="0x7f080238" name="uniform" />
    <entry id="0x7f080239" name="unlabeled" />
    <entry id="0x7f08023a" name="up" />
    <entry id="0x7f08023b" name="upper" />
    <entry id="0x7f08023c" name="useLogo" />
    <entry id="0x7f08023d" name="username" />
    <entry id="0x7f08023e" name="vertical_only" />
    <entry id="0x7f08023f" name="viewPager" />
    <entry id="0x7f080240" name="view_offset_helper" />
    <entry id="0x7f080241" name="view_transition" />
    <entry id="0x7f080242" name="view_tree_lifecycle_owner" />
    <entry id="0x7f080243" name="view_tree_on_back_pressed_dispatcher_owner" />
    <entry id="0x7f080244" name="view_tree_saved_state_registry_owner" />
    <entry id="0x7f080245" name="view_tree_view_model_store_owner" />
    <entry id="0x7f080246" name="visible" />
    <entry id="0x7f080247" name="visible_removing_fragment_view_tag" />
    <entry id="0x7f080248" name="voiceButton" />
    <entry id="0x7f080249" name="west" />
    <entry id="0x7f08024a" name="withText" />
    <entry id="0x7f08024b" name="with_icon" />
    <entry id="0x7f08024c" name="withinBounds" />
    <entry id="0x7f08024d" name="worm_dot" />
    <entry id="0x7f08024e" name="wrap" />
    <entry id="0x7f08024f" name="wrap_content" />
    <entry id="0x7f080250" name="wrap_content_constrained" />
    <entry id="0x7f080251" name="x_left" />
    <entry id="0x7f080252" name="x_right" />
</type>