<?xml version='1.0' encoding='utf-8' ?>
<type id="0x06" defaultPublic="true">
    <entry id="0x7f060000" name="abc_action_bar_content_inset_material" />
    <entry id="0x7f060001" name="abc_action_bar_content_inset_with_nav" />
    <entry id="0x7f060002" name="abc_action_bar_default_height_material" />
    <entry id="0x7f060003" name="abc_action_bar_default_padding_end_material" />
    <entry id="0x7f060004" name="abc_action_bar_default_padding_start_material" />
    <entry id="0x7f060005" name="abc_action_bar_elevation_material" />
    <entry id="0x7f060006" name="abc_action_bar_icon_vertical_padding_material" />
    <entry id="0x7f060007" name="abc_action_bar_overflow_padding_end_material" />
    <entry id="0x7f060008" name="abc_action_bar_overflow_padding_start_material" />
    <entry id="0x7f060009" name="abc_action_bar_stacked_max_height" />
    <entry id="0x7f06000a" name="abc_action_bar_stacked_tab_max_width" />
    <entry id="0x7f06000b" name="abc_action_bar_subtitle_bottom_margin_material" />
    <entry id="0x7f06000c" name="abc_action_bar_subtitle_top_margin_material" />
    <entry id="0x7f06000d" name="abc_action_button_min_height_material" />
    <entry id="0x7f06000e" name="abc_action_button_min_width_material" />
    <entry id="0x7f06000f" name="abc_action_button_min_width_overflow_material" />
    <entry id="0x7f060010" name="abc_alert_dialog_button_bar_height" />
    <entry id="0x7f060011" name="abc_alert_dialog_button_dimen" />
    <entry id="0x7f060012" name="abc_button_inset_horizontal_material" />
    <entry id="0x7f060013" name="abc_button_inset_vertical_material" />
    <entry id="0x7f060014" name="abc_button_padding_horizontal_material" />
    <entry id="0x7f060015" name="abc_button_padding_vertical_material" />
    <entry id="0x7f060016" name="abc_cascading_menus_min_smallest_width" />
    <entry id="0x7f060017" name="abc_config_prefDialogWidth" />
    <entry id="0x7f060018" name="abc_control_corner_material" />
    <entry id="0x7f060019" name="abc_control_inset_material" />
    <entry id="0x7f06001a" name="abc_control_padding_material" />
    <entry id="0x7f06001b" name="abc_dialog_corner_radius_material" />
    <entry id="0x7f06001c" name="abc_dialog_fixed_height_major" />
    <entry id="0x7f06001d" name="abc_dialog_fixed_height_minor" />
    <entry id="0x7f06001e" name="abc_dialog_fixed_width_major" />
    <entry id="0x7f06001f" name="abc_dialog_fixed_width_minor" />
    <entry id="0x7f060020" name="abc_dialog_list_padding_bottom_no_buttons" />
    <entry id="0x7f060021" name="abc_dialog_list_padding_top_no_title" />
    <entry id="0x7f060022" name="abc_dialog_min_width_major" />
    <entry id="0x7f060023" name="abc_dialog_min_width_minor" />
    <entry id="0x7f060024" name="abc_dialog_padding_material" />
    <entry id="0x7f060025" name="abc_dialog_padding_top_material" />
    <entry id="0x7f060026" name="abc_dialog_title_divider_material" />
    <entry id="0x7f060027" name="abc_disabled_alpha_material_dark" />
    <entry id="0x7f060028" name="abc_disabled_alpha_material_light" />
    <entry id="0x7f060029" name="abc_dropdownitem_icon_width" />
    <entry id="0x7f06002a" name="abc_dropdownitem_text_padding_left" />
    <entry id="0x7f06002b" name="abc_dropdownitem_text_padding_right" />
    <entry id="0x7f06002c" name="abc_edit_text_inset_bottom_material" />
    <entry id="0x7f06002d" name="abc_edit_text_inset_horizontal_material" />
    <entry id="0x7f06002e" name="abc_edit_text_inset_top_material" />
    <entry id="0x7f06002f" name="abc_floating_window_z" />
    <entry id="0x7f060030" name="abc_list_item_height_large_material" />
    <entry id="0x7f060031" name="abc_list_item_height_material" />
    <entry id="0x7f060032" name="abc_list_item_height_small_material" />
    <entry id="0x7f060033" name="abc_list_item_padding_horizontal_material" />
    <entry id="0x7f060034" name="abc_panel_menu_list_width" />
    <entry id="0x7f060035" name="abc_progress_bar_height_material" />
    <entry id="0x7f060036" name="abc_search_view_preferred_height" />
    <entry id="0x7f060037" name="abc_search_view_preferred_width" />
    <entry id="0x7f060038" name="abc_seekbar_track_background_height_material" />
    <entry id="0x7f060039" name="abc_seekbar_track_progress_height_material" />
    <entry id="0x7f06003a" name="abc_select_dialog_padding_start_material" />
    <entry id="0x7f06003b" name="abc_star_big" />
    <entry id="0x7f06003c" name="abc_star_medium" />
    <entry id="0x7f06003d" name="abc_star_small" />
    <entry id="0x7f06003e" name="abc_switch_padding" />
    <entry id="0x7f06003f" name="abc_text_size_body_1_material" />
    <entry id="0x7f060040" name="abc_text_size_body_2_material" />
    <entry id="0x7f060041" name="abc_text_size_button_material" />
    <entry id="0x7f060042" name="abc_text_size_caption_material" />
    <entry id="0x7f060043" name="abc_text_size_display_1_material" />
    <entry id="0x7f060044" name="abc_text_size_display_2_material" />
    <entry id="0x7f060045" name="abc_text_size_display_3_material" />
    <entry id="0x7f060046" name="abc_text_size_display_4_material" />
    <entry id="0x7f060047" name="abc_text_size_headline_material" />
    <entry id="0x7f060048" name="abc_text_size_large_material" />
    <entry id="0x7f060049" name="abc_text_size_medium_material" />
    <entry id="0x7f06004a" name="abc_text_size_menu_header_material" />
    <entry id="0x7f06004b" name="abc_text_size_menu_material" />
    <entry id="0x7f06004c" name="abc_text_size_small_material" />
    <entry id="0x7f06004d" name="abc_text_size_subhead_material" />
    <entry id="0x7f06004e" name="abc_text_size_subtitle_material_toolbar" />
    <entry id="0x7f06004f" name="abc_text_size_title_material" />
    <entry id="0x7f060050" name="abc_text_size_title_material_toolbar" />
    <entry id="0x7f060051" name="appcompat_dialog_background_inset" />
    <entry id="0x7f060052" name="cardview_compat_inset_shadow" />
    <entry id="0x7f060053" name="cardview_default_elevation" />
    <entry id="0x7f060054" name="cardview_default_radius" />
    <entry id="0x7f060055" name="clock_face_margin_start" />
    <entry id="0x7f060056" name="compat_button_inset_horizontal_material" />
    <entry id="0x7f060057" name="compat_button_inset_vertical_material" />
    <entry id="0x7f060058" name="compat_button_padding_horizontal_material" />
    <entry id="0x7f060059" name="compat_button_padding_vertical_material" />
    <entry id="0x7f06005a" name="compat_control_corner_material" />
    <entry id="0x7f06005b" name="compat_notification_large_icon_max_height" />
    <entry id="0x7f06005c" name="compat_notification_large_icon_max_width" />
    <entry id="0x7f06005d" name="def_drawer_elevation" />
    <entry id="0x7f06005e" name="design_appbar_elevation" />
    <entry id="0x7f06005f" name="design_bottom_navigation_active_item_max_width" />
    <entry id="0x7f060060" name="design_bottom_navigation_active_item_min_width" />
    <entry id="0x7f060061" name="design_bottom_navigation_active_text_size" />
    <entry id="0x7f060062" name="design_bottom_navigation_elevation" />
    <entry id="0x7f060063" name="design_bottom_navigation_height" />
    <entry id="0x7f060064" name="design_bottom_navigation_icon_size" />
    <entry id="0x7f060065" name="design_bottom_navigation_item_max_width" />
    <entry id="0x7f060066" name="design_bottom_navigation_item_min_width" />
    <entry id="0x7f060067" name="design_bottom_navigation_label_padding" />
    <entry id="0x7f060068" name="design_bottom_navigation_margin" />
    <entry id="0x7f060069" name="design_bottom_navigation_shadow_height" />
    <entry id="0x7f06006a" name="design_bottom_navigation_text_size" />
    <entry id="0x7f06006b" name="design_bottom_sheet_elevation" />
    <entry id="0x7f06006c" name="design_bottom_sheet_modal_elevation" />
    <entry id="0x7f06006d" name="design_bottom_sheet_peek_height_min" />
    <entry id="0x7f06006e" name="design_fab_border_width" />
    <entry id="0x7f06006f" name="design_fab_elevation" />
    <entry id="0x7f060070" name="design_fab_image_size" />
    <entry id="0x7f060071" name="design_fab_size_mini" />
    <entry id="0x7f060072" name="design_fab_size_normal" />
    <entry id="0x7f060073" name="design_fab_translation_z_hovered_focused" />
    <entry id="0x7f060074" name="design_fab_translation_z_pressed" />
    <entry id="0x7f060075" name="design_navigation_elevation" />
    <entry id="0x7f060076" name="design_navigation_icon_padding" />
    <entry id="0x7f060077" name="design_navigation_icon_size" />
    <entry id="0x7f060078" name="design_navigation_item_horizontal_padding" />
    <entry id="0x7f060079" name="design_navigation_item_icon_padding" />
    <entry id="0x7f06007a" name="design_navigation_item_vertical_padding" />
    <entry id="0x7f06007b" name="design_navigation_max_width" />
    <entry id="0x7f06007c" name="design_navigation_padding_bottom" />
    <entry id="0x7f06007d" name="design_navigation_separator_vertical_padding" />
    <entry id="0x7f06007e" name="design_snackbar_action_inline_max_width" />
    <entry id="0x7f06007f" name="design_snackbar_action_text_color_alpha" />
    <entry id="0x7f060080" name="design_snackbar_background_corner_radius" />
    <entry id="0x7f060081" name="design_snackbar_elevation" />
    <entry id="0x7f060082" name="design_snackbar_extra_spacing_horizontal" />
    <entry id="0x7f060083" name="design_snackbar_max_width" />
    <entry id="0x7f060084" name="design_snackbar_min_width" />
    <entry id="0x7f060085" name="design_snackbar_padding_horizontal" />
    <entry id="0x7f060086" name="design_snackbar_padding_vertical" />
    <entry id="0x7f060087" name="design_snackbar_padding_vertical_2lines" />
    <entry id="0x7f060088" name="design_snackbar_text_size" />
    <entry id="0x7f060089" name="design_tab_max_width" />
    <entry id="0x7f06008a" name="design_tab_scrollable_min_width" />
    <entry id="0x7f06008b" name="design_tab_text_size" />
    <entry id="0x7f06008c" name="design_tab_text_size_2line" />
    <entry id="0x7f06008d" name="design_textinput_caption_translate_y" />
    <entry id="0x7f06008e" name="disabled_alpha_material_dark" />
    <entry id="0x7f06008f" name="disabled_alpha_material_light" />
    <entry id="0x7f060090" name="fastscroll_default_thickness" />
    <entry id="0x7f060091" name="fastscroll_margin" />
    <entry id="0x7f060092" name="fastscroll_minimum_range" />
    <entry id="0x7f060093" name="highlight_alpha_material_colored" />
    <entry id="0x7f060094" name="highlight_alpha_material_dark" />
    <entry id="0x7f060095" name="highlight_alpha_material_light" />
    <entry id="0x7f060096" name="hint_alpha_material_dark" />
    <entry id="0x7f060097" name="hint_alpha_material_light" />
    <entry id="0x7f060098" name="hint_pressed_alpha_material_dark" />
    <entry id="0x7f060099" name="hint_pressed_alpha_material_light" />
    <entry id="0x7f06009a" name="item_touch_helper_max_drag_scroll_per_frame" />
    <entry id="0x7f06009b" name="item_touch_helper_swipe_escape_max_velocity" />
    <entry id="0x7f06009c" name="item_touch_helper_swipe_escape_velocity" />
    <entry id="0x7f06009d" name="m3_alert_dialog_action_bottom_padding" />
    <entry id="0x7f06009e" name="m3_alert_dialog_action_top_padding" />
    <entry id="0x7f06009f" name="m3_alert_dialog_corner_size" />
    <entry id="0x7f0600a0" name="m3_alert_dialog_elevation" />
    <entry id="0x7f0600a1" name="m3_alert_dialog_icon_margin" />
    <entry id="0x7f0600a2" name="m3_alert_dialog_icon_size" />
    <entry id="0x7f0600a3" name="m3_alert_dialog_title_bottom_margin" />
    <entry id="0x7f0600a4" name="m3_appbar_expanded_title_margin_bottom" />
    <entry id="0x7f0600a5" name="m3_appbar_expanded_title_margin_horizontal" />
    <entry id="0x7f0600a6" name="m3_appbar_scrim_height_trigger" />
    <entry id="0x7f0600a7" name="m3_appbar_scrim_height_trigger_large" />
    <entry id="0x7f0600a8" name="m3_appbar_scrim_height_trigger_medium" />
    <entry id="0x7f0600a9" name="m3_appbar_size_compact" />
    <entry id="0x7f0600aa" name="m3_appbar_size_large" />
    <entry id="0x7f0600ab" name="m3_appbar_size_medium" />
    <entry id="0x7f0600ac" name="m3_badge_horizontal_offset" />
    <entry id="0x7f0600ad" name="m3_badge_offset" />
    <entry id="0x7f0600ae" name="m3_badge_size" />
    <entry id="0x7f0600af" name="m3_badge_vertical_offset" />
    <entry id="0x7f0600b0" name="m3_badge_with_text_horizontal_offset" />
    <entry id="0x7f0600b1" name="m3_badge_with_text_offset" />
    <entry id="0x7f0600b2" name="m3_badge_with_text_size" />
    <entry id="0x7f0600b3" name="m3_badge_with_text_vertical_offset" />
    <entry id="0x7f0600b4" name="m3_bottom_nav_item_active_indicator_height" />
    <entry id="0x7f0600b5" name="m3_bottom_nav_item_active_indicator_margin_horizontal" />
    <entry id="0x7f0600b6" name="m3_bottom_nav_item_active_indicator_width" />
    <entry id="0x7f0600b7" name="m3_bottom_nav_item_padding_bottom" />
    <entry id="0x7f0600b8" name="m3_bottom_nav_item_padding_top" />
    <entry id="0x7f0600b9" name="m3_bottom_nav_min_height" />
    <entry id="0x7f0600ba" name="m3_bottom_sheet_drag_handle_bottom_padding" />
    <entry id="0x7f0600bb" name="m3_bottom_sheet_elevation" />
    <entry id="0x7f0600bc" name="m3_bottom_sheet_modal_elevation" />
    <entry id="0x7f0600bd" name="m3_bottomappbar_fab_cradle_margin" />
    <entry id="0x7f0600be" name="m3_bottomappbar_fab_cradle_rounded_corner_radius" />
    <entry id="0x7f0600bf" name="m3_bottomappbar_fab_cradle_vertical_offset" />
    <entry id="0x7f0600c0" name="m3_bottomappbar_fab_end_margin" />
    <entry id="0x7f0600c1" name="m3_bottomappbar_height" />
    <entry id="0x7f0600c2" name="m3_bottomappbar_horizontal_padding" />
    <entry id="0x7f0600c3" name="m3_btn_dialog_btn_min_width" />
    <entry id="0x7f0600c4" name="m3_btn_dialog_btn_spacing" />
    <entry id="0x7f0600c5" name="m3_btn_disabled_elevation" />
    <entry id="0x7f0600c6" name="m3_btn_disabled_translation_z" />
    <entry id="0x7f0600c7" name="m3_btn_elevated_btn_elevation" />
    <entry id="0x7f0600c8" name="m3_btn_elevation" />
    <entry id="0x7f0600c9" name="m3_btn_icon_btn_padding_left" />
    <entry id="0x7f0600ca" name="m3_btn_icon_btn_padding_right" />
    <entry id="0x7f0600cb" name="m3_btn_icon_only_default_padding" />
    <entry id="0x7f0600cc" name="m3_btn_icon_only_default_size" />
    <entry id="0x7f0600cd" name="m3_btn_icon_only_icon_padding" />
    <entry id="0x7f0600ce" name="m3_btn_icon_only_min_width" />
    <entry id="0x7f0600cf" name="m3_btn_inset" />
    <entry id="0x7f0600d0" name="m3_btn_max_width" />
    <entry id="0x7f0600d1" name="m3_btn_padding_bottom" />
    <entry id="0x7f0600d2" name="m3_btn_padding_left" />
    <entry id="0x7f0600d3" name="m3_btn_padding_right" />
    <entry id="0x7f0600d4" name="m3_btn_padding_top" />
    <entry id="0x7f0600d5" name="m3_btn_stroke_size" />
    <entry id="0x7f0600d6" name="m3_btn_text_btn_icon_padding_left" />
    <entry id="0x7f0600d7" name="m3_btn_text_btn_icon_padding_right" />
    <entry id="0x7f0600d8" name="m3_btn_text_btn_padding_left" />
    <entry id="0x7f0600d9" name="m3_btn_text_btn_padding_right" />
    <entry id="0x7f0600da" name="m3_btn_translation_z_base" />
    <entry id="0x7f0600db" name="m3_btn_translation_z_hovered" />
    <entry id="0x7f0600dc" name="m3_card_disabled_z" />
    <entry id="0x7f0600dd" name="m3_card_dragged_z" />
    <entry id="0x7f0600de" name="m3_card_elevated_disabled_z" />
    <entry id="0x7f0600df" name="m3_card_elevated_dragged_z" />
    <entry id="0x7f0600e0" name="m3_card_elevated_elevation" />
    <entry id="0x7f0600e1" name="m3_card_elevated_hovered_z" />
    <entry id="0x7f0600e2" name="m3_card_elevation" />
    <entry id="0x7f0600e3" name="m3_card_hovered_z" />
    <entry id="0x7f0600e4" name="m3_card_stroke_width" />
    <entry id="0x7f0600e5" name="m3_carousel_debug_keyline_width" />
    <entry id="0x7f0600e6" name="m3_carousel_extra_small_item_size" />
    <entry id="0x7f0600e7" name="m3_carousel_gone_size" />
    <entry id="0x7f0600e8" name="m3_carousel_small_item_default_corner_size" />
    <entry id="0x7f0600e9" name="m3_carousel_small_item_size_max" />
    <entry id="0x7f0600ea" name="m3_carousel_small_item_size_min" />
    <entry id="0x7f0600eb" name="m3_chip_checked_hovered_translation_z" />
    <entry id="0x7f0600ec" name="m3_chip_corner_size" />
    <entry id="0x7f0600ed" name="m3_chip_disabled_translation_z" />
    <entry id="0x7f0600ee" name="m3_chip_dragged_translation_z" />
    <entry id="0x7f0600ef" name="m3_chip_elevated_elevation" />
    <entry id="0x7f0600f0" name="m3_chip_hovered_translation_z" />
    <entry id="0x7f0600f1" name="m3_chip_icon_size" />
    <entry id="0x7f0600f2" name="m3_comp_assist_chip_container_height" />
    <entry id="0x7f0600f3" name="m3_comp_assist_chip_elevated_container_elevation" />
    <entry id="0x7f0600f4" name="m3_comp_assist_chip_flat_container_elevation" />
    <entry id="0x7f0600f5" name="m3_comp_assist_chip_flat_outline_width" />
    <entry id="0x7f0600f6" name="m3_comp_assist_chip_with_icon_icon_size" />
    <entry id="0x7f0600f7" name="m3_comp_badge_large_size" />
    <entry id="0x7f0600f8" name="m3_comp_badge_size" />
    <entry id="0x7f0600f9" name="m3_comp_bottom_app_bar_container_elevation" />
    <entry id="0x7f0600fa" name="m3_comp_bottom_app_bar_container_height" />
    <entry id="0x7f0600fb" name="m3_comp_checkbox_selected_disabled_container_opacity" />
    <entry id="0x7f0600fc" name="m3_comp_circular_progress_indicator_active_indicator_width" />
    <entry id="0x7f0600fd" name="m3_comp_divider_thickness" />
    <entry id="0x7f0600fe" name="m3_comp_elevated_button_container_elevation" />
    <entry id="0x7f0600ff" name="m3_comp_elevated_button_disabled_container_elevation" />
    <entry id="0x7f060100" name="m3_comp_elevated_card_container_elevation" />
    <entry id="0x7f060101" name="m3_comp_elevated_card_icon_size" />
    <entry id="0x7f060102" name="m3_comp_extended_fab_primary_container_elevation" />
    <entry id="0x7f060103" name="m3_comp_extended_fab_primary_container_height" />
    <entry id="0x7f060104" name="m3_comp_extended_fab_primary_focus_container_elevation" />
    <entry id="0x7f060105" name="m3_comp_extended_fab_primary_focus_state_layer_opacity" />
    <entry id="0x7f060106" name="m3_comp_extended_fab_primary_hover_container_elevation" />
    <entry id="0x7f060107" name="m3_comp_extended_fab_primary_hover_state_layer_opacity" />
    <entry id="0x7f060108" name="m3_comp_extended_fab_primary_icon_size" />
    <entry id="0x7f060109" name="m3_comp_extended_fab_primary_pressed_container_elevation" />
    <entry id="0x7f06010a" name="m3_comp_extended_fab_primary_pressed_state_layer_opacity" />
    <entry id="0x7f06010b" name="m3_comp_fab_primary_container_elevation" />
    <entry id="0x7f06010c" name="m3_comp_fab_primary_container_height" />
    <entry id="0x7f06010d" name="m3_comp_fab_primary_focus_state_layer_opacity" />
    <entry id="0x7f06010e" name="m3_comp_fab_primary_hover_container_elevation" />
    <entry id="0x7f06010f" name="m3_comp_fab_primary_hover_state_layer_opacity" />
    <entry id="0x7f060110" name="m3_comp_fab_primary_icon_size" />
    <entry id="0x7f060111" name="m3_comp_fab_primary_large_container_height" />
    <entry id="0x7f060112" name="m3_comp_fab_primary_large_icon_size" />
    <entry id="0x7f060113" name="m3_comp_fab_primary_pressed_container_elevation" />
    <entry id="0x7f060114" name="m3_comp_fab_primary_pressed_state_layer_opacity" />
    <entry id="0x7f060115" name="m3_comp_fab_primary_small_container_height" />
    <entry id="0x7f060116" name="m3_comp_fab_primary_small_icon_size" />
    <entry id="0x7f060117" name="m3_comp_filled_autocomplete_menu_container_elevation" />
    <entry id="0x7f060118" name="m3_comp_filled_button_container_elevation" />
    <entry id="0x7f060119" name="m3_comp_filled_button_with_icon_icon_size" />
    <entry id="0x7f06011a" name="m3_comp_filled_card_container_elevation" />
    <entry id="0x7f06011b" name="m3_comp_filled_card_dragged_state_layer_opacity" />
    <entry id="0x7f06011c" name="m3_comp_filled_card_focus_state_layer_opacity" />
    <entry id="0x7f06011d" name="m3_comp_filled_card_hover_state_layer_opacity" />
    <entry id="0x7f06011e" name="m3_comp_filled_card_icon_size" />
    <entry id="0x7f06011f" name="m3_comp_filled_card_pressed_state_layer_opacity" />
    <entry id="0x7f060120" name="m3_comp_filled_text_field_disabled_active_indicator_opacity" />
    <entry id="0x7f060121" name="m3_comp_filter_chip_container_height" />
    <entry id="0x7f060122" name="m3_comp_filter_chip_elevated_container_elevation" />
    <entry id="0x7f060123" name="m3_comp_filter_chip_flat_container_elevation" />
    <entry id="0x7f060124" name="m3_comp_filter_chip_flat_unselected_outline_width" />
    <entry id="0x7f060125" name="m3_comp_filter_chip_with_icon_icon_size" />
    <entry id="0x7f060126" name="m3_comp_input_chip_container_elevation" />
    <entry id="0x7f060127" name="m3_comp_input_chip_container_height" />
    <entry id="0x7f060128" name="m3_comp_input_chip_unselected_outline_width" />
    <entry id="0x7f060129" name="m3_comp_input_chip_with_avatar_avatar_size" />
    <entry id="0x7f06012a" name="m3_comp_input_chip_with_leading_icon_leading_icon_size" />
    <entry id="0x7f06012b" name="m3_comp_linear_progress_indicator_active_indicator_height" />
    <entry id="0x7f06012c" name="m3_comp_menu_container_elevation" />
    <entry id="0x7f06012d" name="m3_comp_navigation_bar_active_indicator_height" />
    <entry id="0x7f06012e" name="m3_comp_navigation_bar_active_indicator_width" />
    <entry id="0x7f06012f" name="m3_comp_navigation_bar_container_elevation" />
    <entry id="0x7f060130" name="m3_comp_navigation_bar_container_height" />
    <entry id="0x7f060131" name="m3_comp_navigation_bar_focus_state_layer_opacity" />
    <entry id="0x7f060132" name="m3_comp_navigation_bar_hover_state_layer_opacity" />
    <entry id="0x7f060133" name="m3_comp_navigation_bar_icon_size" />
    <entry id="0x7f060134" name="m3_comp_navigation_bar_pressed_state_layer_opacity" />
    <entry id="0x7f060135" name="m3_comp_navigation_drawer_container_width" />
    <entry id="0x7f060136" name="m3_comp_navigation_drawer_focus_state_layer_opacity" />
    <entry id="0x7f060137" name="m3_comp_navigation_drawer_hover_state_layer_opacity" />
    <entry id="0x7f060138" name="m3_comp_navigation_drawer_icon_size" />
    <entry id="0x7f060139" name="m3_comp_navigation_drawer_modal_container_elevation" />
    <entry id="0x7f06013a" name="m3_comp_navigation_drawer_pressed_state_layer_opacity" />
    <entry id="0x7f06013b" name="m3_comp_navigation_drawer_standard_container_elevation" />
    <entry id="0x7f06013c" name="m3_comp_navigation_rail_active_indicator_height" />
    <entry id="0x7f06013d" name="m3_comp_navigation_rail_active_indicator_width" />
    <entry id="0x7f06013e" name="m3_comp_navigation_rail_container_elevation" />
    <entry id="0x7f06013f" name="m3_comp_navigation_rail_container_width" />
    <entry id="0x7f060140" name="m3_comp_navigation_rail_icon_size" />
    <entry id="0x7f060141" name="m3_comp_outlined_autocomplete_menu_container_elevation" />
    <entry id="0x7f060142" name="m3_comp_outlined_button_disabled_outline_opacity" />
    <entry id="0x7f060143" name="m3_comp_outlined_button_outline_width" />
    <entry id="0x7f060144" name="m3_comp_outlined_card_container_elevation" />
    <entry id="0x7f060145" name="m3_comp_outlined_card_disabled_outline_opacity" />
    <entry id="0x7f060146" name="m3_comp_outlined_card_icon_size" />
    <entry id="0x7f060147" name="m3_comp_outlined_card_outline_width" />
    <entry id="0x7f060148" name="m3_comp_outlined_icon_button_unselected_outline_width" />
    <entry id="0x7f060149" name="m3_comp_outlined_text_field_disabled_input_text_opacity" />
    <entry id="0x7f06014a" name="m3_comp_outlined_text_field_disabled_label_text_opacity" />
    <entry id="0x7f06014b" name="m3_comp_outlined_text_field_disabled_supporting_text_opacity" />
    <entry id="0x7f06014c" name="m3_comp_outlined_text_field_focus_outline_width" />
    <entry id="0x7f06014d" name="m3_comp_outlined_text_field_outline_width" />
    <entry id="0x7f06014e" name="m3_comp_primary_navigation_tab_active_focus_state_layer_opacity" />
    <entry id="0x7f06014f" name="m3_comp_primary_navigation_tab_active_hover_state_layer_opacity" />
    <entry id="0x7f060150" name="m3_comp_primary_navigation_tab_active_indicator_height" />
    <entry id="0x7f060151" name="m3_comp_primary_navigation_tab_active_pressed_state_layer_opacity" />
    <entry id="0x7f060152" name="m3_comp_primary_navigation_tab_divider_height" />
    <entry id="0x7f060153" name="m3_comp_primary_navigation_tab_inactive_focus_state_layer_opacity" />
    <entry id="0x7f060154" name="m3_comp_primary_navigation_tab_inactive_hover_state_layer_opacity" />
    <entry id="0x7f060155" name="m3_comp_primary_navigation_tab_inactive_pressed_state_layer_opacity" />
    <entry id="0x7f060156" name="m3_comp_primary_navigation_tab_with_icon_icon_size" />
    <entry id="0x7f060157" name="m3_comp_radio_button_disabled_selected_icon_opacity" />
    <entry id="0x7f060158" name="m3_comp_radio_button_disabled_unselected_icon_opacity" />
    <entry id="0x7f060159" name="m3_comp_radio_button_selected_focus_state_layer_opacity" />
    <entry id="0x7f06015a" name="m3_comp_radio_button_selected_hover_state_layer_opacity" />
    <entry id="0x7f06015b" name="m3_comp_radio_button_selected_pressed_state_layer_opacity" />
    <entry id="0x7f06015c" name="m3_comp_radio_button_unselected_focus_state_layer_opacity" />
    <entry id="0x7f06015d" name="m3_comp_radio_button_unselected_hover_state_layer_opacity" />
    <entry id="0x7f06015e" name="m3_comp_radio_button_unselected_pressed_state_layer_opacity" />
    <entry id="0x7f06015f" name="m3_comp_search_bar_avatar_size" />
    <entry id="0x7f060160" name="m3_comp_search_bar_container_elevation" />
    <entry id="0x7f060161" name="m3_comp_search_bar_container_height" />
    <entry id="0x7f060162" name="m3_comp_search_bar_hover_state_layer_opacity" />
    <entry id="0x7f060163" name="m3_comp_search_bar_pressed_state_layer_opacity" />
    <entry id="0x7f060164" name="m3_comp_search_view_container_elevation" />
    <entry id="0x7f060165" name="m3_comp_search_view_docked_header_container_height" />
    <entry id="0x7f060166" name="m3_comp_search_view_full_screen_header_container_height" />
    <entry id="0x7f060167" name="m3_comp_secondary_navigation_tab_active_indicator_height" />
    <entry id="0x7f060168" name="m3_comp_secondary_navigation_tab_focus_state_layer_opacity" />
    <entry id="0x7f060169" name="m3_comp_secondary_navigation_tab_hover_state_layer_opacity" />
    <entry id="0x7f06016a" name="m3_comp_secondary_navigation_tab_pressed_state_layer_opacity" />
    <entry id="0x7f06016b" name="m3_comp_sheet_bottom_docked_modal_container_elevation" />
    <entry id="0x7f06016c" name="m3_comp_sheet_bottom_docked_standard_container_elevation" />
    <entry id="0x7f06016d" name="m3_comp_sheet_side_docked_container_width" />
    <entry id="0x7f06016e" name="m3_comp_sheet_side_docked_modal_container_elevation" />
    <entry id="0x7f06016f" name="m3_comp_sheet_side_docked_standard_container_elevation" />
    <entry id="0x7f060170" name="m3_comp_slider_disabled_active_track_opacity" />
    <entry id="0x7f060171" name="m3_comp_slider_disabled_handle_opacity" />
    <entry id="0x7f060172" name="m3_comp_slider_disabled_inactive_track_opacity" />
    <entry id="0x7f060173" name="m3_comp_slider_inactive_track_height" />
    <entry id="0x7f060174" name="m3_comp_snackbar_container_elevation" />
    <entry id="0x7f060175" name="m3_comp_suggestion_chip_container_height" />
    <entry id="0x7f060176" name="m3_comp_suggestion_chip_elevated_container_elevation" />
    <entry id="0x7f060177" name="m3_comp_suggestion_chip_flat_container_elevation" />
    <entry id="0x7f060178" name="m3_comp_suggestion_chip_flat_outline_width" />
    <entry id="0x7f060179" name="m3_comp_suggestion_chip_with_leading_icon_leading_icon_size" />
    <entry id="0x7f06017a" name="m3_comp_switch_disabled_selected_handle_opacity" />
    <entry id="0x7f06017b" name="m3_comp_switch_disabled_selected_icon_opacity" />
    <entry id="0x7f06017c" name="m3_comp_switch_disabled_track_opacity" />
    <entry id="0x7f06017d" name="m3_comp_switch_disabled_unselected_handle_opacity" />
    <entry id="0x7f06017e" name="m3_comp_switch_disabled_unselected_icon_opacity" />
    <entry id="0x7f06017f" name="m3_comp_switch_selected_focus_state_layer_opacity" />
    <entry id="0x7f060180" name="m3_comp_switch_selected_hover_state_layer_opacity" />
    <entry id="0x7f060181" name="m3_comp_switch_selected_pressed_state_layer_opacity" />
    <entry id="0x7f060182" name="m3_comp_switch_track_height" />
    <entry id="0x7f060183" name="m3_comp_switch_track_width" />
    <entry id="0x7f060184" name="m3_comp_switch_unselected_focus_state_layer_opacity" />
    <entry id="0x7f060185" name="m3_comp_switch_unselected_hover_state_layer_opacity" />
    <entry id="0x7f060186" name="m3_comp_switch_unselected_pressed_state_layer_opacity" />
    <entry id="0x7f060187" name="m3_comp_text_button_focus_state_layer_opacity" />
    <entry id="0x7f060188" name="m3_comp_text_button_hover_state_layer_opacity" />
    <entry id="0x7f060189" name="m3_comp_text_button_pressed_state_layer_opacity" />
    <entry id="0x7f06018a" name="m3_comp_time_input_time_input_field_focus_outline_width" />
    <entry id="0x7f06018b" name="m3_comp_time_picker_container_elevation" />
    <entry id="0x7f06018c" name="m3_comp_time_picker_period_selector_focus_state_layer_opacity" />
    <entry id="0x7f06018d" name="m3_comp_time_picker_period_selector_hover_state_layer_opacity" />
    <entry id="0x7f06018e" name="m3_comp_time_picker_period_selector_outline_width" />
    <entry id="0x7f06018f" name="m3_comp_time_picker_period_selector_pressed_state_layer_opacity" />
    <entry id="0x7f060190" name="m3_comp_time_picker_time_selector_focus_state_layer_opacity" />
    <entry id="0x7f060191" name="m3_comp_time_picker_time_selector_hover_state_layer_opacity" />
    <entry id="0x7f060192" name="m3_comp_time_picker_time_selector_pressed_state_layer_opacity" />
    <entry id="0x7f060193" name="m3_comp_top_app_bar_large_container_height" />
    <entry id="0x7f060194" name="m3_comp_top_app_bar_medium_container_height" />
    <entry id="0x7f060195" name="m3_comp_top_app_bar_small_container_elevation" />
    <entry id="0x7f060196" name="m3_comp_top_app_bar_small_container_height" />
    <entry id="0x7f060197" name="m3_comp_top_app_bar_small_on_scroll_container_elevation" />
    <entry id="0x7f060198" name="m3_datepicker_elevation" />
    <entry id="0x7f060199" name="m3_divider_heavy_thickness" />
    <entry id="0x7f06019a" name="m3_extended_fab_bottom_padding" />
    <entry id="0x7f06019b" name="m3_extended_fab_end_padding" />
    <entry id="0x7f06019c" name="m3_extended_fab_icon_padding" />
    <entry id="0x7f06019d" name="m3_extended_fab_min_height" />
    <entry id="0x7f06019e" name="m3_extended_fab_start_padding" />
    <entry id="0x7f06019f" name="m3_extended_fab_top_padding" />
    <entry id="0x7f0601a0" name="m3_fab_border_width" />
    <entry id="0x7f0601a1" name="m3_fab_corner_size" />
    <entry id="0x7f0601a2" name="m3_fab_translation_z_hovered_focused" />
    <entry id="0x7f0601a3" name="m3_fab_translation_z_pressed" />
    <entry id="0x7f0601a4" name="m3_large_fab_max_image_size" />
    <entry id="0x7f0601a5" name="m3_large_fab_size" />
    <entry id="0x7f0601a6" name="m3_menu_elevation" />
    <entry id="0x7f0601a7" name="m3_navigation_drawer_layout_corner_size" />
    <entry id="0x7f0601a8" name="m3_navigation_item_horizontal_padding" />
    <entry id="0x7f0601a9" name="m3_navigation_item_icon_padding" />
    <entry id="0x7f0601aa" name="m3_navigation_item_shape_inset_bottom" />
    <entry id="0x7f0601ab" name="m3_navigation_item_shape_inset_end" />
    <entry id="0x7f0601ac" name="m3_navigation_item_shape_inset_start" />
    <entry id="0x7f0601ad" name="m3_navigation_item_shape_inset_top" />
    <entry id="0x7f0601ae" name="m3_navigation_item_vertical_padding" />
    <entry id="0x7f0601af" name="m3_navigation_menu_divider_horizontal_padding" />
    <entry id="0x7f0601b0" name="m3_navigation_menu_headline_horizontal_padding" />
    <entry id="0x7f0601b1" name="m3_navigation_rail_default_width" />
    <entry id="0x7f0601b2" name="m3_navigation_rail_elevation" />
    <entry id="0x7f0601b3" name="m3_navigation_rail_icon_size" />
    <entry id="0x7f0601b4" name="m3_navigation_rail_item_active_indicator_height" />
    <entry id="0x7f0601b5" name="m3_navigation_rail_item_active_indicator_margin_horizontal" />
    <entry id="0x7f0601b6" name="m3_navigation_rail_item_active_indicator_width" />
    <entry id="0x7f0601b7" name="m3_navigation_rail_item_min_height" />
    <entry id="0x7f0601b8" name="m3_navigation_rail_item_padding_bottom" />
    <entry id="0x7f0601b9" name="m3_navigation_rail_item_padding_top" />
    <entry id="0x7f0601ba" name="m3_ripple_default_alpha" />
    <entry id="0x7f0601bb" name="m3_ripple_focused_alpha" />
    <entry id="0x7f0601bc" name="m3_ripple_hovered_alpha" />
    <entry id="0x7f0601bd" name="m3_ripple_pressed_alpha" />
    <entry id="0x7f0601be" name="m3_ripple_selectable_pressed_alpha" />
    <entry id="0x7f0601bf" name="m3_searchbar_elevation" />
    <entry id="0x7f0601c0" name="m3_searchbar_height" />
    <entry id="0x7f0601c1" name="m3_searchbar_margin_horizontal" />
    <entry id="0x7f0601c2" name="m3_searchbar_margin_vertical" />
    <entry id="0x7f0601c3" name="m3_searchbar_outlined_stroke_width" />
    <entry id="0x7f0601c4" name="m3_searchbar_padding_start" />
    <entry id="0x7f0601c5" name="m3_searchbar_text_margin_start_no_navigation_icon" />
    <entry id="0x7f0601c6" name="m3_searchbar_text_size" />
    <entry id="0x7f0601c7" name="m3_searchview_divider_size" />
    <entry id="0x7f0601c8" name="m3_searchview_elevation" />
    <entry id="0x7f0601c9" name="m3_searchview_height" />
    <entry id="0x7f0601ca" name="m3_side_sheet_margin_detached" />
    <entry id="0x7f0601cb" name="m3_side_sheet_modal_elevation" />
    <entry id="0x7f0601cc" name="m3_side_sheet_standard_elevation" />
    <entry id="0x7f0601cd" name="m3_side_sheet_width" />
    <entry id="0x7f0601ce" name="m3_simple_item_color_hovered_alpha" />
    <entry id="0x7f0601cf" name="m3_simple_item_color_selected_alpha" />
    <entry id="0x7f0601d0" name="m3_slider_inactive_track_height" />
    <entry id="0x7f0601d1" name="m3_slider_thumb_elevation" />
    <entry id="0x7f0601d2" name="m3_small_fab_max_image_size" />
    <entry id="0x7f0601d3" name="m3_small_fab_size" />
    <entry id="0x7f0601d4" name="m3_snackbar_action_text_color_alpha" />
    <entry id="0x7f0601d5" name="m3_snackbar_margin" />
    <entry id="0x7f0601d6" name="m3_sys_elevation_level0" />
    <entry id="0x7f0601d7" name="m3_sys_elevation_level1" />
    <entry id="0x7f0601d8" name="m3_sys_elevation_level2" />
    <entry id="0x7f0601d9" name="m3_sys_elevation_level3" />
    <entry id="0x7f0601da" name="m3_sys_elevation_level4" />
    <entry id="0x7f0601db" name="m3_sys_elevation_level5" />
    <entry id="0x7f0601dc" name="m3_sys_motion_easing_emphasized_accelerate_control_x1" />
    <entry id="0x7f0601dd" name="m3_sys_motion_easing_emphasized_accelerate_control_x2" />
    <entry id="0x7f0601de" name="m3_sys_motion_easing_emphasized_accelerate_control_y1" />
    <entry id="0x7f0601df" name="m3_sys_motion_easing_emphasized_accelerate_control_y2" />
    <entry id="0x7f0601e0" name="m3_sys_motion_easing_emphasized_decelerate_control_x1" />
    <entry id="0x7f0601e1" name="m3_sys_motion_easing_emphasized_decelerate_control_x2" />
    <entry id="0x7f0601e2" name="m3_sys_motion_easing_emphasized_decelerate_control_y1" />
    <entry id="0x7f0601e3" name="m3_sys_motion_easing_emphasized_decelerate_control_y2" />
    <entry id="0x7f0601e4" name="m3_sys_motion_easing_legacy_accelerate_control_x1" />
    <entry id="0x7f0601e5" name="m3_sys_motion_easing_legacy_accelerate_control_x2" />
    <entry id="0x7f0601e6" name="m3_sys_motion_easing_legacy_accelerate_control_y1" />
    <entry id="0x7f0601e7" name="m3_sys_motion_easing_legacy_accelerate_control_y2" />
    <entry id="0x7f0601e8" name="m3_sys_motion_easing_legacy_control_x1" />
    <entry id="0x7f0601e9" name="m3_sys_motion_easing_legacy_control_x2" />
    <entry id="0x7f0601ea" name="m3_sys_motion_easing_legacy_control_y1" />
    <entry id="0x7f0601eb" name="m3_sys_motion_easing_legacy_control_y2" />
    <entry id="0x7f0601ec" name="m3_sys_motion_easing_legacy_decelerate_control_x1" />
    <entry id="0x7f0601ed" name="m3_sys_motion_easing_legacy_decelerate_control_x2" />
    <entry id="0x7f0601ee" name="m3_sys_motion_easing_legacy_decelerate_control_y1" />
    <entry id="0x7f0601ef" name="m3_sys_motion_easing_legacy_decelerate_control_y2" />
    <entry id="0x7f0601f0" name="m3_sys_motion_easing_linear_control_x1" />
    <entry id="0x7f0601f1" name="m3_sys_motion_easing_linear_control_x2" />
    <entry id="0x7f0601f2" name="m3_sys_motion_easing_linear_control_y1" />
    <entry id="0x7f0601f3" name="m3_sys_motion_easing_linear_control_y2" />
    <entry id="0x7f0601f4" name="m3_sys_motion_easing_standard_accelerate_control_x1" />
    <entry id="0x7f0601f5" name="m3_sys_motion_easing_standard_accelerate_control_x2" />
    <entry id="0x7f0601f6" name="m3_sys_motion_easing_standard_accelerate_control_y1" />
    <entry id="0x7f0601f7" name="m3_sys_motion_easing_standard_accelerate_control_y2" />
    <entry id="0x7f0601f8" name="m3_sys_motion_easing_standard_control_x1" />
    <entry id="0x7f0601f9" name="m3_sys_motion_easing_standard_control_x2" />
    <entry id="0x7f0601fa" name="m3_sys_motion_easing_standard_control_y1" />
    <entry id="0x7f0601fb" name="m3_sys_motion_easing_standard_control_y2" />
    <entry id="0x7f0601fc" name="m3_sys_motion_easing_standard_decelerate_control_x1" />
    <entry id="0x7f0601fd" name="m3_sys_motion_easing_standard_decelerate_control_x2" />
    <entry id="0x7f0601fe" name="m3_sys_motion_easing_standard_decelerate_control_y1" />
    <entry id="0x7f0601ff" name="m3_sys_motion_easing_standard_decelerate_control_y2" />
    <entry id="0x7f060200" name="m3_sys_state_dragged_state_layer_opacity" />
    <entry id="0x7f060201" name="m3_sys_state_focus_state_layer_opacity" />
    <entry id="0x7f060202" name="m3_sys_state_hover_state_layer_opacity" />
    <entry id="0x7f060203" name="m3_sys_state_pressed_state_layer_opacity" />
    <entry id="0x7f060204" name="m3_timepicker_display_stroke_width" />
    <entry id="0x7f060205" name="m3_timepicker_window_elevation" />
    <entry id="0x7f060206" name="m3_toolbar_text_size_title" />
    <entry id="0x7f060207" name="material_bottom_sheet_max_width" />
    <entry id="0x7f060208" name="material_clock_display_height" />
    <entry id="0x7f060209" name="material_clock_display_padding" />
    <entry id="0x7f06020a" name="material_clock_display_width" />
    <entry id="0x7f06020b" name="material_clock_face_margin_top" />
    <entry id="0x7f06020c" name="material_clock_hand_center_dot_radius" />
    <entry id="0x7f06020d" name="material_clock_hand_padding" />
    <entry id="0x7f06020e" name="material_clock_hand_stroke_width" />
    <entry id="0x7f06020f" name="material_clock_number_text_size" />
    <entry id="0x7f060210" name="material_clock_period_toggle_height" />
    <entry id="0x7f060211" name="material_clock_period_toggle_horizontal_gap" />
    <entry id="0x7f060212" name="material_clock_period_toggle_vertical_gap" />
    <entry id="0x7f060213" name="material_clock_period_toggle_width" />
    <entry id="0x7f060214" name="material_clock_size" />
    <entry id="0x7f060215" name="material_cursor_inset" />
    <entry id="0x7f060216" name="material_cursor_width" />
    <entry id="0x7f060217" name="material_divider_thickness" />
    <entry id="0x7f060218" name="material_emphasis_disabled" />
    <entry id="0x7f060219" name="material_emphasis_disabled_background" />
    <entry id="0x7f06021a" name="material_emphasis_high_type" />
    <entry id="0x7f06021b" name="material_emphasis_medium" />
    <entry id="0x7f06021c" name="material_filled_edittext_font_1_3_padding_bottom" />
    <entry id="0x7f06021d" name="material_filled_edittext_font_1_3_padding_top" />
    <entry id="0x7f06021e" name="material_filled_edittext_font_2_0_padding_bottom" />
    <entry id="0x7f06021f" name="material_filled_edittext_font_2_0_padding_top" />
    <entry id="0x7f060220" name="material_font_1_3_box_collapsed_padding_top" />
    <entry id="0x7f060221" name="material_font_2_0_box_collapsed_padding_top" />
    <entry id="0x7f060222" name="material_helper_text_default_padding_top" />
    <entry id="0x7f060223" name="material_helper_text_font_1_3_padding_horizontal" />
    <entry id="0x7f060224" name="material_helper_text_font_1_3_padding_top" />
    <entry id="0x7f060225" name="material_input_text_to_prefix_suffix_padding" />
    <entry id="0x7f060226" name="material_textinput_default_width" />
    <entry id="0x7f060227" name="material_textinput_max_width" />
    <entry id="0x7f060228" name="material_textinput_min_width" />
    <entry id="0x7f060229" name="material_time_picker_minimum_screen_height" />
    <entry id="0x7f06022a" name="material_time_picker_minimum_screen_width" />
    <entry id="0x7f06022b" name="material_timepicker_dialog_buttons_margin_top" />
    <entry id="0x7f06022c" name="md_action_button_corner_radius" />
    <entry id="0x7f06022d" name="md_action_button_frame_padding" />
    <entry id="0x7f06022e" name="md_action_button_frame_padding_neutral" />
    <entry id="0x7f06022f" name="md_action_button_frame_spec_height" />
    <entry id="0x7f060230" name="md_action_button_inset_horizontal" />
    <entry id="0x7f060231" name="md_action_button_inset_vertical" />
    <entry id="0x7f060232" name="md_action_button_min_width" />
    <entry id="0x7f060233" name="md_action_button_padding_horizontal" />
    <entry id="0x7f060234" name="md_action_button_padding_vertical" />
    <entry id="0x7f060235" name="md_action_button_textsize" />
    <entry id="0x7f060236" name="md_checkbox_prompt_height" />
    <entry id="0x7f060237" name="md_checkbox_prompt_margin_horizontal" />
    <entry id="0x7f060238" name="md_checkbox_prompt_margin_vertical" />
    <entry id="0x7f060239" name="md_dialog_default_corner_radius" />
    <entry id="0x7f06023a" name="md_dialog_frame_margin_horizontal" />
    <entry id="0x7f06023b" name="md_dialog_frame_margin_vertical" />
    <entry id="0x7f06023c" name="md_dialog_frame_margin_vertical_less" />
    <entry id="0x7f06023d" name="md_dialog_horizontal_margin" />
    <entry id="0x7f06023e" name="md_dialog_max_width" />
    <entry id="0x7f06023f" name="md_dialog_title_layout_margin_bottom" />
    <entry id="0x7f060240" name="md_dialog_vertical_margin" />
    <entry id="0x7f060241" name="md_divider_height" />
    <entry id="0x7f060242" name="md_icon_margin" />
    <entry id="0x7f060243" name="md_icon_size" />
    <entry id="0x7f060244" name="md_listitem_control_margin" />
    <entry id="0x7f060245" name="md_listitem_height" />
    <entry id="0x7f060246" name="md_listitem_margin_left" />
    <entry id="0x7f060247" name="md_listitem_margin_left_choice" />
    <entry id="0x7f060248" name="md_listitem_textsize" />
    <entry id="0x7f060249" name="md_listitem_vertical_margin" />
    <entry id="0x7f06024a" name="md_listitem_vertical_margin_choice" />
    <entry id="0x7f06024b" name="md_message_textsize" />
    <entry id="0x7f06024c" name="md_title_textsize" />
    <entry id="0x7f06024d" name="mtrl_alert_dialog_background_inset_bottom" />
    <entry id="0x7f06024e" name="mtrl_alert_dialog_background_inset_end" />
    <entry id="0x7f06024f" name="mtrl_alert_dialog_background_inset_start" />
    <entry id="0x7f060250" name="mtrl_alert_dialog_background_inset_top" />
    <entry id="0x7f060251" name="mtrl_alert_dialog_picker_background_inset" />
    <entry id="0x7f060252" name="mtrl_badge_horizontal_edge_offset" />
    <entry id="0x7f060253" name="mtrl_badge_long_text_horizontal_padding" />
    <entry id="0x7f060254" name="mtrl_badge_size" />
    <entry id="0x7f060255" name="mtrl_badge_text_horizontal_edge_offset" />
    <entry id="0x7f060256" name="mtrl_badge_text_size" />
    <entry id="0x7f060257" name="mtrl_badge_toolbar_action_menu_item_horizontal_offset" />
    <entry id="0x7f060258" name="mtrl_badge_toolbar_action_menu_item_vertical_offset" />
    <entry id="0x7f060259" name="mtrl_badge_with_text_size" />
    <entry id="0x7f06025a" name="mtrl_bottomappbar_fabOffsetEndMode" />
    <entry id="0x7f06025b" name="mtrl_bottomappbar_fab_bottom_margin" />
    <entry id="0x7f06025c" name="mtrl_bottomappbar_fab_cradle_margin" />
    <entry id="0x7f06025d" name="mtrl_bottomappbar_fab_cradle_rounded_corner_radius" />
    <entry id="0x7f06025e" name="mtrl_bottomappbar_fab_cradle_vertical_offset" />
    <entry id="0x7f06025f" name="mtrl_bottomappbar_height" />
    <entry id="0x7f060260" name="mtrl_btn_corner_radius" />
    <entry id="0x7f060261" name="mtrl_btn_dialog_btn_min_width" />
    <entry id="0x7f060262" name="mtrl_btn_disabled_elevation" />
    <entry id="0x7f060263" name="mtrl_btn_disabled_z" />
    <entry id="0x7f060264" name="mtrl_btn_elevation" />
    <entry id="0x7f060265" name="mtrl_btn_focused_z" />
    <entry id="0x7f060266" name="mtrl_btn_hovered_z" />
    <entry id="0x7f060267" name="mtrl_btn_icon_btn_padding_left" />
    <entry id="0x7f060268" name="mtrl_btn_icon_padding" />
    <entry id="0x7f060269" name="mtrl_btn_inset" />
    <entry id="0x7f06026a" name="mtrl_btn_letter_spacing" />
    <entry id="0x7f06026b" name="mtrl_btn_max_width" />
    <entry id="0x7f06026c" name="mtrl_btn_padding_bottom" />
    <entry id="0x7f06026d" name="mtrl_btn_padding_left" />
    <entry id="0x7f06026e" name="mtrl_btn_padding_right" />
    <entry id="0x7f06026f" name="mtrl_btn_padding_top" />
    <entry id="0x7f060270" name="mtrl_btn_pressed_z" />
    <entry id="0x7f060271" name="mtrl_btn_snackbar_margin_horizontal" />
    <entry id="0x7f060272" name="mtrl_btn_stroke_size" />
    <entry id="0x7f060273" name="mtrl_btn_text_btn_icon_padding" />
    <entry id="0x7f060274" name="mtrl_btn_text_btn_padding_left" />
    <entry id="0x7f060275" name="mtrl_btn_text_btn_padding_right" />
    <entry id="0x7f060276" name="mtrl_btn_text_size" />
    <entry id="0x7f060277" name="mtrl_btn_z" />
    <entry id="0x7f060278" name="mtrl_calendar_action_confirm_button_min_width" />
    <entry id="0x7f060279" name="mtrl_calendar_action_height" />
    <entry id="0x7f06027a" name="mtrl_calendar_action_padding" />
    <entry id="0x7f06027b" name="mtrl_calendar_bottom_padding" />
    <entry id="0x7f06027c" name="mtrl_calendar_content_padding" />
    <entry id="0x7f06027d" name="mtrl_calendar_day_corner" />
    <entry id="0x7f06027e" name="mtrl_calendar_day_height" />
    <entry id="0x7f06027f" name="mtrl_calendar_day_horizontal_padding" />
    <entry id="0x7f060280" name="mtrl_calendar_day_today_stroke" />
    <entry id="0x7f060281" name="mtrl_calendar_day_vertical_padding" />
    <entry id="0x7f060282" name="mtrl_calendar_day_width" />
    <entry id="0x7f060283" name="mtrl_calendar_days_of_week_height" />
    <entry id="0x7f060284" name="mtrl_calendar_dialog_background_inset" />
    <entry id="0x7f060285" name="mtrl_calendar_header_content_padding" />
    <entry id="0x7f060286" name="mtrl_calendar_header_content_padding_fullscreen" />
    <entry id="0x7f060287" name="mtrl_calendar_header_divider_thickness" />
    <entry id="0x7f060288" name="mtrl_calendar_header_height" />
    <entry id="0x7f060289" name="mtrl_calendar_header_height_fullscreen" />
    <entry id="0x7f06028a" name="mtrl_calendar_header_selection_line_height" />
    <entry id="0x7f06028b" name="mtrl_calendar_header_text_padding" />
    <entry id="0x7f06028c" name="mtrl_calendar_header_toggle_margin_bottom" />
    <entry id="0x7f06028d" name="mtrl_calendar_header_toggle_margin_top" />
    <entry id="0x7f06028e" name="mtrl_calendar_landscape_header_width" />
    <entry id="0x7f06028f" name="mtrl_calendar_maximum_default_fullscreen_minor_axis" />
    <entry id="0x7f060290" name="mtrl_calendar_month_horizontal_padding" />
    <entry id="0x7f060291" name="mtrl_calendar_month_vertical_padding" />
    <entry id="0x7f060292" name="mtrl_calendar_navigation_bottom_padding" />
    <entry id="0x7f060293" name="mtrl_calendar_navigation_height" />
    <entry id="0x7f060294" name="mtrl_calendar_navigation_top_padding" />
    <entry id="0x7f060295" name="mtrl_calendar_pre_l_text_clip_padding" />
    <entry id="0x7f060296" name="mtrl_calendar_selection_baseline_to_top_fullscreen" />
    <entry id="0x7f060297" name="mtrl_calendar_selection_text_baseline_to_bottom" />
    <entry id="0x7f060298" name="mtrl_calendar_selection_text_baseline_to_bottom_fullscreen" />
    <entry id="0x7f060299" name="mtrl_calendar_selection_text_baseline_to_top" />
    <entry id="0x7f06029a" name="mtrl_calendar_text_input_padding_top" />
    <entry id="0x7f06029b" name="mtrl_calendar_title_baseline_to_top" />
    <entry id="0x7f06029c" name="mtrl_calendar_title_baseline_to_top_fullscreen" />
    <entry id="0x7f06029d" name="mtrl_calendar_year_corner" />
    <entry id="0x7f06029e" name="mtrl_calendar_year_height" />
    <entry id="0x7f06029f" name="mtrl_calendar_year_horizontal_padding" />
    <entry id="0x7f0602a0" name="mtrl_calendar_year_vertical_padding" />
    <entry id="0x7f0602a1" name="mtrl_calendar_year_width" />
    <entry id="0x7f0602a2" name="mtrl_card_checked_icon_margin" />
    <entry id="0x7f0602a3" name="mtrl_card_checked_icon_size" />
    <entry id="0x7f0602a4" name="mtrl_card_corner_radius" />
    <entry id="0x7f0602a5" name="mtrl_card_dragged_z" />
    <entry id="0x7f0602a6" name="mtrl_card_elevation" />
    <entry id="0x7f0602a7" name="mtrl_card_spacing" />
    <entry id="0x7f0602a8" name="mtrl_chip_pressed_translation_z" />
    <entry id="0x7f0602a9" name="mtrl_chip_text_size" />
    <entry id="0x7f0602aa" name="mtrl_exposed_dropdown_menu_popup_elevation" />
    <entry id="0x7f0602ab" name="mtrl_exposed_dropdown_menu_popup_vertical_offset" />
    <entry id="0x7f0602ac" name="mtrl_exposed_dropdown_menu_popup_vertical_padding" />
    <entry id="0x7f0602ad" name="mtrl_extended_fab_bottom_padding" />
    <entry id="0x7f0602ae" name="mtrl_extended_fab_disabled_elevation" />
    <entry id="0x7f0602af" name="mtrl_extended_fab_disabled_translation_z" />
    <entry id="0x7f0602b0" name="mtrl_extended_fab_elevation" />
    <entry id="0x7f0602b1" name="mtrl_extended_fab_end_padding" />
    <entry id="0x7f0602b2" name="mtrl_extended_fab_end_padding_icon" />
    <entry id="0x7f0602b3" name="mtrl_extended_fab_icon_size" />
    <entry id="0x7f0602b4" name="mtrl_extended_fab_icon_text_spacing" />
    <entry id="0x7f0602b5" name="mtrl_extended_fab_min_height" />
    <entry id="0x7f0602b6" name="mtrl_extended_fab_min_width" />
    <entry id="0x7f0602b7" name="mtrl_extended_fab_start_padding" />
    <entry id="0x7f0602b8" name="mtrl_extended_fab_start_padding_icon" />
    <entry id="0x7f0602b9" name="mtrl_extended_fab_top_padding" />
    <entry id="0x7f0602ba" name="mtrl_extended_fab_translation_z_base" />
    <entry id="0x7f0602bb" name="mtrl_extended_fab_translation_z_hovered_focused" />
    <entry id="0x7f0602bc" name="mtrl_extended_fab_translation_z_pressed" />
    <entry id="0x7f0602bd" name="mtrl_fab_elevation" />
    <entry id="0x7f0602be" name="mtrl_fab_min_touch_target" />
    <entry id="0x7f0602bf" name="mtrl_fab_translation_z_hovered_focused" />
    <entry id="0x7f0602c0" name="mtrl_fab_translation_z_pressed" />
    <entry id="0x7f0602c1" name="mtrl_high_ripple_default_alpha" />
    <entry id="0x7f0602c2" name="mtrl_high_ripple_focused_alpha" />
    <entry id="0x7f0602c3" name="mtrl_high_ripple_hovered_alpha" />
    <entry id="0x7f0602c4" name="mtrl_high_ripple_pressed_alpha" />
    <entry id="0x7f0602c5" name="mtrl_low_ripple_default_alpha" />
    <entry id="0x7f0602c6" name="mtrl_low_ripple_focused_alpha" />
    <entry id="0x7f0602c7" name="mtrl_low_ripple_hovered_alpha" />
    <entry id="0x7f0602c8" name="mtrl_low_ripple_pressed_alpha" />
    <entry id="0x7f0602c9" name="mtrl_min_touch_target_size" />
    <entry id="0x7f0602ca" name="mtrl_navigation_bar_item_default_icon_size" />
    <entry id="0x7f0602cb" name="mtrl_navigation_bar_item_default_margin" />
    <entry id="0x7f0602cc" name="mtrl_navigation_elevation" />
    <entry id="0x7f0602cd" name="mtrl_navigation_item_horizontal_padding" />
    <entry id="0x7f0602ce" name="mtrl_navigation_item_icon_padding" />
    <entry id="0x7f0602cf" name="mtrl_navigation_item_icon_size" />
    <entry id="0x7f0602d0" name="mtrl_navigation_item_shape_horizontal_margin" />
    <entry id="0x7f0602d1" name="mtrl_navigation_item_shape_vertical_margin" />
    <entry id="0x7f0602d2" name="mtrl_navigation_rail_active_text_size" />
    <entry id="0x7f0602d3" name="mtrl_navigation_rail_compact_width" />
    <entry id="0x7f0602d4" name="mtrl_navigation_rail_default_width" />
    <entry id="0x7f0602d5" name="mtrl_navigation_rail_elevation" />
    <entry id="0x7f0602d6" name="mtrl_navigation_rail_icon_margin" />
    <entry id="0x7f0602d7" name="mtrl_navigation_rail_icon_size" />
    <entry id="0x7f0602d8" name="mtrl_navigation_rail_margin" />
    <entry id="0x7f0602d9" name="mtrl_navigation_rail_text_bottom_margin" />
    <entry id="0x7f0602da" name="mtrl_navigation_rail_text_size" />
    <entry id="0x7f0602db" name="mtrl_progress_circular_inset" />
    <entry id="0x7f0602dc" name="mtrl_progress_circular_inset_extra_small" />
    <entry id="0x7f0602dd" name="mtrl_progress_circular_inset_medium" />
    <entry id="0x7f0602de" name="mtrl_progress_circular_inset_small" />
    <entry id="0x7f0602df" name="mtrl_progress_circular_radius" />
    <entry id="0x7f0602e0" name="mtrl_progress_circular_size" />
    <entry id="0x7f0602e1" name="mtrl_progress_circular_size_extra_small" />
    <entry id="0x7f0602e2" name="mtrl_progress_circular_size_medium" />
    <entry id="0x7f0602e3" name="mtrl_progress_circular_size_small" />
    <entry id="0x7f0602e4" name="mtrl_progress_circular_track_thickness_extra_small" />
    <entry id="0x7f0602e5" name="mtrl_progress_circular_track_thickness_medium" />
    <entry id="0x7f0602e6" name="mtrl_progress_circular_track_thickness_small" />
    <entry id="0x7f0602e7" name="mtrl_progress_indicator_full_rounded_corner_radius" />
    <entry id="0x7f0602e8" name="mtrl_progress_track_thickness" />
    <entry id="0x7f0602e9" name="mtrl_shape_corner_size_large_component" />
    <entry id="0x7f0602ea" name="mtrl_shape_corner_size_medium_component" />
    <entry id="0x7f0602eb" name="mtrl_shape_corner_size_small_component" />
    <entry id="0x7f0602ec" name="mtrl_slider_halo_radius" />
    <entry id="0x7f0602ed" name="mtrl_slider_label_padding" />
    <entry id="0x7f0602ee" name="mtrl_slider_label_radius" />
    <entry id="0x7f0602ef" name="mtrl_slider_label_square_side" />
    <entry id="0x7f0602f0" name="mtrl_slider_thumb_elevation" />
    <entry id="0x7f0602f1" name="mtrl_slider_thumb_radius" />
    <entry id="0x7f0602f2" name="mtrl_slider_tick_radius" />
    <entry id="0x7f0602f3" name="mtrl_slider_track_height" />
    <entry id="0x7f0602f4" name="mtrl_slider_track_side_padding" />
    <entry id="0x7f0602f5" name="mtrl_slider_widget_height" />
    <entry id="0x7f0602f6" name="mtrl_snackbar_action_text_color_alpha" />
    <entry id="0x7f0602f7" name="mtrl_snackbar_background_corner_radius" />
    <entry id="0x7f0602f8" name="mtrl_snackbar_background_overlay_color_alpha" />
    <entry id="0x7f0602f9" name="mtrl_snackbar_margin" />
    <entry id="0x7f0602fa" name="mtrl_snackbar_message_margin_horizontal" />
    <entry id="0x7f0602fb" name="mtrl_snackbar_padding_horizontal" />
    <entry id="0x7f0602fc" name="mtrl_switch_text_padding" />
    <entry id="0x7f0602fd" name="mtrl_switch_thumb_elevation" />
    <entry id="0x7f0602fe" name="mtrl_switch_thumb_size" />
    <entry id="0x7f0602ff" name="mtrl_switch_track_height" />
    <entry id="0x7f060300" name="mtrl_switch_track_width" />
    <entry id="0x7f060301" name="mtrl_textinput_box_corner_radius_medium" />
    <entry id="0x7f060302" name="mtrl_textinput_box_corner_radius_small" />
    <entry id="0x7f060303" name="mtrl_textinput_box_label_cutout_padding" />
    <entry id="0x7f060304" name="mtrl_textinput_box_stroke_width_default" />
    <entry id="0x7f060305" name="mtrl_textinput_box_stroke_width_focused" />
    <entry id="0x7f060306" name="mtrl_textinput_counter_margin_start" />
    <entry id="0x7f060307" name="mtrl_textinput_end_icon_margin_start" />
    <entry id="0x7f060308" name="mtrl_textinput_outline_box_expanded_padding" />
    <entry id="0x7f060309" name="mtrl_textinput_start_icon_margin_end" />
    <entry id="0x7f06030a" name="mtrl_toolbar_default_height" />
    <entry id="0x7f06030b" name="mtrl_tooltip_arrowSize" />
    <entry id="0x7f06030c" name="mtrl_tooltip_cornerSize" />
    <entry id="0x7f06030d" name="mtrl_tooltip_minHeight" />
    <entry id="0x7f06030e" name="mtrl_tooltip_minWidth" />
    <entry id="0x7f06030f" name="mtrl_tooltip_padding" />
    <entry id="0x7f060310" name="mtrl_transition_shared_axis_slide_distance" />
    <entry id="0x7f060311" name="notification_action_icon_size" />
    <entry id="0x7f060312" name="notification_action_text_size" />
    <entry id="0x7f060313" name="notification_big_circle_margin" />
    <entry id="0x7f060314" name="notification_content_margin_start" />
    <entry id="0x7f060315" name="notification_large_icon_height" />
    <entry id="0x7f060316" name="notification_large_icon_width" />
    <entry id="0x7f060317" name="notification_main_column_padding_top" />
    <entry id="0x7f060318" name="notification_media_narrow_margin" />
    <entry id="0x7f060319" name="notification_right_icon_size" />
    <entry id="0x7f06031a" name="notification_right_side_padding_top" />
    <entry id="0x7f06031b" name="notification_small_icon_background_padding" />
    <entry id="0x7f06031c" name="notification_small_icon_size_as_large" />
    <entry id="0x7f06031d" name="notification_subtext_size" />
    <entry id="0x7f06031e" name="notification_top_pad" />
    <entry id="0x7f06031f" name="notification_top_pad_large_text" />
    <entry id="0x7f060320" name="preference_dropdown_padding_start" />
    <entry id="0x7f060321" name="preference_icon_minWidth" />
    <entry id="0x7f060322" name="preference_seekbar_padding_horizontal" />
    <entry id="0x7f060323" name="preference_seekbar_padding_vertical" />
    <entry id="0x7f060324" name="preference_seekbar_value_minWidth" />
    <entry id="0x7f060325" name="preferences_detail_width" />
    <entry id="0x7f060326" name="preferences_header_width" />
    <entry id="0x7f060327" name="search_icon_padding" />
    <entry id="0x7f060328" name="tooltip_corner_radius" />
    <entry id="0x7f060329" name="tooltip_horizontal_padding" />
    <entry id="0x7f06032a" name="tooltip_margin" />
    <entry id="0x7f06032b" name="tooltip_precise_anchor_extra_offset" />
    <entry id="0x7f06032c" name="tooltip_precise_anchor_threshold" />
    <entry id="0x7f06032d" name="tooltip_vertical_padding" />
    <entry id="0x7f06032e" name="tooltip_y_offset_non_touch" />
    <entry id="0x7f06032f" name="tooltip_y_offset_touch" />
</type>