<?xml version='1.0' encoding='utf-8' ?>
<resources>
    <color name="abc_background_cache_hint_selector_material_dark">res/color/abc_background_cache_hint_selector_material_dark.xml</color>
    <color name="abc_background_cache_hint_selector_material_light">res/color/abc_background_cache_hint_selector_material_light.xml</color>
    <color name="abc_btn_colored_borderless_text_material">res/color/abc_btn_colored_borderless_text_material.xml</color>
    <color name="abc_btn_colored_text_material">res/color/abc_btn_colored_text_material.xml</color>
    <color name="abc_decor_view_status_guard">#000000</color>
    <color name="abc_decor_view_status_guard_light">#ffffff</color>
    <color name="abc_hint_foreground_material_dark">res/color/abc_hint_foreground_material_dark.xml</color>
    <color name="abc_hint_foreground_material_light">res/color/abc_hint_foreground_material_light.xml</color>
    <color name="abc_primary_text_disable_only_material_dark">res/color/abc_primary_text_disable_only_material_dark.xml</color>
    <color name="abc_primary_text_disable_only_material_light">res/color/abc_primary_text_disable_only_material_light.xml</color>
    <color name="abc_primary_text_material_dark">res/color/abc_primary_text_material_dark.xml</color>
    <color name="abc_primary_text_material_light">res/color/abc_primary_text_material_light.xml</color>
    <color name="abc_search_url_text">res/color/abc_search_url_text.xml</color>
    <color name="abc_search_url_text_normal">#7fa87f</color>
    <color name="abc_search_url_text_pressed">@android:color/black</color>
    <color name="abc_search_url_text_selected">@android:color/black</color>
    <color name="abc_secondary_text_material_dark">res/color/abc_secondary_text_material_dark.xml</color>
    <color name="abc_secondary_text_material_light">res/color/abc_secondary_text_material_light.xml</color>
    <color name="abc_tint_btn_checkable">res/color/abc_tint_btn_checkable.xml</color>
    <color name="abc_tint_default">res/color/abc_tint_default.xml</color>
    <color name="abc_tint_edittext">res/color/abc_tint_edittext.xml</color>
    <color name="abc_tint_seek_thumb">res/color/abc_tint_seek_thumb.xml</color>
    <color name="abc_tint_spinner">res/color/abc_tint_spinner.xml</color>
    <color name="abc_tint_switch_track">res/color/abc_tint_switch_track.xml</color>
    <color name="accent">#755d9f</color>
    <color name="accent_material_dark">@color/material_deep_teal_200</color>
    <color name="accent_material_light">@color/material_deep_teal_500</color>
    <color name="androidx_core_ripple_material_light">#1f000000</color>
    <color name="androidx_core_secondary_text_default_material_light">#8a000000</color>
    <color name="background_floating_material_dark">@color/material_grey_800</color>
    <color name="background_floating_material_light">@android:color/white</color>
    <color name="background_material_dark">@color/material_grey_850</color>
    <color name="background_material_light">@color/material_grey_50</color>
    <color name="bright_foreground_disabled_material_dark">#80ffffff</color>
    <color name="bright_foreground_disabled_material_light">#80000000</color>
    <color name="bright_foreground_inverse_material_dark">@color/bright_foreground_material_light</color>
    <color name="bright_foreground_inverse_material_light">@color/bright_foreground_material_dark</color>
    <color name="bright_foreground_material_dark">@android:color/white</color>
    <color name="bright_foreground_material_light">@android:color/black</color>
    <color name="button_material_dark">#5a595b</color>
    <color name="button_material_light">#d6d7d7</color>
    <color name="call_notification_answer_color">#1d873b</color>
    <color name="call_notification_decline_color">#d93025</color>
    <color name="cardview_dark_background">#424242</color>
    <color name="cardview_light_background">#ffffff</color>
    <color name="cardview_shadow_end_color">#03000000</color>
    <color name="cardview_shadow_start_color">#37000000</color>
    <color name="default_textColor">#de000000</color>
    <color name="default_textColorHint">#8a000000</color>
    <color name="design_bottom_navigation_shadow_color">#14000000</color>
    <color name="design_box_stroke_color">res/color/design_box_stroke_color.xml</color>
    <color name="design_dark_default_color_background">#121212</color>
    <color name="design_dark_default_color_error">#cf6679</color>
    <color name="design_dark_default_color_on_background">#ffffff</color>
    <color name="design_dark_default_color_on_error">#000000</color>
    <color name="design_dark_default_color_on_primary">#000000</color>
    <color name="design_dark_default_color_on_secondary">#000000</color>
    <color name="design_dark_default_color_on_surface">#ffffff</color>
    <color name="design_dark_default_color_primary">#ba86fc</color>
    <color name="design_dark_default_color_primary_dark">#000000</color>
    <color name="design_dark_default_color_primary_variant">#3700b3</color>
    <color name="design_dark_default_color_secondary">#03dac6</color>
    <color name="design_dark_default_color_secondary_variant">#03dac6</color>
    <color name="design_dark_default_color_surface">#121212</color>
    <color name="design_default_color_background">#ffffff</color>
    <color name="design_default_color_error">#b00020</color>
    <color name="design_default_color_on_background">#000000</color>
    <color name="design_default_color_on_error">#ffffff</color>
    <color name="design_default_color_on_primary">#ffffff</color>
    <color name="design_default_color_on_secondary">#000000</color>
    <color name="design_default_color_on_surface">#000000</color>
    <color name="design_default_color_primary">#6200ee</color>
    <color name="design_default_color_primary_dark">#3700b3</color>
    <color name="design_default_color_primary_variant">#3700b3</color>
    <color name="design_default_color_secondary">#03dac6</color>
    <color name="design_default_color_secondary_variant">#018786</color>
    <color name="design_default_color_surface">#ffffff</color>
    <color name="design_error">res/color/design_error.xml</color>
    <color name="design_fab_shadow_end_color">@android:color/transparent</color>
    <color name="design_fab_shadow_mid_color">#14000000</color>
    <color name="design_fab_shadow_start_color">#44000000</color>
    <color name="design_fab_stroke_end_inner_color">#0a000000</color>
    <color name="design_fab_stroke_end_outer_color">#0f000000</color>
    <color name="design_fab_stroke_top_inner_color">#1affffff</color>
    <color name="design_fab_stroke_top_outer_color">#2effffff</color>
    <color name="design_icon_tint">res/color/design_icon_tint.xml</color>
    <color name="design_snackbar_background_color">#323232</color>
    <color name="dim_foreground_disabled_material_dark">#80bebebe</color>
    <color name="dim_foreground_disabled_material_light">#80323232</color>
    <color name="dim_foreground_material_dark">#bebebe</color>
    <color name="dim_foreground_material_light">#323232</color>
    <color name="error_color_material_dark">#ff7043</color>
    <color name="error_color_material_light">#ff5722</color>
    <color name="eyelid">#d0ced1</color>
    <color name="foreground_material_dark">@android:color/white</color>
    <color name="foreground_material_light">@android:color/black</color>
    <color name="highlighted_text_material_dark">#6680cbc4</color>
    <color name="highlighted_text_material_light">#66009688</color>
    <color name="m3_appbar_overlay_color">res/color/m3_appbar_overlay_color.xml</color>
    <color name="m3_assist_chip_icon_tint_color">res/color/m3_assist_chip_icon_tint_color.xml</color>
    <color name="m3_assist_chip_stroke_color">res/color/m3_assist_chip_stroke_color.xml</color>
    <color name="m3_button_background_color_selector">res/color/m3_button_background_color_selector.xml</color>
    <color name="m3_button_foreground_color_selector">res/color/m3_button_foreground_color_selector.xml</color>
    <color name="m3_button_outline_color_selector">res/color/m3_button_outline_color_selector.xml</color>
    <color name="m3_button_ripple_color">res/color/m3_button_ripple_color.xml</color>
    <color name="m3_button_ripple_color_selector">res/color/m3_button_ripple_color_selector.xml</color>
    <color name="m3_calendar_item_disabled_text">res/color/m3_calendar_item_disabled_text.xml</color>
    <color name="m3_calendar_item_stroke_color">res/color/m3_calendar_item_stroke_color.xml</color>
    <color name="m3_card_foreground_color">res/color/m3_card_foreground_color.xml</color>
    <color name="m3_card_ripple_color">res/color/m3_card_ripple_color.xml</color>
    <color name="m3_card_stroke_color">res/color/m3_card_stroke_color.xml</color>
    <color name="m3_checkbox_button_icon_tint">res/color/m3_checkbox_button_icon_tint.xml</color>
    <color name="m3_checkbox_button_tint">res/color/m3_checkbox_button_tint.xml</color>
    <color name="m3_chip_assist_text_color">res/color/m3_chip_assist_text_color.xml</color>
    <color name="m3_chip_background_color">res/color/m3_chip_background_color.xml</color>
    <color name="m3_chip_ripple_color">res/color/m3_chip_ripple_color.xml</color>
    <color name="m3_chip_stroke_color">res/color/m3_chip_stroke_color.xml</color>
    <color name="m3_chip_text_color">res/color/m3_chip_text_color.xml</color>
    <color name="m3_dark_default_color_primary_text">res/color/m3_dark_default_color_primary_text.xml</color>
    <color name="m3_dark_default_color_secondary_text">res/color/m3_dark_default_color_secondary_text.xml</color>
    <color name="m3_dark_highlighted_text">res/color/m3_dark_highlighted_text.xml</color>
    <color name="m3_dark_hint_foreground">res/color/m3_dark_hint_foreground.xml</color>
    <color name="m3_dark_primary_text_disable_only">res/color/m3_dark_primary_text_disable_only.xml</color>
    <color name="m3_default_color_primary_text">res/color/m3_default_color_primary_text.xml</color>
    <color name="m3_default_color_secondary_text">res/color/m3_default_color_secondary_text.xml</color>
    <color name="m3_efab_ripple_color_selector">res/color/m3_efab_ripple_color_selector.xml</color>
    <color name="m3_elevated_chip_background_color">res/color/m3_elevated_chip_background_color.xml</color>
    <color name="m3_fab_efab_background_color_selector">res/color/m3_fab_efab_background_color_selector.xml</color>
    <color name="m3_fab_efab_foreground_color_selector">res/color/m3_fab_efab_foreground_color_selector.xml</color>
    <color name="m3_fab_ripple_color_selector">res/color/m3_fab_ripple_color_selector.xml</color>
    <color name="m3_filled_icon_button_container_color_selector">res/color/m3_filled_icon_button_container_color_selector.xml</color>
    <color name="m3_highlighted_text">res/color/m3_highlighted_text.xml</color>
    <color name="m3_hint_foreground">res/color/m3_hint_foreground.xml</color>
    <color name="m3_icon_button_icon_color_selector">res/color/m3_icon_button_icon_color_selector.xml</color>
    <color name="m3_navigation_bar_item_with_indicator_icon_tint">res/color/m3_navigation_bar_item_with_indicator_icon_tint.xml</color>
    <color name="m3_navigation_bar_item_with_indicator_label_tint">res/color/m3_navigation_bar_item_with_indicator_label_tint.xml</color>
    <color name="m3_navigation_bar_ripple_color_selector">res/color/m3_navigation_bar_ripple_color_selector.xml</color>
    <color name="m3_navigation_item_background_color">res/color/m3_navigation_item_background_color.xml</color>
    <color name="m3_navigation_item_icon_tint">res/color/m3_navigation_item_icon_tint.xml</color>
    <color name="m3_navigation_item_ripple_color">res/color/m3_navigation_item_ripple_color.xml</color>
    <color name="m3_navigation_item_text_color">res/color/m3_navigation_item_text_color.xml</color>
    <color name="m3_navigation_rail_item_with_indicator_icon_tint">res/color/m3_navigation_rail_item_with_indicator_icon_tint.xml</color>
    <color name="m3_navigation_rail_item_with_indicator_label_tint">res/color/m3_navigation_rail_item_with_indicator_label_tint.xml</color>
    <color name="m3_navigation_rail_ripple_color_selector">res/color/m3_navigation_rail_ripple_color_selector.xml</color>
    <color name="m3_popupmenu_overlay_color">res/color/m3_popupmenu_overlay_color.xml</color>
    <color name="m3_primary_text_disable_only">res/color/m3_primary_text_disable_only.xml</color>
    <color name="m3_radiobutton_button_tint">res/color/m3_radiobutton_button_tint.xml</color>
    <color name="m3_radiobutton_ripple_tint">res/color/m3_radiobutton_ripple_tint.xml</color>
    <color name="m3_ref_palette_black">#000000</color>
    <color name="m3_ref_palette_error0">#000000</color>
    <color name="m3_ref_palette_error10">#410e0b</color>
    <color name="m3_ref_palette_error100">#ffffff</color>
    <color name="m3_ref_palette_error20">#601410</color>
    <color name="m3_ref_palette_error30">#8c1d18</color>
    <color name="m3_ref_palette_error40">#b3261e</color>
    <color name="m3_ref_palette_error50">#dc362e</color>
    <color name="m3_ref_palette_error60">#e46962</color>
    <color name="m3_ref_palette_error70">#ec928e</color>
    <color name="m3_ref_palette_error80">#f2b8b5</color>
    <color name="m3_ref_palette_error90">#f9dedc</color>
    <color name="m3_ref_palette_error95">#fceeee</color>
    <color name="m3_ref_palette_error99">#fffbf9</color>
    <color name="m3_ref_palette_neutral0">#000000</color>
    <color name="m3_ref_palette_neutral10">#1c1b1f</color>
    <color name="m3_ref_palette_neutral100">#ffffff</color>
    <color name="m3_ref_palette_neutral12">#201f23</color>
    <color name="m3_ref_palette_neutral17">#2b292d</color>
    <color name="m3_ref_palette_neutral20">#313033</color>
    <color name="m3_ref_palette_neutral22">#313033</color>
    <color name="m3_ref_palette_neutral24">#313033</color>
    <color name="m3_ref_palette_neutral30">#484649</color>
    <color name="m3_ref_palette_neutral4">#0e0e11</color>
    <color name="m3_ref_palette_neutral40">#605d62</color>
    <color name="m3_ref_palette_neutral50">#787579</color>
    <color name="m3_ref_palette_neutral6">#141317</color>
    <color name="m3_ref_palette_neutral60">#939094</color>
    <color name="m3_ref_palette_neutral70">#aeaaae</color>
    <color name="m3_ref_palette_neutral80">#c9c5ca</color>
    <color name="m3_ref_palette_neutral87">#ddd8dd</color>
    <color name="m3_ref_palette_neutral90">#e6e1e5</color>
    <color name="m3_ref_palette_neutral92">#ece7ec</color>
    <color name="m3_ref_palette_neutral94">#f1ecf1</color>
    <color name="m3_ref_palette_neutral95">#f4eff4</color>
    <color name="m3_ref_palette_neutral96">#f7f2f7</color>
    <color name="m3_ref_palette_neutral98">#fdf8fd</color>
    <color name="m3_ref_palette_neutral99">#fffbfe</color>
    <color name="m3_ref_palette_neutral_variant0">#000000</color>
    <color name="m3_ref_palette_neutral_variant10">#1d1a22</color>
    <color name="m3_ref_palette_neutral_variant100">#ffffff</color>
    <color name="m3_ref_palette_neutral_variant20">#322f37</color>
    <color name="m3_ref_palette_neutral_variant30">#49454f</color>
    <color name="m3_ref_palette_neutral_variant40">#605d66</color>
    <color name="m3_ref_palette_neutral_variant50">#79747e</color>
    <color name="m3_ref_palette_neutral_variant60">#938f99</color>
    <color name="m3_ref_palette_neutral_variant70">#aea9b4</color>
    <color name="m3_ref_palette_neutral_variant80">#cac4d0</color>
    <color name="m3_ref_palette_neutral_variant90">#e7e0ec</color>
    <color name="m3_ref_palette_neutral_variant95">#f5eefa</color>
    <color name="m3_ref_palette_neutral_variant99">#fffbfe</color>
    <color name="m3_ref_palette_primary0">#000000</color>
    <color name="m3_ref_palette_primary10">#21005d</color>
    <color name="m3_ref_palette_primary100">#ffffff</color>
    <color name="m3_ref_palette_primary20">#381e72</color>
    <color name="m3_ref_palette_primary30">#4f378b</color>
    <color name="m3_ref_palette_primary40">#6750a4</color>
    <color name="m3_ref_palette_primary50">#7f67be</color>
    <color name="m3_ref_palette_primary60">#9a82db</color>
    <color name="m3_ref_palette_primary70">#b69df8</color>
    <color name="m3_ref_palette_primary80">#d0bcff</color>
    <color name="m3_ref_palette_primary90">#eaddff</color>
    <color name="m3_ref_palette_primary95">#f6edff</color>
    <color name="m3_ref_palette_primary99">#fffbfe</color>
    <color name="m3_ref_palette_secondary0">#000000</color>
    <color name="m3_ref_palette_secondary10">#1d192b</color>
    <color name="m3_ref_palette_secondary100">#ffffff</color>
    <color name="m3_ref_palette_secondary20">#332d41</color>
    <color name="m3_ref_palette_secondary30">#4a4458</color>
    <color name="m3_ref_palette_secondary40">#625b71</color>
    <color name="m3_ref_palette_secondary50">#7a7289</color>
    <color name="m3_ref_palette_secondary60">#958da5</color>
    <color name="m3_ref_palette_secondary70">#b0a7c0</color>
    <color name="m3_ref_palette_secondary80">#ccc2dc</color>
    <color name="m3_ref_palette_secondary90">#e8def8</color>
    <color name="m3_ref_palette_secondary95">#f6edff</color>
    <color name="m3_ref_palette_secondary99">#fffbfe</color>
    <color name="m3_ref_palette_tertiary0">#000000</color>
    <color name="m3_ref_palette_tertiary10">#31111d</color>
    <color name="m3_ref_palette_tertiary100">#ffffff</color>
    <color name="m3_ref_palette_tertiary20">#492532</color>
    <color name="m3_ref_palette_tertiary30">#633b48</color>
    <color name="m3_ref_palette_tertiary40">#7d5260</color>
    <color name="m3_ref_palette_tertiary50">#986977</color>
    <color name="m3_ref_palette_tertiary60">#b58392</color>
    <color name="m3_ref_palette_tertiary70">#d29dac</color>
    <color name="m3_ref_palette_tertiary80">#efb8c8</color>
    <color name="m3_ref_palette_tertiary90">#ffd8e4</color>
    <color name="m3_ref_palette_tertiary95">#ffecf1</color>
    <color name="m3_ref_palette_tertiary99">#fffbfa</color>
    <color name="m3_ref_palette_white">#ffffff</color>
    <color name="m3_selection_control_ripple_color_selector">res/color/m3_selection_control_ripple_color_selector.xml</color>
    <color name="m3_simple_item_ripple_color">res/color/m3_simple_item_ripple_color.xml</color>
    <color name="m3_slider_active_track_color">res/color/m3_slider_active_track_color.xml</color>
    <color name="m3_slider_halo_color">res/color/m3_slider_halo_color.xml</color>
    <color name="m3_slider_inactive_track_color">res/color/m3_slider_inactive_track_color.xml</color>
    <color name="m3_slider_thumb_color">res/color/m3_slider_thumb_color.xml</color>
    <color name="m3_switch_thumb_tint">res/color/m3_switch_thumb_tint.xml</color>
    <color name="m3_switch_track_tint">res/color/m3_switch_track_tint.xml</color>
    <color name="m3_sys_color_dark_background">@color/m3_ref_palette_neutral10</color>
    <color name="m3_sys_color_dark_error">@color/m3_ref_palette_error80</color>
    <color name="m3_sys_color_dark_error_container">@color/m3_ref_palette_error30</color>
    <color name="m3_sys_color_dark_inverse_on_surface">@color/m3_ref_palette_neutral20</color>
    <color name="m3_sys_color_dark_inverse_primary">@color/m3_ref_palette_primary40</color>
    <color name="m3_sys_color_dark_inverse_surface">@color/m3_ref_palette_neutral90</color>
    <color name="m3_sys_color_dark_on_background">@color/m3_ref_palette_neutral90</color>
    <color name="m3_sys_color_dark_on_error">@color/m3_ref_palette_error20</color>
    <color name="m3_sys_color_dark_on_error_container">@color/m3_ref_palette_error90</color>
    <color name="m3_sys_color_dark_on_primary">@color/m3_ref_palette_primary20</color>
    <color name="m3_sys_color_dark_on_primary_container">@color/m3_ref_palette_primary90</color>
    <color name="m3_sys_color_dark_on_secondary">@color/m3_ref_palette_secondary20</color>
    <color name="m3_sys_color_dark_on_secondary_container">@color/m3_ref_palette_secondary90</color>
    <color name="m3_sys_color_dark_on_surface">@color/m3_ref_palette_neutral90</color>
    <color name="m3_sys_color_dark_on_surface_variant">@color/m3_ref_palette_neutral_variant80</color>
    <color name="m3_sys_color_dark_on_tertiary">@color/m3_ref_palette_tertiary20</color>
    <color name="m3_sys_color_dark_on_tertiary_container">@color/m3_ref_palette_tertiary90</color>
    <color name="m3_sys_color_dark_outline">@color/m3_ref_palette_neutral_variant60</color>
    <color name="m3_sys_color_dark_outline_variant">@color/m3_ref_palette_neutral_variant30</color>
    <color name="m3_sys_color_dark_primary">@color/m3_ref_palette_primary80</color>
    <color name="m3_sys_color_dark_primary_container">@color/m3_ref_palette_primary30</color>
    <color name="m3_sys_color_dark_secondary">@color/m3_ref_palette_secondary80</color>
    <color name="m3_sys_color_dark_secondary_container">@color/m3_ref_palette_secondary30</color>
    <color name="m3_sys_color_dark_surface">@color/m3_ref_palette_neutral10</color>
    <color name="m3_sys_color_dark_surface_bright">@color/m3_ref_palette_neutral24</color>
    <color name="m3_sys_color_dark_surface_container">@color/m3_ref_palette_neutral12</color>
    <color name="m3_sys_color_dark_surface_container_high">@color/m3_ref_palette_neutral17</color>
    <color name="m3_sys_color_dark_surface_container_highest">@color/m3_ref_palette_neutral22</color>
    <color name="m3_sys_color_dark_surface_container_low">@color/m3_ref_palette_neutral10</color>
    <color name="m3_sys_color_dark_surface_container_lowest">@color/m3_ref_palette_neutral4</color>
    <color name="m3_sys_color_dark_surface_dim">@color/m3_ref_palette_neutral6</color>
    <color name="m3_sys_color_dark_surface_variant">@color/m3_ref_palette_neutral_variant30</color>
    <color name="m3_sys_color_dark_tertiary">@color/m3_ref_palette_tertiary80</color>
    <color name="m3_sys_color_dark_tertiary_container">@color/m3_ref_palette_tertiary30</color>
    <color name="m3_sys_color_light_background">@color/m3_ref_palette_neutral99</color>
    <color name="m3_sys_color_light_error">@color/m3_ref_palette_error40</color>
    <color name="m3_sys_color_light_error_container">@color/m3_ref_palette_error90</color>
    <color name="m3_sys_color_light_inverse_on_surface">@color/m3_ref_palette_neutral95</color>
    <color name="m3_sys_color_light_inverse_primary">@color/m3_ref_palette_primary80</color>
    <color name="m3_sys_color_light_inverse_surface">@color/m3_ref_palette_neutral20</color>
    <color name="m3_sys_color_light_on_background">@color/m3_ref_palette_neutral10</color>
    <color name="m3_sys_color_light_on_error">@color/m3_ref_palette_error100</color>
    <color name="m3_sys_color_light_on_error_container">@color/m3_ref_palette_error10</color>
    <color name="m3_sys_color_light_on_primary">@color/m3_ref_palette_primary100</color>
    <color name="m3_sys_color_light_on_primary_container">@color/m3_ref_palette_primary10</color>
    <color name="m3_sys_color_light_on_secondary">@color/m3_ref_palette_secondary100</color>
    <color name="m3_sys_color_light_on_secondary_container">@color/m3_ref_palette_secondary10</color>
    <color name="m3_sys_color_light_on_surface">@color/m3_ref_palette_neutral10</color>
    <color name="m3_sys_color_light_on_surface_variant">@color/m3_ref_palette_neutral_variant30</color>
    <color name="m3_sys_color_light_on_tertiary">@color/m3_ref_palette_tertiary100</color>
    <color name="m3_sys_color_light_on_tertiary_container">@color/m3_ref_palette_tertiary10</color>
    <color name="m3_sys_color_light_outline">@color/m3_ref_palette_neutral_variant50</color>
    <color name="m3_sys_color_light_outline_variant">@color/m3_ref_palette_neutral_variant80</color>
    <color name="m3_sys_color_light_primary">@color/m3_ref_palette_primary40</color>
    <color name="m3_sys_color_light_primary_container">@color/m3_ref_palette_primary90</color>
    <color name="m3_sys_color_light_secondary">@color/m3_ref_palette_secondary40</color>
    <color name="m3_sys_color_light_secondary_container">@color/m3_ref_palette_secondary90</color>
    <color name="m3_sys_color_light_surface">@color/m3_ref_palette_neutral99</color>
    <color name="m3_sys_color_light_surface_bright">@color/m3_ref_palette_neutral98</color>
    <color name="m3_sys_color_light_surface_container">@color/m3_ref_palette_neutral94</color>
    <color name="m3_sys_color_light_surface_container_high">@color/m3_ref_palette_neutral92</color>
    <color name="m3_sys_color_light_surface_container_highest">@color/m3_ref_palette_neutral90</color>
    <color name="m3_sys_color_light_surface_container_low">@color/m3_ref_palette_neutral96</color>
    <color name="m3_sys_color_light_surface_container_lowest">@color/m3_ref_palette_neutral100</color>
    <color name="m3_sys_color_light_surface_dim">@color/m3_ref_palette_neutral87</color>
    <color name="m3_sys_color_light_surface_variant">@color/m3_ref_palette_neutral_variant90</color>
    <color name="m3_sys_color_light_tertiary">@color/m3_ref_palette_tertiary40</color>
    <color name="m3_sys_color_light_tertiary_container">@color/m3_ref_palette_tertiary90</color>
    <color name="m3_sys_color_on_primary_fixed">@color/m3_ref_palette_primary10</color>
    <color name="m3_sys_color_on_primary_fixed_variant">@color/m3_ref_palette_primary30</color>
    <color name="m3_sys_color_on_secondary_fixed">@color/m3_ref_palette_secondary10</color>
    <color name="m3_sys_color_on_secondary_fixed_variant">@color/m3_ref_palette_secondary30</color>
    <color name="m3_sys_color_on_tertiary_fixed">@color/m3_ref_palette_tertiary10</color>
    <color name="m3_sys_color_on_tertiary_fixed_variant">@color/m3_ref_palette_tertiary30</color>
    <color name="m3_sys_color_primary_fixed">@color/m3_ref_palette_primary90</color>
    <color name="m3_sys_color_primary_fixed_dim">@color/m3_ref_palette_primary80</color>
    <color name="m3_sys_color_secondary_fixed">@color/m3_ref_palette_secondary90</color>
    <color name="m3_sys_color_secondary_fixed_dim">@color/m3_ref_palette_secondary80</color>
    <color name="m3_sys_color_tertiary_fixed">@color/m3_ref_palette_tertiary90</color>
    <color name="m3_sys_color_tertiary_fixed_dim">@color/m3_ref_palette_tertiary80</color>
    <color name="m3_tabs_icon_color">res/color/m3_tabs_icon_color.xml</color>
    <color name="m3_tabs_icon_color_secondary">res/color/m3_tabs_icon_color_secondary.xml</color>
    <color name="m3_tabs_ripple_color">res/color/m3_tabs_ripple_color.xml</color>
    <color name="m3_tabs_ripple_color_secondary">res/color/m3_tabs_ripple_color_secondary.xml</color>
    <color name="m3_tabs_text_color">res/color/m3_tabs_text_color.xml</color>
    <color name="m3_tabs_text_color_secondary">res/color/m3_tabs_text_color_secondary.xml</color>
    <color name="m3_text_button_background_color_selector">res/color/m3_text_button_background_color_selector.xml</color>
    <color name="m3_text_button_foreground_color_selector">res/color/m3_text_button_foreground_color_selector.xml</color>
    <color name="m3_text_button_ripple_color_selector">res/color/m3_text_button_ripple_color_selector.xml</color>
    <color name="m3_textfield_filled_background_color">res/color/m3_textfield_filled_background_color.xml</color>
    <color name="m3_textfield_indicator_text_color">res/color/m3_textfield_indicator_text_color.xml</color>
    <color name="m3_textfield_input_text_color">res/color/m3_textfield_input_text_color.xml</color>
    <color name="m3_textfield_label_color">res/color/m3_textfield_label_color.xml</color>
    <color name="m3_textfield_stroke_color">res/color/m3_textfield_stroke_color.xml</color>
    <color name="m3_timepicker_button_background_color">res/color/m3_timepicker_button_background_color.xml</color>
    <color name="m3_timepicker_button_ripple_color">res/color/m3_timepicker_button_ripple_color.xml</color>
    <color name="m3_timepicker_button_text_color">res/color/m3_timepicker_button_text_color.xml</color>
    <color name="m3_timepicker_clock_text_color">res/color/m3_timepicker_clock_text_color.xml</color>
    <color name="m3_timepicker_display_background_color">res/color/m3_timepicker_display_background_color.xml</color>
    <color name="m3_timepicker_display_ripple_color">res/color/m3_timepicker_display_ripple_color.xml</color>
    <color name="m3_timepicker_display_text_color">res/color/m3_timepicker_display_text_color.xml</color>
    <color name="m3_timepicker_secondary_text_button_ripple_color">res/color/m3_timepicker_secondary_text_button_ripple_color.xml</color>
    <color name="m3_timepicker_secondary_text_button_text_color">res/color/m3_timepicker_secondary_text_button_text_color.xml</color>
    <color name="m3_timepicker_time_input_stroke_color">res/color/m3_timepicker_time_input_stroke_color.xml</color>
    <color name="m3_tonal_button_ripple_color_selector">res/color/m3_tonal_button_ripple_color_selector.xml</color>
    <color name="material_blue_grey_800">#37474f</color>
    <color name="material_blue_grey_900">#263238</color>
    <color name="material_blue_grey_950">#21272b</color>
    <color name="material_cursor_color">res/color/material_cursor_color.xml</color>
    <color name="material_deep_teal_200">#80cbc4</color>
    <color name="material_deep_teal_500">#008577</color>
    <color name="material_divider_color">res/color/material_divider_color.xml</color>
    <color name="material_grey_100">#f5f5f5</color>
    <color name="material_grey_300">#e0e0e0</color>
    <color name="material_grey_50">#fafafa</color>
    <color name="material_grey_600">#757575</color>
    <color name="material_grey_800">#424242</color>
    <color name="material_grey_850">#303030</color>
    <color name="material_grey_900">#212121</color>
    <color name="material_harmonized_color_error">#ffffff</color>
    <color name="material_harmonized_color_error_container">#ffffff</color>
    <color name="material_harmonized_color_on_error">#ffffff</color>
    <color name="material_harmonized_color_on_error_container">#ffffff</color>
    <color name="material_on_background_disabled">res/color/material_on_background_disabled.xml</color>
    <color name="material_on_background_emphasis_high_type">res/color/material_on_background_emphasis_high_type.xml</color>
    <color name="material_on_background_emphasis_medium">res/color/material_on_background_emphasis_medium.xml</color>
    <color name="material_on_primary_disabled">res/color/material_on_primary_disabled.xml</color>
    <color name="material_on_primary_emphasis_high_type">res/color/material_on_primary_emphasis_high_type.xml</color>
    <color name="material_on_primary_emphasis_medium">res/color/material_on_primary_emphasis_medium.xml</color>
    <color name="material_on_surface_disabled">res/color/material_on_surface_disabled.xml</color>
    <color name="material_on_surface_emphasis_high_type">res/color/material_on_surface_emphasis_high_type.xml</color>
    <color name="material_on_surface_emphasis_medium">res/color/material_on_surface_emphasis_medium.xml</color>
    <color name="material_on_surface_stroke">res/color/material_on_surface_stroke.xml</color>
    <color name="material_personalized__highlighted_text">res/color/material_personalized__highlighted_text.xml</color>
    <color name="material_personalized__highlighted_text_inverse">res/color/material_personalized__highlighted_text_inverse.xml</color>
    <color name="material_personalized_color_background">#ffffff</color>
    <color name="material_personalized_color_control_activated">#ffffff</color>
    <color name="material_personalized_color_control_highlight">#ffffff</color>
    <color name="material_personalized_color_control_normal">#ffffff</color>
    <color name="material_personalized_color_error">#ffffff</color>
    <color name="material_personalized_color_error_container">#ffffff</color>
    <color name="material_personalized_color_on_background">#ffffff</color>
    <color name="material_personalized_color_on_error">#ffffff</color>
    <color name="material_personalized_color_on_error_container">#ffffff</color>
    <color name="material_personalized_color_on_primary">#ffffff</color>
    <color name="material_personalized_color_on_primary_container">#ffffff</color>
    <color name="material_personalized_color_on_secondary">#ffffff</color>
    <color name="material_personalized_color_on_secondary_container">#ffffff</color>
    <color name="material_personalized_color_on_surface">#ffffff</color>
    <color name="material_personalized_color_on_surface_inverse">#ffffff</color>
    <color name="material_personalized_color_on_surface_variant">#ffffff</color>
    <color name="material_personalized_color_on_tertiary">#ffffff</color>
    <color name="material_personalized_color_on_tertiary_container">#ffffff</color>
    <color name="material_personalized_color_outline">#ffffff</color>
    <color name="material_personalized_color_outline_variant">#ffffff</color>
    <color name="material_personalized_color_primary">#ffffff</color>
    <color name="material_personalized_color_primary_container">#ffffff</color>
    <color name="material_personalized_color_primary_inverse">#ffffff</color>
    <color name="material_personalized_color_primary_text">res/color/material_personalized_color_primary_text.xml</color>
    <color name="material_personalized_color_primary_text_inverse">res/color/material_personalized_color_primary_text_inverse.xml</color>
    <color name="material_personalized_color_secondary">#ffffff</color>
    <color name="material_personalized_color_secondary_container">#ffffff</color>
    <color name="material_personalized_color_secondary_text">res/color/material_personalized_color_secondary_text.xml</color>
    <color name="material_personalized_color_secondary_text_inverse">res/color/material_personalized_color_secondary_text_inverse.xml</color>
    <color name="material_personalized_color_surface">#ffffff</color>
    <color name="material_personalized_color_surface_bright">#ffffff</color>
    <color name="material_personalized_color_surface_container">#ffffff</color>
    <color name="material_personalized_color_surface_container_high">#ffffff</color>
    <color name="material_personalized_color_surface_container_highest">#ffffff</color>
    <color name="material_personalized_color_surface_container_low">#ffffff</color>
    <color name="material_personalized_color_surface_container_lowest">#ffffff</color>
    <color name="material_personalized_color_surface_dim">#ffffff</color>
    <color name="material_personalized_color_surface_inverse">#ffffff</color>
    <color name="material_personalized_color_surface_variant">#ffffff</color>
    <color name="material_personalized_color_tertiary">#ffffff</color>
    <color name="material_personalized_color_tertiary_container">#ffffff</color>
    <color name="material_personalized_color_text_hint_foreground_inverse">#ffffff</color>
    <color name="material_personalized_color_text_primary_inverse">#ffffff</color>
    <color name="material_personalized_color_text_primary_inverse_disable_only">#ffffff</color>
    <color name="material_personalized_color_text_secondary_and_tertiary_inverse">#ffffff</color>
    <color name="material_personalized_color_text_secondary_and_tertiary_inverse_disabled">#ffffff</color>
    <color name="material_personalized_hint_foreground">res/color/material_personalized_hint_foreground.xml</color>
    <color name="material_personalized_hint_foreground_inverse">res/color/material_personalized_hint_foreground_inverse.xml</color>
    <color name="material_personalized_primary_inverse_text_disable_only">res/color/material_personalized_primary_inverse_text_disable_only.xml</color>
    <color name="material_personalized_primary_text_disable_only">res/color/material_personalized_primary_text_disable_only.xml</color>
    <color name="material_slider_active_tick_marks_color">res/color/material_slider_active_tick_marks_color.xml</color>
    <color name="material_slider_active_track_color">res/color/material_slider_active_track_color.xml</color>
    <color name="material_slider_halo_color">res/color/material_slider_halo_color.xml</color>
    <color name="material_slider_inactive_tick_marks_color">res/color/material_slider_inactive_tick_marks_color.xml</color>
    <color name="material_slider_inactive_track_color">res/color/material_slider_inactive_track_color.xml</color>
    <color name="material_slider_thumb_color">res/color/material_slider_thumb_color.xml</color>
    <color name="material_timepicker_button_background">res/color/material_timepicker_button_background.xml</color>
    <color name="material_timepicker_button_stroke">res/color/material_timepicker_button_stroke.xml</color>
    <color name="material_timepicker_clock_text_color">res/color/material_timepicker_clock_text_color.xml</color>
    <color name="material_timepicker_clockface">res/color/material_timepicker_clockface.xml</color>
    <color name="material_timepicker_modebutton_tint">res/color/material_timepicker_modebutton_tint.xml</color>
    <color name="md_btn_selected">#33969696</color>
    <color name="md_btn_selected_dark">#40cbcbcb</color>
    <color name="md_disabled_text_dark_theme">#c2c2c2</color>
    <color name="md_disabled_text_light_theme">#818181</color>
    <color name="md_divider_dark_theme">#3b3c3f</color>
    <color name="md_divider_light_theme">#e0e0e0</color>
    <color name="md_list_item_textcolor">res/color/md_list_item_textcolor.xml</color>
    <color name="mtrl_btn_bg_color_selector">res/color/mtrl_btn_bg_color_selector.xml</color>
    <color name="mtrl_btn_ripple_color">res/color/mtrl_btn_ripple_color.xml</color>
    <color name="mtrl_btn_stroke_color_selector">res/color/mtrl_btn_stroke_color_selector.xml</color>
    <color name="mtrl_btn_text_btn_bg_color_selector">res/color/mtrl_btn_text_btn_bg_color_selector.xml</color>
    <color name="mtrl_btn_text_btn_ripple_color">res/color/mtrl_btn_text_btn_ripple_color.xml</color>
    <color name="mtrl_btn_text_color_disabled">#61000000</color>
    <color name="mtrl_btn_text_color_selector">res/color/mtrl_btn_text_color_selector.xml</color>
    <color name="mtrl_btn_transparent_bg_color">#00ffffff</color>
    <color name="mtrl_calendar_item_stroke_color">res/color/mtrl_calendar_item_stroke_color.xml</color>
    <color name="mtrl_calendar_selected_range">res/color/mtrl_calendar_selected_range.xml</color>
    <color name="mtrl_card_view_foreground">res/color/mtrl_card_view_foreground.xml</color>
    <color name="mtrl_card_view_ripple">res/color/mtrl_card_view_ripple.xml</color>
    <color name="mtrl_chip_background_color">res/color/mtrl_chip_background_color.xml</color>
    <color name="mtrl_chip_close_icon_tint">res/color/mtrl_chip_close_icon_tint.xml</color>
    <color name="mtrl_chip_surface_color">res/color/mtrl_chip_surface_color.xml</color>
    <color name="mtrl_chip_text_color">res/color/mtrl_chip_text_color.xml</color>
    <color name="mtrl_choice_chip_background_color">res/color/mtrl_choice_chip_background_color.xml</color>
    <color name="mtrl_choice_chip_ripple_color">res/color/mtrl_choice_chip_ripple_color.xml</color>
    <color name="mtrl_choice_chip_text_color">res/color/mtrl_choice_chip_text_color.xml</color>
    <color name="mtrl_error">res/color/mtrl_error.xml</color>
    <color name="mtrl_fab_bg_color_selector">res/color/mtrl_fab_bg_color_selector.xml</color>
    <color name="mtrl_fab_icon_text_color_selector">res/color/mtrl_fab_icon_text_color_selector.xml</color>
    <color name="mtrl_fab_ripple_color">res/color/mtrl_fab_ripple_color.xml</color>
    <color name="mtrl_filled_background_color">res/color/mtrl_filled_background_color.xml</color>
    <color name="mtrl_filled_icon_tint">res/color/mtrl_filled_icon_tint.xml</color>
    <color name="mtrl_filled_stroke_color">res/color/mtrl_filled_stroke_color.xml</color>
    <color name="mtrl_indicator_text_color">res/color/mtrl_indicator_text_color.xml</color>
    <color name="mtrl_navigation_bar_colored_item_tint">res/color/mtrl_navigation_bar_colored_item_tint.xml</color>
    <color name="mtrl_navigation_bar_colored_ripple_color">res/color/mtrl_navigation_bar_colored_ripple_color.xml</color>
    <color name="mtrl_navigation_bar_item_tint">res/color/mtrl_navigation_bar_item_tint.xml</color>
    <color name="mtrl_navigation_bar_ripple_color">res/color/mtrl_navigation_bar_ripple_color.xml</color>
    <color name="mtrl_navigation_item_background_color">res/color/mtrl_navigation_item_background_color.xml</color>
    <color name="mtrl_navigation_item_icon_tint">res/color/mtrl_navigation_item_icon_tint.xml</color>
    <color name="mtrl_navigation_item_text_color">res/color/mtrl_navigation_item_text_color.xml</color>
    <color name="mtrl_on_primary_text_btn_text_color_selector">res/color/mtrl_on_primary_text_btn_text_color_selector.xml</color>
    <color name="mtrl_on_surface_ripple_color">res/color/mtrl_on_surface_ripple_color.xml</color>
    <color name="mtrl_outlined_icon_tint">res/color/mtrl_outlined_icon_tint.xml</color>
    <color name="mtrl_outlined_stroke_color">res/color/mtrl_outlined_stroke_color.xml</color>
    <color name="mtrl_popupmenu_overlay_color">res/color/mtrl_popupmenu_overlay_color.xml</color>
    <color name="mtrl_scrim_color">#52000000</color>
    <color name="mtrl_switch_thumb_icon_tint">res/color/mtrl_switch_thumb_icon_tint.xml</color>
    <color name="mtrl_switch_thumb_tint">res/color/mtrl_switch_thumb_tint.xml</color>
    <color name="mtrl_switch_track_decoration_tint">res/color/mtrl_switch_track_decoration_tint.xml</color>
    <color name="mtrl_switch_track_tint">res/color/mtrl_switch_track_tint.xml</color>
    <color name="mtrl_tabs_colored_ripple_color">res/color/mtrl_tabs_colored_ripple_color.xml</color>
    <color name="mtrl_tabs_icon_color_selector">res/color/mtrl_tabs_icon_color_selector.xml</color>
    <color name="mtrl_tabs_icon_color_selector_colored">res/color/mtrl_tabs_icon_color_selector_colored.xml</color>
    <color name="mtrl_tabs_legacy_text_color_selector">res/color/mtrl_tabs_legacy_text_color_selector.xml</color>
    <color name="mtrl_tabs_ripple_color">res/color/mtrl_tabs_ripple_color.xml</color>
    <color name="mtrl_text_btn_text_color_selector">res/color/mtrl_text_btn_text_color_selector.xml</color>
    <color name="mtrl_textinput_default_box_stroke_color">#6b000000</color>
    <color name="mtrl_textinput_disabled_color">#1f000000</color>
    <color name="mtrl_textinput_filled_box_default_background_color">#0a000000</color>
    <color name="mtrl_textinput_focused_box_stroke_color">#00000000</color>
    <color name="mtrl_textinput_hovered_box_stroke_color">#de000000</color>
    <color name="notification_action_color_filter">@color/androidx_core_secondary_text_default_material_light</color>
    <color name="notification_icon_bg_color">#9e9e9e</color>
    <color name="preference_fallback_accent_color">#008577</color>
    <color name="primary">#00d501</color>
    <color name="primary_dark">#00d501</color>
    <color name="primary_dark_material_dark">@android:color/black</color>
    <color name="primary_dark_material_light">@color/material_grey_600</color>
    <color name="primary_light">#00d501</color>
    <color name="primary_material_dark">@color/material_grey_900</color>
    <color name="primary_material_light">@color/material_grey_100</color>
    <color name="primary_text">#000000</color>
    <color name="primary_text_default_material_dark">#ffffff</color>
    <color name="primary_text_default_material_light">#de000000</color>
    <color name="primary_text_disabled_material_dark">#4dffffff</color>
    <color name="primary_text_disabled_material_light">#39000000</color>
    <color name="ripple_material_dark">#33ffffff</color>
    <color name="ripple_material_light">#1f000000</color>
    <color name="secondary_text">#000000</color>
    <color name="secondary_text_default_material_dark">#b3ffffff</color>
    <color name="secondary_text_default_material_light">#8a000000</color>
    <color name="secondary_text_disabled_material_dark">#36ffffff</color>
    <color name="secondary_text_disabled_material_light">#24000000</color>
    <color name="switch_thumb_disabled_material_dark">#616161</color>
    <color name="switch_thumb_disabled_material_light">#bdbdbd</color>
    <color name="switch_thumb_material_dark">res/color/switch_thumb_material_dark.xml</color>
    <color name="switch_thumb_material_light">res/color/switch_thumb_material_light.xml</color>
    <color name="switch_thumb_normal_material_dark">#bdbdbd</color>
    <color name="switch_thumb_normal_material_light">#f1f1f1</color>
    <color name="tooltip_background_dark">#e6616161</color>
    <color name="tooltip_background_light">#e6ffffff</color>
    <color name="white">#ffffff</color>
</resources>