<?xml version='1.0' encoding='utf-8' ?>
<type id="0x05" defaultPublic="true">
    <entry id="0x7f050000" name="abc_background_cache_hint_selector_material_dark" />
    <entry id="0x7f050001" name="abc_background_cache_hint_selector_material_light" />
    <entry id="0x7f050002" name="abc_btn_colored_borderless_text_material" />
    <entry id="0x7f050003" name="abc_btn_colored_text_material" />
    <entry id="0x7f050004" name="abc_color_highlight_material" />
    <entry id="0x7f050005" name="abc_decor_view_status_guard" />
    <entry id="0x7f050006" name="abc_decor_view_status_guard_light" />
    <entry id="0x7f050007" name="abc_hint_foreground_material_dark" />
    <entry id="0x7f050008" name="abc_hint_foreground_material_light" />
    <entry id="0x7f050009" name="abc_primary_text_disable_only_material_dark" />
    <entry id="0x7f05000a" name="abc_primary_text_disable_only_material_light" />
    <entry id="0x7f05000b" name="abc_primary_text_material_dark" />
    <entry id="0x7f05000c" name="abc_primary_text_material_light" />
    <entry id="0x7f05000d" name="abc_search_url_text" />
    <entry id="0x7f05000e" name="abc_search_url_text_normal" />
    <entry id="0x7f05000f" name="abc_search_url_text_pressed" />
    <entry id="0x7f050010" name="abc_search_url_text_selected" />
    <entry id="0x7f050011" name="abc_secondary_text_material_dark" />
    <entry id="0x7f050012" name="abc_secondary_text_material_light" />
    <entry id="0x7f050013" name="abc_tint_btn_checkable" />
    <entry id="0x7f050014" name="abc_tint_default" />
    <entry id="0x7f050015" name="abc_tint_edittext" />
    <entry id="0x7f050016" name="abc_tint_seek_thumb" />
    <entry id="0x7f050017" name="abc_tint_spinner" />
    <entry id="0x7f050018" name="abc_tint_switch_track" />
    <entry id="0x7f050019" name="accent" />
    <entry id="0x7f05001a" name="accent_material_dark" />
    <entry id="0x7f05001b" name="accent_material_light" />
    <entry id="0x7f05001c" name="androidx_core_ripple_material_light" />
    <entry id="0x7f05001d" name="androidx_core_secondary_text_default_material_light" />
    <entry id="0x7f05001e" name="background_floating_material_dark" />
    <entry id="0x7f05001f" name="background_floating_material_light" />
    <entry id="0x7f050020" name="background_material_dark" />
    <entry id="0x7f050021" name="background_material_light" />
    <entry id="0x7f050022" name="bright_foreground_disabled_material_dark" />
    <entry id="0x7f050023" name="bright_foreground_disabled_material_light" />
    <entry id="0x7f050024" name="bright_foreground_inverse_material_dark" />
    <entry id="0x7f050025" name="bright_foreground_inverse_material_light" />
    <entry id="0x7f050026" name="bright_foreground_material_dark" />
    <entry id="0x7f050027" name="bright_foreground_material_light" />
    <entry id="0x7f050028" name="button_material_dark" />
    <entry id="0x7f050029" name="button_material_light" />
    <entry id="0x7f05002a" name="call_notification_answer_color" />
    <entry id="0x7f05002b" name="call_notification_decline_color" />
    <entry id="0x7f05002c" name="cardview_dark_background" />
    <entry id="0x7f05002d" name="cardview_light_background" />
    <entry id="0x7f05002e" name="cardview_shadow_end_color" />
    <entry id="0x7f05002f" name="cardview_shadow_start_color" />
    <entry id="0x7f050030" name="default_textColor" />
    <entry id="0x7f050031" name="default_textColorHint" />
    <entry id="0x7f050032" name="design_bottom_navigation_shadow_color" />
    <entry id="0x7f050033" name="design_box_stroke_color" />
    <entry id="0x7f050034" name="design_dark_default_color_background" />
    <entry id="0x7f050035" name="design_dark_default_color_error" />
    <entry id="0x7f050036" name="design_dark_default_color_on_background" />
    <entry id="0x7f050037" name="design_dark_default_color_on_error" />
    <entry id="0x7f050038" name="design_dark_default_color_on_primary" />
    <entry id="0x7f050039" name="design_dark_default_color_on_secondary" />
    <entry id="0x7f05003a" name="design_dark_default_color_on_surface" />
    <entry id="0x7f05003b" name="design_dark_default_color_primary" />
    <entry id="0x7f05003c" name="design_dark_default_color_primary_dark" />
    <entry id="0x7f05003d" name="design_dark_default_color_primary_variant" />
    <entry id="0x7f05003e" name="design_dark_default_color_secondary" />
    <entry id="0x7f05003f" name="design_dark_default_color_secondary_variant" />
    <entry id="0x7f050040" name="design_dark_default_color_surface" />
    <entry id="0x7f050041" name="design_default_color_background" />
    <entry id="0x7f050042" name="design_default_color_error" />
    <entry id="0x7f050043" name="design_default_color_on_background" />
    <entry id="0x7f050044" name="design_default_color_on_error" />
    <entry id="0x7f050045" name="design_default_color_on_primary" />
    <entry id="0x7f050046" name="design_default_color_on_secondary" />
    <entry id="0x7f050047" name="design_default_color_on_surface" />
    <entry id="0x7f050048" name="design_default_color_primary" />
    <entry id="0x7f050049" name="design_default_color_primary_dark" />
    <entry id="0x7f05004a" name="design_default_color_primary_variant" />
    <entry id="0x7f05004b" name="design_default_color_secondary" />
    <entry id="0x7f05004c" name="design_default_color_secondary_variant" />
    <entry id="0x7f05004d" name="design_default_color_surface" />
    <entry id="0x7f05004e" name="design_error" />
    <entry id="0x7f05004f" name="design_fab_shadow_end_color" />
    <entry id="0x7f050050" name="design_fab_shadow_mid_color" />
    <entry id="0x7f050051" name="design_fab_shadow_start_color" />
    <entry id="0x7f050052" name="design_fab_stroke_end_inner_color" />
    <entry id="0x7f050053" name="design_fab_stroke_end_outer_color" />
    <entry id="0x7f050054" name="design_fab_stroke_top_inner_color" />
    <entry id="0x7f050055" name="design_fab_stroke_top_outer_color" />
    <entry id="0x7f050056" name="design_icon_tint" />
    <entry id="0x7f050057" name="design_snackbar_background_color" />
    <entry id="0x7f050058" name="dim_foreground_disabled_material_dark" />
    <entry id="0x7f050059" name="dim_foreground_disabled_material_light" />
    <entry id="0x7f05005a" name="dim_foreground_material_dark" />
    <entry id="0x7f05005b" name="dim_foreground_material_light" />
    <entry id="0x7f05005c" name="error_color_material_dark" />
    <entry id="0x7f05005d" name="error_color_material_light" />
    <entry id="0x7f05005e" name="eyelid" />
    <entry id="0x7f05005f" name="foreground_material_dark" />
    <entry id="0x7f050060" name="foreground_material_light" />
    <entry id="0x7f050061" name="highlighted_text_material_dark" />
    <entry id="0x7f050062" name="highlighted_text_material_light" />
    <entry id="0x7f050063" name="m3_appbar_overlay_color" />
    <entry id="0x7f050064" name="m3_assist_chip_icon_tint_color" />
    <entry id="0x7f050065" name="m3_assist_chip_stroke_color" />
    <entry id="0x7f050066" name="m3_button_background_color_selector" />
    <entry id="0x7f050067" name="m3_button_foreground_color_selector" />
    <entry id="0x7f050068" name="m3_button_outline_color_selector" />
    <entry id="0x7f050069" name="m3_button_ripple_color" />
    <entry id="0x7f05006a" name="m3_button_ripple_color_selector" />
    <entry id="0x7f05006b" name="m3_calendar_item_disabled_text" />
    <entry id="0x7f05006c" name="m3_calendar_item_stroke_color" />
    <entry id="0x7f05006d" name="m3_card_foreground_color" />
    <entry id="0x7f05006e" name="m3_card_ripple_color" />
    <entry id="0x7f05006f" name="m3_card_stroke_color" />
    <entry id="0x7f050070" name="m3_checkbox_button_icon_tint" />
    <entry id="0x7f050071" name="m3_checkbox_button_tint" />
    <entry id="0x7f050072" name="m3_chip_assist_text_color" />
    <entry id="0x7f050073" name="m3_chip_background_color" />
    <entry id="0x7f050074" name="m3_chip_ripple_color" />
    <entry id="0x7f050075" name="m3_chip_stroke_color" />
    <entry id="0x7f050076" name="m3_chip_text_color" />
    <entry id="0x7f050077" name="m3_dark_default_color_primary_text" />
    <entry id="0x7f050078" name="m3_dark_default_color_secondary_text" />
    <entry id="0x7f050079" name="m3_dark_highlighted_text" />
    <entry id="0x7f05007a" name="m3_dark_hint_foreground" />
    <entry id="0x7f05007b" name="m3_dark_primary_text_disable_only" />
    <entry id="0x7f05007c" name="m3_default_color_primary_text" />
    <entry id="0x7f05007d" name="m3_default_color_secondary_text" />
    <entry id="0x7f05007e" name="m3_dynamic_dark_default_color_primary_text" />
    <entry id="0x7f05007f" name="m3_dynamic_dark_default_color_secondary_text" />
    <entry id="0x7f050080" name="m3_dynamic_dark_highlighted_text" />
    <entry id="0x7f050081" name="m3_dynamic_dark_hint_foreground" />
    <entry id="0x7f050082" name="m3_dynamic_dark_primary_text_disable_only" />
    <entry id="0x7f050083" name="m3_dynamic_default_color_primary_text" />
    <entry id="0x7f050084" name="m3_dynamic_default_color_secondary_text" />
    <entry id="0x7f050085" name="m3_dynamic_highlighted_text" />
    <entry id="0x7f050086" name="m3_dynamic_hint_foreground" />
    <entry id="0x7f050087" name="m3_dynamic_primary_text_disable_only" />
    <entry id="0x7f050088" name="m3_efab_ripple_color_selector" />
    <entry id="0x7f050089" name="m3_elevated_chip_background_color" />
    <entry id="0x7f05008a" name="m3_fab_efab_background_color_selector" />
    <entry id="0x7f05008b" name="m3_fab_efab_foreground_color_selector" />
    <entry id="0x7f05008c" name="m3_fab_ripple_color_selector" />
    <entry id="0x7f05008d" name="m3_filled_icon_button_container_color_selector" />
    <entry id="0x7f05008e" name="m3_highlighted_text" />
    <entry id="0x7f05008f" name="m3_hint_foreground" />
    <entry id="0x7f050090" name="m3_icon_button_icon_color_selector" />
    <entry id="0x7f050091" name="m3_navigation_bar_item_with_indicator_icon_tint" />
    <entry id="0x7f050092" name="m3_navigation_bar_item_with_indicator_label_tint" />
    <entry id="0x7f050093" name="m3_navigation_bar_ripple_color_selector" />
    <entry id="0x7f050094" name="m3_navigation_item_background_color" />
    <entry id="0x7f050095" name="m3_navigation_item_icon_tint" />
    <entry id="0x7f050096" name="m3_navigation_item_ripple_color" />
    <entry id="0x7f050097" name="m3_navigation_item_text_color" />
    <entry id="0x7f050098" name="m3_navigation_rail_item_with_indicator_icon_tint" />
    <entry id="0x7f050099" name="m3_navigation_rail_item_with_indicator_label_tint" />
    <entry id="0x7f05009a" name="m3_navigation_rail_ripple_color_selector" />
    <entry id="0x7f05009b" name="m3_popupmenu_overlay_color" />
    <entry id="0x7f05009c" name="m3_primary_text_disable_only" />
    <entry id="0x7f05009d" name="m3_radiobutton_button_tint" />
    <entry id="0x7f05009e" name="m3_radiobutton_ripple_tint" />
    <entry id="0x7f05009f" name="m3_ref_palette_black" />
    <entry id="0x7f0500a0" name="m3_ref_palette_dynamic_neutral0" />
    <entry id="0x7f0500a1" name="m3_ref_palette_dynamic_neutral10" />
    <entry id="0x7f0500a2" name="m3_ref_palette_dynamic_neutral100" />
    <entry id="0x7f0500a3" name="m3_ref_palette_dynamic_neutral12" />
    <entry id="0x7f0500a4" name="m3_ref_palette_dynamic_neutral17" />
    <entry id="0x7f0500a5" name="m3_ref_palette_dynamic_neutral20" />
    <entry id="0x7f0500a6" name="m3_ref_palette_dynamic_neutral22" />
    <entry id="0x7f0500a7" name="m3_ref_palette_dynamic_neutral24" />
    <entry id="0x7f0500a8" name="m3_ref_palette_dynamic_neutral30" />
    <entry id="0x7f0500a9" name="m3_ref_palette_dynamic_neutral4" />
    <entry id="0x7f0500aa" name="m3_ref_palette_dynamic_neutral40" />
    <entry id="0x7f0500ab" name="m3_ref_palette_dynamic_neutral50" />
    <entry id="0x7f0500ac" name="m3_ref_palette_dynamic_neutral6" />
    <entry id="0x7f0500ad" name="m3_ref_palette_dynamic_neutral60" />
    <entry id="0x7f0500ae" name="m3_ref_palette_dynamic_neutral70" />
    <entry id="0x7f0500af" name="m3_ref_palette_dynamic_neutral80" />
    <entry id="0x7f0500b0" name="m3_ref_palette_dynamic_neutral87" />
    <entry id="0x7f0500b1" name="m3_ref_palette_dynamic_neutral90" />
    <entry id="0x7f0500b2" name="m3_ref_palette_dynamic_neutral92" />
    <entry id="0x7f0500b3" name="m3_ref_palette_dynamic_neutral94" />
    <entry id="0x7f0500b4" name="m3_ref_palette_dynamic_neutral95" />
    <entry id="0x7f0500b5" name="m3_ref_palette_dynamic_neutral96" />
    <entry id="0x7f0500b6" name="m3_ref_palette_dynamic_neutral98" />
    <entry id="0x7f0500b7" name="m3_ref_palette_dynamic_neutral99" />
    <entry id="0x7f0500b8" name="m3_ref_palette_dynamic_neutral_variant0" />
    <entry id="0x7f0500b9" name="m3_ref_palette_dynamic_neutral_variant10" />
    <entry id="0x7f0500ba" name="m3_ref_palette_dynamic_neutral_variant100" />
    <entry id="0x7f0500bb" name="m3_ref_palette_dynamic_neutral_variant20" />
    <entry id="0x7f0500bc" name="m3_ref_palette_dynamic_neutral_variant30" />
    <entry id="0x7f0500bd" name="m3_ref_palette_dynamic_neutral_variant40" />
    <entry id="0x7f0500be" name="m3_ref_palette_dynamic_neutral_variant50" />
    <entry id="0x7f0500bf" name="m3_ref_palette_dynamic_neutral_variant60" />
    <entry id="0x7f0500c0" name="m3_ref_palette_dynamic_neutral_variant70" />
    <entry id="0x7f0500c1" name="m3_ref_palette_dynamic_neutral_variant80" />
    <entry id="0x7f0500c2" name="m3_ref_palette_dynamic_neutral_variant90" />
    <entry id="0x7f0500c3" name="m3_ref_palette_dynamic_neutral_variant95" />
    <entry id="0x7f0500c4" name="m3_ref_palette_dynamic_neutral_variant99" />
    <entry id="0x7f0500c5" name="m3_ref_palette_dynamic_primary0" />
    <entry id="0x7f0500c6" name="m3_ref_palette_dynamic_primary10" />
    <entry id="0x7f0500c7" name="m3_ref_palette_dynamic_primary100" />
    <entry id="0x7f0500c8" name="m3_ref_palette_dynamic_primary20" />
    <entry id="0x7f0500c9" name="m3_ref_palette_dynamic_primary30" />
    <entry id="0x7f0500ca" name="m3_ref_palette_dynamic_primary40" />
    <entry id="0x7f0500cb" name="m3_ref_palette_dynamic_primary50" />
    <entry id="0x7f0500cc" name="m3_ref_palette_dynamic_primary60" />
    <entry id="0x7f0500cd" name="m3_ref_palette_dynamic_primary70" />
    <entry id="0x7f0500ce" name="m3_ref_palette_dynamic_primary80" />
    <entry id="0x7f0500cf" name="m3_ref_palette_dynamic_primary90" />
    <entry id="0x7f0500d0" name="m3_ref_palette_dynamic_primary95" />
    <entry id="0x7f0500d1" name="m3_ref_palette_dynamic_primary99" />
    <entry id="0x7f0500d2" name="m3_ref_palette_dynamic_secondary0" />
    <entry id="0x7f0500d3" name="m3_ref_palette_dynamic_secondary10" />
    <entry id="0x7f0500d4" name="m3_ref_palette_dynamic_secondary100" />
    <entry id="0x7f0500d5" name="m3_ref_palette_dynamic_secondary20" />
    <entry id="0x7f0500d6" name="m3_ref_palette_dynamic_secondary30" />
    <entry id="0x7f0500d7" name="m3_ref_palette_dynamic_secondary40" />
    <entry id="0x7f0500d8" name="m3_ref_palette_dynamic_secondary50" />
    <entry id="0x7f0500d9" name="m3_ref_palette_dynamic_secondary60" />
    <entry id="0x7f0500da" name="m3_ref_palette_dynamic_secondary70" />
    <entry id="0x7f0500db" name="m3_ref_palette_dynamic_secondary80" />
    <entry id="0x7f0500dc" name="m3_ref_palette_dynamic_secondary90" />
    <entry id="0x7f0500dd" name="m3_ref_palette_dynamic_secondary95" />
    <entry id="0x7f0500de" name="m3_ref_palette_dynamic_secondary99" />
    <entry id="0x7f0500df" name="m3_ref_palette_dynamic_tertiary0" />
    <entry id="0x7f0500e0" name="m3_ref_palette_dynamic_tertiary10" />
    <entry id="0x7f0500e1" name="m3_ref_palette_dynamic_tertiary100" />
    <entry id="0x7f0500e2" name="m3_ref_palette_dynamic_tertiary20" />
    <entry id="0x7f0500e3" name="m3_ref_palette_dynamic_tertiary30" />
    <entry id="0x7f0500e4" name="m3_ref_palette_dynamic_tertiary40" />
    <entry id="0x7f0500e5" name="m3_ref_palette_dynamic_tertiary50" />
    <entry id="0x7f0500e6" name="m3_ref_palette_dynamic_tertiary60" />
    <entry id="0x7f0500e7" name="m3_ref_palette_dynamic_tertiary70" />
    <entry id="0x7f0500e8" name="m3_ref_palette_dynamic_tertiary80" />
    <entry id="0x7f0500e9" name="m3_ref_palette_dynamic_tertiary90" />
    <entry id="0x7f0500ea" name="m3_ref_palette_dynamic_tertiary95" />
    <entry id="0x7f0500eb" name="m3_ref_palette_dynamic_tertiary99" />
    <entry id="0x7f0500ec" name="m3_ref_palette_error0" />
    <entry id="0x7f0500ed" name="m3_ref_palette_error10" />
    <entry id="0x7f0500ee" name="m3_ref_palette_error100" />
    <entry id="0x7f0500ef" name="m3_ref_palette_error20" />
    <entry id="0x7f0500f0" name="m3_ref_palette_error30" />
    <entry id="0x7f0500f1" name="m3_ref_palette_error40" />
    <entry id="0x7f0500f2" name="m3_ref_palette_error50" />
    <entry id="0x7f0500f3" name="m3_ref_palette_error60" />
    <entry id="0x7f0500f4" name="m3_ref_palette_error70" />
    <entry id="0x7f0500f5" name="m3_ref_palette_error80" />
    <entry id="0x7f0500f6" name="m3_ref_palette_error90" />
    <entry id="0x7f0500f7" name="m3_ref_palette_error95" />
    <entry id="0x7f0500f8" name="m3_ref_palette_error99" />
    <entry id="0x7f0500f9" name="m3_ref_palette_neutral0" />
    <entry id="0x7f0500fa" name="m3_ref_palette_neutral10" />
    <entry id="0x7f0500fb" name="m3_ref_palette_neutral100" />
    <entry id="0x7f0500fc" name="m3_ref_palette_neutral12" />
    <entry id="0x7f0500fd" name="m3_ref_palette_neutral17" />
    <entry id="0x7f0500fe" name="m3_ref_palette_neutral20" />
    <entry id="0x7f0500ff" name="m3_ref_palette_neutral22" />
    <entry id="0x7f050100" name="m3_ref_palette_neutral24" />
    <entry id="0x7f050101" name="m3_ref_palette_neutral30" />
    <entry id="0x7f050102" name="m3_ref_palette_neutral4" />
    <entry id="0x7f050103" name="m3_ref_palette_neutral40" />
    <entry id="0x7f050104" name="m3_ref_palette_neutral50" />
    <entry id="0x7f050105" name="m3_ref_palette_neutral6" />
    <entry id="0x7f050106" name="m3_ref_palette_neutral60" />
    <entry id="0x7f050107" name="m3_ref_palette_neutral70" />
    <entry id="0x7f050108" name="m3_ref_palette_neutral80" />
    <entry id="0x7f050109" name="m3_ref_palette_neutral87" />
    <entry id="0x7f05010a" name="m3_ref_palette_neutral90" />
    <entry id="0x7f05010b" name="m3_ref_palette_neutral92" />
    <entry id="0x7f05010c" name="m3_ref_palette_neutral94" />
    <entry id="0x7f05010d" name="m3_ref_palette_neutral95" />
    <entry id="0x7f05010e" name="m3_ref_palette_neutral96" />
    <entry id="0x7f05010f" name="m3_ref_palette_neutral98" />
    <entry id="0x7f050110" name="m3_ref_palette_neutral99" />
    <entry id="0x7f050111" name="m3_ref_palette_neutral_variant0" />
    <entry id="0x7f050112" name="m3_ref_palette_neutral_variant10" />
    <entry id="0x7f050113" name="m3_ref_palette_neutral_variant100" />
    <entry id="0x7f050114" name="m3_ref_palette_neutral_variant20" />
    <entry id="0x7f050115" name="m3_ref_palette_neutral_variant30" />
    <entry id="0x7f050116" name="m3_ref_palette_neutral_variant40" />
    <entry id="0x7f050117" name="m3_ref_palette_neutral_variant50" />
    <entry id="0x7f050118" name="m3_ref_palette_neutral_variant60" />
    <entry id="0x7f050119" name="m3_ref_palette_neutral_variant70" />
    <entry id="0x7f05011a" name="m3_ref_palette_neutral_variant80" />
    <entry id="0x7f05011b" name="m3_ref_palette_neutral_variant90" />
    <entry id="0x7f05011c" name="m3_ref_palette_neutral_variant95" />
    <entry id="0x7f05011d" name="m3_ref_palette_neutral_variant99" />
    <entry id="0x7f05011e" name="m3_ref_palette_primary0" />
    <entry id="0x7f05011f" name="m3_ref_palette_primary10" />
    <entry id="0x7f050120" name="m3_ref_palette_primary100" />
    <entry id="0x7f050121" name="m3_ref_palette_primary20" />
    <entry id="0x7f050122" name="m3_ref_palette_primary30" />
    <entry id="0x7f050123" name="m3_ref_palette_primary40" />
    <entry id="0x7f050124" name="m3_ref_palette_primary50" />
    <entry id="0x7f050125" name="m3_ref_palette_primary60" />
    <entry id="0x7f050126" name="m3_ref_palette_primary70" />
    <entry id="0x7f050127" name="m3_ref_palette_primary80" />
    <entry id="0x7f050128" name="m3_ref_palette_primary90" />
    <entry id="0x7f050129" name="m3_ref_palette_primary95" />
    <entry id="0x7f05012a" name="m3_ref_palette_primary99" />
    <entry id="0x7f05012b" name="m3_ref_palette_secondary0" />
    <entry id="0x7f05012c" name="m3_ref_palette_secondary10" />
    <entry id="0x7f05012d" name="m3_ref_palette_secondary100" />
    <entry id="0x7f05012e" name="m3_ref_palette_secondary20" />
    <entry id="0x7f05012f" name="m3_ref_palette_secondary30" />
    <entry id="0x7f050130" name="m3_ref_palette_secondary40" />
    <entry id="0x7f050131" name="m3_ref_palette_secondary50" />
    <entry id="0x7f050132" name="m3_ref_palette_secondary60" />
    <entry id="0x7f050133" name="m3_ref_palette_secondary70" />
    <entry id="0x7f050134" name="m3_ref_palette_secondary80" />
    <entry id="0x7f050135" name="m3_ref_palette_secondary90" />
    <entry id="0x7f050136" name="m3_ref_palette_secondary95" />
    <entry id="0x7f050137" name="m3_ref_palette_secondary99" />
    <entry id="0x7f050138" name="m3_ref_palette_tertiary0" />
    <entry id="0x7f050139" name="m3_ref_palette_tertiary10" />
    <entry id="0x7f05013a" name="m3_ref_palette_tertiary100" />
    <entry id="0x7f05013b" name="m3_ref_palette_tertiary20" />
    <entry id="0x7f05013c" name="m3_ref_palette_tertiary30" />
    <entry id="0x7f05013d" name="m3_ref_palette_tertiary40" />
    <entry id="0x7f05013e" name="m3_ref_palette_tertiary50" />
    <entry id="0x7f05013f" name="m3_ref_palette_tertiary60" />
    <entry id="0x7f050140" name="m3_ref_palette_tertiary70" />
    <entry id="0x7f050141" name="m3_ref_palette_tertiary80" />
    <entry id="0x7f050142" name="m3_ref_palette_tertiary90" />
    <entry id="0x7f050143" name="m3_ref_palette_tertiary95" />
    <entry id="0x7f050144" name="m3_ref_palette_tertiary99" />
    <entry id="0x7f050145" name="m3_ref_palette_white" />
    <entry id="0x7f050146" name="m3_selection_control_ripple_color_selector" />
    <entry id="0x7f050147" name="m3_simple_item_ripple_color" />
    <entry id="0x7f050148" name="m3_slider_active_track_color" />
    <entry id="0x7f050149" name="m3_slider_halo_color" />
    <entry id="0x7f05014a" name="m3_slider_inactive_track_color" />
    <entry id="0x7f05014b" name="m3_slider_thumb_color" />
    <entry id="0x7f05014c" name="m3_switch_thumb_tint" />
    <entry id="0x7f05014d" name="m3_switch_track_tint" />
    <entry id="0x7f05014e" name="m3_sys_color_dark_background" />
    <entry id="0x7f05014f" name="m3_sys_color_dark_error" />
    <entry id="0x7f050150" name="m3_sys_color_dark_error_container" />
    <entry id="0x7f050151" name="m3_sys_color_dark_inverse_on_surface" />
    <entry id="0x7f050152" name="m3_sys_color_dark_inverse_primary" />
    <entry id="0x7f050153" name="m3_sys_color_dark_inverse_surface" />
    <entry id="0x7f050154" name="m3_sys_color_dark_on_background" />
    <entry id="0x7f050155" name="m3_sys_color_dark_on_error" />
    <entry id="0x7f050156" name="m3_sys_color_dark_on_error_container" />
    <entry id="0x7f050157" name="m3_sys_color_dark_on_primary" />
    <entry id="0x7f050158" name="m3_sys_color_dark_on_primary_container" />
    <entry id="0x7f050159" name="m3_sys_color_dark_on_secondary" />
    <entry id="0x7f05015a" name="m3_sys_color_dark_on_secondary_container" />
    <entry id="0x7f05015b" name="m3_sys_color_dark_on_surface" />
    <entry id="0x7f05015c" name="m3_sys_color_dark_on_surface_variant" />
    <entry id="0x7f05015d" name="m3_sys_color_dark_on_tertiary" />
    <entry id="0x7f05015e" name="m3_sys_color_dark_on_tertiary_container" />
    <entry id="0x7f05015f" name="m3_sys_color_dark_outline" />
    <entry id="0x7f050160" name="m3_sys_color_dark_outline_variant" />
    <entry id="0x7f050161" name="m3_sys_color_dark_primary" />
    <entry id="0x7f050162" name="m3_sys_color_dark_primary_container" />
    <entry id="0x7f050163" name="m3_sys_color_dark_secondary" />
    <entry id="0x7f050164" name="m3_sys_color_dark_secondary_container" />
    <entry id="0x7f050165" name="m3_sys_color_dark_surface" />
    <entry id="0x7f050166" name="m3_sys_color_dark_surface_bright" />
    <entry id="0x7f050167" name="m3_sys_color_dark_surface_container" />
    <entry id="0x7f050168" name="m3_sys_color_dark_surface_container_high" />
    <entry id="0x7f050169" name="m3_sys_color_dark_surface_container_highest" />
    <entry id="0x7f05016a" name="m3_sys_color_dark_surface_container_low" />
    <entry id="0x7f05016b" name="m3_sys_color_dark_surface_container_lowest" />
    <entry id="0x7f05016c" name="m3_sys_color_dark_surface_dim" />
    <entry id="0x7f05016d" name="m3_sys_color_dark_surface_variant" />
    <entry id="0x7f05016e" name="m3_sys_color_dark_tertiary" />
    <entry id="0x7f05016f" name="m3_sys_color_dark_tertiary_container" />
    <entry id="0x7f050170" name="m3_sys_color_dynamic_dark_background" />
    <entry id="0x7f050171" name="m3_sys_color_dynamic_dark_inverse_on_surface" />
    <entry id="0x7f050172" name="m3_sys_color_dynamic_dark_inverse_primary" />
    <entry id="0x7f050173" name="m3_sys_color_dynamic_dark_inverse_surface" />
    <entry id="0x7f050174" name="m3_sys_color_dynamic_dark_on_background" />
    <entry id="0x7f050175" name="m3_sys_color_dynamic_dark_on_primary" />
    <entry id="0x7f050176" name="m3_sys_color_dynamic_dark_on_primary_container" />
    <entry id="0x7f050177" name="m3_sys_color_dynamic_dark_on_secondary" />
    <entry id="0x7f050178" name="m3_sys_color_dynamic_dark_on_secondary_container" />
    <entry id="0x7f050179" name="m3_sys_color_dynamic_dark_on_surface" />
    <entry id="0x7f05017a" name="m3_sys_color_dynamic_dark_on_surface_variant" />
    <entry id="0x7f05017b" name="m3_sys_color_dynamic_dark_on_tertiary" />
    <entry id="0x7f05017c" name="m3_sys_color_dynamic_dark_on_tertiary_container" />
    <entry id="0x7f05017d" name="m3_sys_color_dynamic_dark_outline" />
    <entry id="0x7f05017e" name="m3_sys_color_dynamic_dark_outline_variant" />
    <entry id="0x7f05017f" name="m3_sys_color_dynamic_dark_primary" />
    <entry id="0x7f050180" name="m3_sys_color_dynamic_dark_primary_container" />
    <entry id="0x7f050181" name="m3_sys_color_dynamic_dark_secondary" />
    <entry id="0x7f050182" name="m3_sys_color_dynamic_dark_secondary_container" />
    <entry id="0x7f050183" name="m3_sys_color_dynamic_dark_surface" />
    <entry id="0x7f050184" name="m3_sys_color_dynamic_dark_surface_bright" />
    <entry id="0x7f050185" name="m3_sys_color_dynamic_dark_surface_container" />
    <entry id="0x7f050186" name="m3_sys_color_dynamic_dark_surface_container_high" />
    <entry id="0x7f050187" name="m3_sys_color_dynamic_dark_surface_container_highest" />
    <entry id="0x7f050188" name="m3_sys_color_dynamic_dark_surface_container_low" />
    <entry id="0x7f050189" name="m3_sys_color_dynamic_dark_surface_container_lowest" />
    <entry id="0x7f05018a" name="m3_sys_color_dynamic_dark_surface_dim" />
    <entry id="0x7f05018b" name="m3_sys_color_dynamic_dark_surface_variant" />
    <entry id="0x7f05018c" name="m3_sys_color_dynamic_dark_tertiary" />
    <entry id="0x7f05018d" name="m3_sys_color_dynamic_dark_tertiary_container" />
    <entry id="0x7f05018e" name="m3_sys_color_dynamic_light_background" />
    <entry id="0x7f05018f" name="m3_sys_color_dynamic_light_inverse_on_surface" />
    <entry id="0x7f050190" name="m3_sys_color_dynamic_light_inverse_primary" />
    <entry id="0x7f050191" name="m3_sys_color_dynamic_light_inverse_surface" />
    <entry id="0x7f050192" name="m3_sys_color_dynamic_light_on_background" />
    <entry id="0x7f050193" name="m3_sys_color_dynamic_light_on_primary" />
    <entry id="0x7f050194" name="m3_sys_color_dynamic_light_on_primary_container" />
    <entry id="0x7f050195" name="m3_sys_color_dynamic_light_on_secondary" />
    <entry id="0x7f050196" name="m3_sys_color_dynamic_light_on_secondary_container" />
    <entry id="0x7f050197" name="m3_sys_color_dynamic_light_on_surface" />
    <entry id="0x7f050198" name="m3_sys_color_dynamic_light_on_surface_variant" />
    <entry id="0x7f050199" name="m3_sys_color_dynamic_light_on_tertiary" />
    <entry id="0x7f05019a" name="m3_sys_color_dynamic_light_on_tertiary_container" />
    <entry id="0x7f05019b" name="m3_sys_color_dynamic_light_outline" />
    <entry id="0x7f05019c" name="m3_sys_color_dynamic_light_outline_variant" />
    <entry id="0x7f05019d" name="m3_sys_color_dynamic_light_primary" />
    <entry id="0x7f05019e" name="m3_sys_color_dynamic_light_primary_container" />
    <entry id="0x7f05019f" name="m3_sys_color_dynamic_light_secondary" />
    <entry id="0x7f0501a0" name="m3_sys_color_dynamic_light_secondary_container" />
    <entry id="0x7f0501a1" name="m3_sys_color_dynamic_light_surface" />
    <entry id="0x7f0501a2" name="m3_sys_color_dynamic_light_surface_bright" />
    <entry id="0x7f0501a3" name="m3_sys_color_dynamic_light_surface_container" />
    <entry id="0x7f0501a4" name="m3_sys_color_dynamic_light_surface_container_high" />
    <entry id="0x7f0501a5" name="m3_sys_color_dynamic_light_surface_container_highest" />
    <entry id="0x7f0501a6" name="m3_sys_color_dynamic_light_surface_container_low" />
    <entry id="0x7f0501a7" name="m3_sys_color_dynamic_light_surface_container_lowest" />
    <entry id="0x7f0501a8" name="m3_sys_color_dynamic_light_surface_dim" />
    <entry id="0x7f0501a9" name="m3_sys_color_dynamic_light_surface_variant" />
    <entry id="0x7f0501aa" name="m3_sys_color_dynamic_light_tertiary" />
    <entry id="0x7f0501ab" name="m3_sys_color_dynamic_light_tertiary_container" />
    <entry id="0x7f0501ac" name="m3_sys_color_dynamic_on_primary_fixed" />
    <entry id="0x7f0501ad" name="m3_sys_color_dynamic_on_primary_fixed_variant" />
    <entry id="0x7f0501ae" name="m3_sys_color_dynamic_on_secondary_fixed" />
    <entry id="0x7f0501af" name="m3_sys_color_dynamic_on_secondary_fixed_variant" />
    <entry id="0x7f0501b0" name="m3_sys_color_dynamic_on_tertiary_fixed" />
    <entry id="0x7f0501b1" name="m3_sys_color_dynamic_on_tertiary_fixed_variant" />
    <entry id="0x7f0501b2" name="m3_sys_color_dynamic_primary_fixed" />
    <entry id="0x7f0501b3" name="m3_sys_color_dynamic_primary_fixed_dim" />
    <entry id="0x7f0501b4" name="m3_sys_color_dynamic_secondary_fixed" />
    <entry id="0x7f0501b5" name="m3_sys_color_dynamic_secondary_fixed_dim" />
    <entry id="0x7f0501b6" name="m3_sys_color_dynamic_tertiary_fixed" />
    <entry id="0x7f0501b7" name="m3_sys_color_dynamic_tertiary_fixed_dim" />
    <entry id="0x7f0501b8" name="m3_sys_color_light_background" />
    <entry id="0x7f0501b9" name="m3_sys_color_light_error" />
    <entry id="0x7f0501ba" name="m3_sys_color_light_error_container" />
    <entry id="0x7f0501bb" name="m3_sys_color_light_inverse_on_surface" />
    <entry id="0x7f0501bc" name="m3_sys_color_light_inverse_primary" />
    <entry id="0x7f0501bd" name="m3_sys_color_light_inverse_surface" />
    <entry id="0x7f0501be" name="m3_sys_color_light_on_background" />
    <entry id="0x7f0501bf" name="m3_sys_color_light_on_error" />
    <entry id="0x7f0501c0" name="m3_sys_color_light_on_error_container" />
    <entry id="0x7f0501c1" name="m3_sys_color_light_on_primary" />
    <entry id="0x7f0501c2" name="m3_sys_color_light_on_primary_container" />
    <entry id="0x7f0501c3" name="m3_sys_color_light_on_secondary" />
    <entry id="0x7f0501c4" name="m3_sys_color_light_on_secondary_container" />
    <entry id="0x7f0501c5" name="m3_sys_color_light_on_surface" />
    <entry id="0x7f0501c6" name="m3_sys_color_light_on_surface_variant" />
    <entry id="0x7f0501c7" name="m3_sys_color_light_on_tertiary" />
    <entry id="0x7f0501c8" name="m3_sys_color_light_on_tertiary_container" />
    <entry id="0x7f0501c9" name="m3_sys_color_light_outline" />
    <entry id="0x7f0501ca" name="m3_sys_color_light_outline_variant" />
    <entry id="0x7f0501cb" name="m3_sys_color_light_primary" />
    <entry id="0x7f0501cc" name="m3_sys_color_light_primary_container" />
    <entry id="0x7f0501cd" name="m3_sys_color_light_secondary" />
    <entry id="0x7f0501ce" name="m3_sys_color_light_secondary_container" />
    <entry id="0x7f0501cf" name="m3_sys_color_light_surface" />
    <entry id="0x7f0501d0" name="m3_sys_color_light_surface_bright" />
    <entry id="0x7f0501d1" name="m3_sys_color_light_surface_container" />
    <entry id="0x7f0501d2" name="m3_sys_color_light_surface_container_high" />
    <entry id="0x7f0501d3" name="m3_sys_color_light_surface_container_highest" />
    <entry id="0x7f0501d4" name="m3_sys_color_light_surface_container_low" />
    <entry id="0x7f0501d5" name="m3_sys_color_light_surface_container_lowest" />
    <entry id="0x7f0501d6" name="m3_sys_color_light_surface_dim" />
    <entry id="0x7f0501d7" name="m3_sys_color_light_surface_variant" />
    <entry id="0x7f0501d8" name="m3_sys_color_light_tertiary" />
    <entry id="0x7f0501d9" name="m3_sys_color_light_tertiary_container" />
    <entry id="0x7f0501da" name="m3_sys_color_on_primary_fixed" />
    <entry id="0x7f0501db" name="m3_sys_color_on_primary_fixed_variant" />
    <entry id="0x7f0501dc" name="m3_sys_color_on_secondary_fixed" />
    <entry id="0x7f0501dd" name="m3_sys_color_on_secondary_fixed_variant" />
    <entry id="0x7f0501de" name="m3_sys_color_on_tertiary_fixed" />
    <entry id="0x7f0501df" name="m3_sys_color_on_tertiary_fixed_variant" />
    <entry id="0x7f0501e0" name="m3_sys_color_primary_fixed" />
    <entry id="0x7f0501e1" name="m3_sys_color_primary_fixed_dim" />
    <entry id="0x7f0501e2" name="m3_sys_color_secondary_fixed" />
    <entry id="0x7f0501e3" name="m3_sys_color_secondary_fixed_dim" />
    <entry id="0x7f0501e4" name="m3_sys_color_tertiary_fixed" />
    <entry id="0x7f0501e5" name="m3_sys_color_tertiary_fixed_dim" />
    <entry id="0x7f0501e6" name="m3_tabs_icon_color" />
    <entry id="0x7f0501e7" name="m3_tabs_icon_color_secondary" />
    <entry id="0x7f0501e8" name="m3_tabs_ripple_color" />
    <entry id="0x7f0501e9" name="m3_tabs_ripple_color_secondary" />
    <entry id="0x7f0501ea" name="m3_tabs_text_color" />
    <entry id="0x7f0501eb" name="m3_tabs_text_color_secondary" />
    <entry id="0x7f0501ec" name="m3_text_button_background_color_selector" />
    <entry id="0x7f0501ed" name="m3_text_button_foreground_color_selector" />
    <entry id="0x7f0501ee" name="m3_text_button_ripple_color_selector" />
    <entry id="0x7f0501ef" name="m3_textfield_filled_background_color" />
    <entry id="0x7f0501f0" name="m3_textfield_indicator_text_color" />
    <entry id="0x7f0501f1" name="m3_textfield_input_text_color" />
    <entry id="0x7f0501f2" name="m3_textfield_label_color" />
    <entry id="0x7f0501f3" name="m3_textfield_stroke_color" />
    <entry id="0x7f0501f4" name="m3_timepicker_button_background_color" />
    <entry id="0x7f0501f5" name="m3_timepicker_button_ripple_color" />
    <entry id="0x7f0501f6" name="m3_timepicker_button_text_color" />
    <entry id="0x7f0501f7" name="m3_timepicker_clock_text_color" />
    <entry id="0x7f0501f8" name="m3_timepicker_display_background_color" />
    <entry id="0x7f0501f9" name="m3_timepicker_display_ripple_color" />
    <entry id="0x7f0501fa" name="m3_timepicker_display_text_color" />
    <entry id="0x7f0501fb" name="m3_timepicker_secondary_text_button_ripple_color" />
    <entry id="0x7f0501fc" name="m3_timepicker_secondary_text_button_text_color" />
    <entry id="0x7f0501fd" name="m3_timepicker_time_input_stroke_color" />
    <entry id="0x7f0501fe" name="m3_tonal_button_ripple_color_selector" />
    <entry id="0x7f0501ff" name="material_blue_grey_800" />
    <entry id="0x7f050200" name="material_blue_grey_900" />
    <entry id="0x7f050201" name="material_blue_grey_950" />
    <entry id="0x7f050202" name="material_cursor_color" />
    <entry id="0x7f050203" name="material_deep_teal_200" />
    <entry id="0x7f050204" name="material_deep_teal_500" />
    <entry id="0x7f050205" name="material_divider_color" />
    <entry id="0x7f050206" name="material_dynamic_neutral0" />
    <entry id="0x7f050207" name="material_dynamic_neutral10" />
    <entry id="0x7f050208" name="material_dynamic_neutral100" />
    <entry id="0x7f050209" name="material_dynamic_neutral20" />
    <entry id="0x7f05020a" name="material_dynamic_neutral30" />
    <entry id="0x7f05020b" name="material_dynamic_neutral40" />
    <entry id="0x7f05020c" name="material_dynamic_neutral50" />
    <entry id="0x7f05020d" name="material_dynamic_neutral60" />
    <entry id="0x7f05020e" name="material_dynamic_neutral70" />
    <entry id="0x7f05020f" name="material_dynamic_neutral80" />
    <entry id="0x7f050210" name="material_dynamic_neutral90" />
    <entry id="0x7f050211" name="material_dynamic_neutral95" />
    <entry id="0x7f050212" name="material_dynamic_neutral99" />
    <entry id="0x7f050213" name="material_dynamic_neutral_variant0" />
    <entry id="0x7f050214" name="material_dynamic_neutral_variant10" />
    <entry id="0x7f050215" name="material_dynamic_neutral_variant100" />
    <entry id="0x7f050216" name="material_dynamic_neutral_variant20" />
    <entry id="0x7f050217" name="material_dynamic_neutral_variant30" />
    <entry id="0x7f050218" name="material_dynamic_neutral_variant40" />
    <entry id="0x7f050219" name="material_dynamic_neutral_variant50" />
    <entry id="0x7f05021a" name="material_dynamic_neutral_variant60" />
    <entry id="0x7f05021b" name="material_dynamic_neutral_variant70" />
    <entry id="0x7f05021c" name="material_dynamic_neutral_variant80" />
    <entry id="0x7f05021d" name="material_dynamic_neutral_variant90" />
    <entry id="0x7f05021e" name="material_dynamic_neutral_variant95" />
    <entry id="0x7f05021f" name="material_dynamic_neutral_variant99" />
    <entry id="0x7f050220" name="material_dynamic_primary0" />
    <entry id="0x7f050221" name="material_dynamic_primary10" />
    <entry id="0x7f050222" name="material_dynamic_primary100" />
    <entry id="0x7f050223" name="material_dynamic_primary20" />
    <entry id="0x7f050224" name="material_dynamic_primary30" />
    <entry id="0x7f050225" name="material_dynamic_primary40" />
    <entry id="0x7f050226" name="material_dynamic_primary50" />
    <entry id="0x7f050227" name="material_dynamic_primary60" />
    <entry id="0x7f050228" name="material_dynamic_primary70" />
    <entry id="0x7f050229" name="material_dynamic_primary80" />
    <entry id="0x7f05022a" name="material_dynamic_primary90" />
    <entry id="0x7f05022b" name="material_dynamic_primary95" />
    <entry id="0x7f05022c" name="material_dynamic_primary99" />
    <entry id="0x7f05022d" name="material_dynamic_secondary0" />
    <entry id="0x7f05022e" name="material_dynamic_secondary10" />
    <entry id="0x7f05022f" name="material_dynamic_secondary100" />
    <entry id="0x7f050230" name="material_dynamic_secondary20" />
    <entry id="0x7f050231" name="material_dynamic_secondary30" />
    <entry id="0x7f050232" name="material_dynamic_secondary40" />
    <entry id="0x7f050233" name="material_dynamic_secondary50" />
    <entry id="0x7f050234" name="material_dynamic_secondary60" />
    <entry id="0x7f050235" name="material_dynamic_secondary70" />
    <entry id="0x7f050236" name="material_dynamic_secondary80" />
    <entry id="0x7f050237" name="material_dynamic_secondary90" />
    <entry id="0x7f050238" name="material_dynamic_secondary95" />
    <entry id="0x7f050239" name="material_dynamic_secondary99" />
    <entry id="0x7f05023a" name="material_dynamic_tertiary0" />
    <entry id="0x7f05023b" name="material_dynamic_tertiary10" />
    <entry id="0x7f05023c" name="material_dynamic_tertiary100" />
    <entry id="0x7f05023d" name="material_dynamic_tertiary20" />
    <entry id="0x7f05023e" name="material_dynamic_tertiary30" />
    <entry id="0x7f05023f" name="material_dynamic_tertiary40" />
    <entry id="0x7f050240" name="material_dynamic_tertiary50" />
    <entry id="0x7f050241" name="material_dynamic_tertiary60" />
    <entry id="0x7f050242" name="material_dynamic_tertiary70" />
    <entry id="0x7f050243" name="material_dynamic_tertiary80" />
    <entry id="0x7f050244" name="material_dynamic_tertiary90" />
    <entry id="0x7f050245" name="material_dynamic_tertiary95" />
    <entry id="0x7f050246" name="material_dynamic_tertiary99" />
    <entry id="0x7f050247" name="material_grey_100" />
    <entry id="0x7f050248" name="material_grey_300" />
    <entry id="0x7f050249" name="material_grey_50" />
    <entry id="0x7f05024a" name="material_grey_600" />
    <entry id="0x7f05024b" name="material_grey_800" />
    <entry id="0x7f05024c" name="material_grey_850" />
    <entry id="0x7f05024d" name="material_grey_900" />
    <entry id="0x7f05024e" name="material_harmonized_color_error" />
    <entry id="0x7f05024f" name="material_harmonized_color_error_container" />
    <entry id="0x7f050250" name="material_harmonized_color_on_error" />
    <entry id="0x7f050251" name="material_harmonized_color_on_error_container" />
    <entry id="0x7f050252" name="material_on_background_disabled" />
    <entry id="0x7f050253" name="material_on_background_emphasis_high_type" />
    <entry id="0x7f050254" name="material_on_background_emphasis_medium" />
    <entry id="0x7f050255" name="material_on_primary_disabled" />
    <entry id="0x7f050256" name="material_on_primary_emphasis_high_type" />
    <entry id="0x7f050257" name="material_on_primary_emphasis_medium" />
    <entry id="0x7f050258" name="material_on_surface_disabled" />
    <entry id="0x7f050259" name="material_on_surface_emphasis_high_type" />
    <entry id="0x7f05025a" name="material_on_surface_emphasis_medium" />
    <entry id="0x7f05025b" name="material_on_surface_stroke" />
    <entry id="0x7f05025c" name="material_personalized__highlighted_text" />
    <entry id="0x7f05025d" name="material_personalized__highlighted_text_inverse" />
    <entry id="0x7f05025e" name="material_personalized_color_background" />
    <entry id="0x7f05025f" name="material_personalized_color_control_activated" />
    <entry id="0x7f050260" name="material_personalized_color_control_highlight" />
    <entry id="0x7f050261" name="material_personalized_color_control_normal" />
    <entry id="0x7f050262" name="material_personalized_color_error" />
    <entry id="0x7f050263" name="material_personalized_color_error_container" />
    <entry id="0x7f050264" name="material_personalized_color_on_background" />
    <entry id="0x7f050265" name="material_personalized_color_on_error" />
    <entry id="0x7f050266" name="material_personalized_color_on_error_container" />
    <entry id="0x7f050267" name="material_personalized_color_on_primary" />
    <entry id="0x7f050268" name="material_personalized_color_on_primary_container" />
    <entry id="0x7f050269" name="material_personalized_color_on_secondary" />
    <entry id="0x7f05026a" name="material_personalized_color_on_secondary_container" />
    <entry id="0x7f05026b" name="material_personalized_color_on_surface" />
    <entry id="0x7f05026c" name="material_personalized_color_on_surface_inverse" />
    <entry id="0x7f05026d" name="material_personalized_color_on_surface_variant" />
    <entry id="0x7f05026e" name="material_personalized_color_on_tertiary" />
    <entry id="0x7f05026f" name="material_personalized_color_on_tertiary_container" />
    <entry id="0x7f050270" name="material_personalized_color_outline" />
    <entry id="0x7f050271" name="material_personalized_color_outline_variant" />
    <entry id="0x7f050272" name="material_personalized_color_primary" />
    <entry id="0x7f050273" name="material_personalized_color_primary_container" />
    <entry id="0x7f050274" name="material_personalized_color_primary_inverse" />
    <entry id="0x7f050275" name="material_personalized_color_primary_text" />
    <entry id="0x7f050276" name="material_personalized_color_primary_text_inverse" />
    <entry id="0x7f050277" name="material_personalized_color_secondary" />
    <entry id="0x7f050278" name="material_personalized_color_secondary_container" />
    <entry id="0x7f050279" name="material_personalized_color_secondary_text" />
    <entry id="0x7f05027a" name="material_personalized_color_secondary_text_inverse" />
    <entry id="0x7f05027b" name="material_personalized_color_surface" />
    <entry id="0x7f05027c" name="material_personalized_color_surface_bright" />
    <entry id="0x7f05027d" name="material_personalized_color_surface_container" />
    <entry id="0x7f05027e" name="material_personalized_color_surface_container_high" />
    <entry id="0x7f05027f" name="material_personalized_color_surface_container_highest" />
    <entry id="0x7f050280" name="material_personalized_color_surface_container_low" />
    <entry id="0x7f050281" name="material_personalized_color_surface_container_lowest" />
    <entry id="0x7f050282" name="material_personalized_color_surface_dim" />
    <entry id="0x7f050283" name="material_personalized_color_surface_inverse" />
    <entry id="0x7f050284" name="material_personalized_color_surface_variant" />
    <entry id="0x7f050285" name="material_personalized_color_tertiary" />
    <entry id="0x7f050286" name="material_personalized_color_tertiary_container" />
    <entry id="0x7f050287" name="material_personalized_color_text_hint_foreground_inverse" />
    <entry id="0x7f050288" name="material_personalized_color_text_primary_inverse" />
    <entry id="0x7f050289" name="material_personalized_color_text_primary_inverse_disable_only" />
    <entry id="0x7f05028a" name="material_personalized_color_text_secondary_and_tertiary_inverse" />
    <entry id="0x7f05028b" name="material_personalized_color_text_secondary_and_tertiary_inverse_disabled" />
    <entry id="0x7f05028c" name="material_personalized_hint_foreground" />
    <entry id="0x7f05028d" name="material_personalized_hint_foreground_inverse" />
    <entry id="0x7f05028e" name="material_personalized_primary_inverse_text_disable_only" />
    <entry id="0x7f05028f" name="material_personalized_primary_text_disable_only" />
    <entry id="0x7f050290" name="material_slider_active_tick_marks_color" />
    <entry id="0x7f050291" name="material_slider_active_track_color" />
    <entry id="0x7f050292" name="material_slider_halo_color" />
    <entry id="0x7f050293" name="material_slider_inactive_tick_marks_color" />
    <entry id="0x7f050294" name="material_slider_inactive_track_color" />
    <entry id="0x7f050295" name="material_slider_thumb_color" />
    <entry id="0x7f050296" name="material_timepicker_button_background" />
    <entry id="0x7f050297" name="material_timepicker_button_stroke" />
    <entry id="0x7f050298" name="material_timepicker_clock_text_color" />
    <entry id="0x7f050299" name="material_timepicker_clockface" />
    <entry id="0x7f05029a" name="material_timepicker_modebutton_tint" />
    <entry id="0x7f05029b" name="md_btn_selected" />
    <entry id="0x7f05029c" name="md_btn_selected_dark" />
    <entry id="0x7f05029d" name="md_disabled_text_dark_theme" />
    <entry id="0x7f05029e" name="md_disabled_text_light_theme" />
    <entry id="0x7f05029f" name="md_divider_dark_theme" />
    <entry id="0x7f0502a0" name="md_divider_light_theme" />
    <entry id="0x7f0502a1" name="md_list_item_textcolor" />
    <entry id="0x7f0502a2" name="mtrl_btn_bg_color_selector" />
    <entry id="0x7f0502a3" name="mtrl_btn_ripple_color" />
    <entry id="0x7f0502a4" name="mtrl_btn_stroke_color_selector" />
    <entry id="0x7f0502a5" name="mtrl_btn_text_btn_bg_color_selector" />
    <entry id="0x7f0502a6" name="mtrl_btn_text_btn_ripple_color" />
    <entry id="0x7f0502a7" name="mtrl_btn_text_color_disabled" />
    <entry id="0x7f0502a8" name="mtrl_btn_text_color_selector" />
    <entry id="0x7f0502a9" name="mtrl_btn_transparent_bg_color" />
    <entry id="0x7f0502aa" name="mtrl_calendar_item_stroke_color" />
    <entry id="0x7f0502ab" name="mtrl_calendar_selected_range" />
    <entry id="0x7f0502ac" name="mtrl_card_view_foreground" />
    <entry id="0x7f0502ad" name="mtrl_card_view_ripple" />
    <entry id="0x7f0502ae" name="mtrl_chip_background_color" />
    <entry id="0x7f0502af" name="mtrl_chip_close_icon_tint" />
    <entry id="0x7f0502b0" name="mtrl_chip_surface_color" />
    <entry id="0x7f0502b1" name="mtrl_chip_text_color" />
    <entry id="0x7f0502b2" name="mtrl_choice_chip_background_color" />
    <entry id="0x7f0502b3" name="mtrl_choice_chip_ripple_color" />
    <entry id="0x7f0502b4" name="mtrl_choice_chip_text_color" />
    <entry id="0x7f0502b5" name="mtrl_error" />
    <entry id="0x7f0502b6" name="mtrl_fab_bg_color_selector" />
    <entry id="0x7f0502b7" name="mtrl_fab_icon_text_color_selector" />
    <entry id="0x7f0502b8" name="mtrl_fab_ripple_color" />
    <entry id="0x7f0502b9" name="mtrl_filled_background_color" />
    <entry id="0x7f0502ba" name="mtrl_filled_icon_tint" />
    <entry id="0x7f0502bb" name="mtrl_filled_stroke_color" />
    <entry id="0x7f0502bc" name="mtrl_indicator_text_color" />
    <entry id="0x7f0502bd" name="mtrl_navigation_bar_colored_item_tint" />
    <entry id="0x7f0502be" name="mtrl_navigation_bar_colored_ripple_color" />
    <entry id="0x7f0502bf" name="mtrl_navigation_bar_item_tint" />
    <entry id="0x7f0502c0" name="mtrl_navigation_bar_ripple_color" />
    <entry id="0x7f0502c1" name="mtrl_navigation_item_background_color" />
    <entry id="0x7f0502c2" name="mtrl_navigation_item_icon_tint" />
    <entry id="0x7f0502c3" name="mtrl_navigation_item_text_color" />
    <entry id="0x7f0502c4" name="mtrl_on_primary_text_btn_text_color_selector" />
    <entry id="0x7f0502c5" name="mtrl_on_surface_ripple_color" />
    <entry id="0x7f0502c6" name="mtrl_outlined_icon_tint" />
    <entry id="0x7f0502c7" name="mtrl_outlined_stroke_color" />
    <entry id="0x7f0502c8" name="mtrl_popupmenu_overlay_color" />
    <entry id="0x7f0502c9" name="mtrl_scrim_color" />
    <entry id="0x7f0502ca" name="mtrl_switch_thumb_icon_tint" />
    <entry id="0x7f0502cb" name="mtrl_switch_thumb_tint" />
    <entry id="0x7f0502cc" name="mtrl_switch_track_decoration_tint" />
    <entry id="0x7f0502cd" name="mtrl_switch_track_tint" />
    <entry id="0x7f0502ce" name="mtrl_tabs_colored_ripple_color" />
    <entry id="0x7f0502cf" name="mtrl_tabs_icon_color_selector" />
    <entry id="0x7f0502d0" name="mtrl_tabs_icon_color_selector_colored" />
    <entry id="0x7f0502d1" name="mtrl_tabs_legacy_text_color_selector" />
    <entry id="0x7f0502d2" name="mtrl_tabs_ripple_color" />
    <entry id="0x7f0502d3" name="mtrl_text_btn_text_color_selector" />
    <entry id="0x7f0502d4" name="mtrl_textinput_default_box_stroke_color" />
    <entry id="0x7f0502d5" name="mtrl_textinput_disabled_color" />
    <entry id="0x7f0502d6" name="mtrl_textinput_filled_box_default_background_color" />
    <entry id="0x7f0502d7" name="mtrl_textinput_focused_box_stroke_color" />
    <entry id="0x7f0502d8" name="mtrl_textinput_hovered_box_stroke_color" />
    <entry id="0x7f0502d9" name="notification_action_color_filter" />
    <entry id="0x7f0502da" name="notification_icon_bg_color" />
    <entry id="0x7f0502db" name="preference_fallback_accent_color" />
    <entry id="0x7f0502dc" name="primary" />
    <entry id="0x7f0502dd" name="primary_dark" />
    <entry id="0x7f0502de" name="primary_dark_material_dark" />
    <entry id="0x7f0502df" name="primary_dark_material_light" />
    <entry id="0x7f0502e0" name="primary_light" />
    <entry id="0x7f0502e1" name="primary_material_dark" />
    <entry id="0x7f0502e2" name="primary_material_light" />
    <entry id="0x7f0502e3" name="primary_text" />
    <entry id="0x7f0502e4" name="primary_text_default_material_dark" />
    <entry id="0x7f0502e5" name="primary_text_default_material_light" />
    <entry id="0x7f0502e6" name="primary_text_disabled_material_dark" />
    <entry id="0x7f0502e7" name="primary_text_disabled_material_light" />
    <entry id="0x7f0502e8" name="ripple_material_dark" />
    <entry id="0x7f0502e9" name="ripple_material_light" />
    <entry id="0x7f0502ea" name="secondary_text" />
    <entry id="0x7f0502eb" name="secondary_text_default_material_dark" />
    <entry id="0x7f0502ec" name="secondary_text_default_material_light" />
    <entry id="0x7f0502ed" name="secondary_text_disabled_material_dark" />
    <entry id="0x7f0502ee" name="secondary_text_disabled_material_light" />
    <entry id="0x7f0502ef" name="switch_thumb_disabled_material_dark" />
    <entry id="0x7f0502f0" name="switch_thumb_disabled_material_light" />
    <entry id="0x7f0502f1" name="switch_thumb_material_dark" />
    <entry id="0x7f0502f2" name="switch_thumb_material_light" />
    <entry id="0x7f0502f3" name="switch_thumb_normal_material_dark" />
    <entry id="0x7f0502f4" name="switch_thumb_normal_material_light" />
    <entry id="0x7f0502f5" name="tooltip_background_dark" />
    <entry id="0x7f0502f6" name="tooltip_background_light" />
    <entry id="0x7f0502f7" name="white" />
</type>