<?xml version='1.0' encoding='utf-8' ?>
<resources>
    <path name="btn_checkbox_checked_mtrl_animation_interpolator_0">res/interpolator/btn_checkbox_checked_mtrl_animation_interpolator_0.xml</path>
    <path name="btn_checkbox_checked_mtrl_animation_interpolator_1">res/interpolator/btn_checkbox_checked_mtrl_animation_interpolator_1.xml</path>
    <path name="btn_checkbox_unchecked_mtrl_animation_interpolator_0">res/interpolator/btn_checkbox_unchecked_mtrl_animation_interpolator_0.xml</path>
    <path name="btn_checkbox_unchecked_mtrl_animation_interpolator_1">res/interpolator/btn_checkbox_unchecked_mtrl_animation_interpolator_1.xml</path>
    <path name="btn_radio_to_off_mtrl_animation_interpolator_0">res/interpolator/btn_radio_to_off_mtrl_animation_interpolator_0.xml</path>
    <path name="btn_radio_to_on_mtrl_animation_interpolator_0">res/interpolator/btn_radio_to_on_mtrl_animation_interpolator_0.xml</path>
    <path name="fast_out_slow_in">res/interpolator/fast_out_slow_in.xml</path>
    <path name="m3_sys_motion_easing_emphasized">res/interpolator/m3_sys_motion_easing_emphasized.xml</path>
    <path name="m3_sys_motion_easing_emphasized_accelerate">res/interpolator/m3_sys_motion_easing_emphasized_accelerate.xml</path>
    <path name="m3_sys_motion_easing_emphasized_decelerate">res/interpolator/m3_sys_motion_easing_emphasized_decelerate.xml</path>
    <path name="m3_sys_motion_easing_linear">res/interpolator/m3_sys_motion_easing_linear.xml</path>
    <path name="m3_sys_motion_easing_standard">res/interpolator/m3_sys_motion_easing_standard.xml</path>
    <path name="m3_sys_motion_easing_standard_accelerate">res/interpolator/m3_sys_motion_easing_standard_accelerate.xml</path>
    <path name="m3_sys_motion_easing_standard_decelerate">res/interpolator/m3_sys_motion_easing_standard_decelerate.xml</path>
    <path name="mtrl_fast_out_linear_in">res/interpolator/mtrl_fast_out_linear_in.xml</path>
    <path name="mtrl_fast_out_slow_in">res/interpolator/mtrl_fast_out_slow_in.xml</path>
    <path name="mtrl_linear">res/interpolator/mtrl_linear.xml</path>
    <path name="mtrl_linear_out_slow_in">res/interpolator/mtrl_linear_out_slow_in.xml</path>
</resources>