<?xml version='1.0' encoding='utf-8' ?>
<type id="0x0a" defaultPublic="true">
    <entry id="0x7f0a0000" name="btn_checkbox_checked_mtrl_animation_interpolator_0" />
    <entry id="0x7f0a0001" name="btn_checkbox_checked_mtrl_animation_interpolator_1" />
    <entry id="0x7f0a0002" name="btn_checkbox_unchecked_mtrl_animation_interpolator_0" />
    <entry id="0x7f0a0003" name="btn_checkbox_unchecked_mtrl_animation_interpolator_1" />
    <entry id="0x7f0a0004" name="btn_radio_to_off_mtrl_animation_interpolator_0" />
    <entry id="0x7f0a0005" name="btn_radio_to_on_mtrl_animation_interpolator_0" />
    <entry id="0x7f0a0006" name="fast_out_slow_in" />
    <entry id="0x7f0a0007" name="m3_sys_motion_easing_emphasized" />
    <entry id="0x7f0a0008" name="m3_sys_motion_easing_emphasized_accelerate" />
    <entry id="0x7f0a0009" name="m3_sys_motion_easing_emphasized_decelerate" />
    <entry id="0x7f0a000a" name="m3_sys_motion_easing_linear" />
    <entry id="0x7f0a000b" name="m3_sys_motion_easing_standard" />
    <entry id="0x7f0a000c" name="m3_sys_motion_easing_standard_accelerate" />
    <entry id="0x7f0a000d" name="m3_sys_motion_easing_standard_decelerate" />
    <entry id="0x7f0a000e" name="mtrl_fast_out_linear_in" />
    <entry id="0x7f0a000f" name="mtrl_fast_out_slow_in" />
    <entry id="0x7f0a0010" name="mtrl_linear" />
    <entry id="0x7f0a0011" name="mtrl_linear_out_slow_in" />
</type>