<?xml version='1.0' encoding='utf-8' ?>
<type id="0x11" defaultPublic="true">
    <entry id="0x7f110000" name="AlertDialog.AppCompat" />
    <entry id="0x7f110001" name="AlertDialog.AppCompat.Light" />
    <entry id="0x7f110002" name="Animation.AppCompat.Dialog" />
    <entry id="0x7f110003" name="Animation.AppCompat.DropDownUp" />
    <entry id="0x7f110004" name="Animation.AppCompat.Tooltip" />
    <entry id="0x7f110005" name="Animation.Design.BottomSheetDialog" />
    <entry id="0x7f110006" name="Animation.Material3.BottomSheetDialog" />
    <entry id="0x7f110007" name="Animation.Material3.SideSheetDialog" />
    <entry id="0x7f110008" name="Animation.MaterialComponents.BottomSheetDialog" />
    <entry id="0x7f110009" name="AppTheme" />
    <entry id="0x7f11000a" name="Base.AlertDialog.AppCompat" />
    <entry id="0x7f11000b" name="Base.AlertDialog.AppCompat.Light" />
    <entry id="0x7f11000c" name="Base.Animation.AppCompat.Dialog" />
    <entry id="0x7f11000d" name="Base.Animation.AppCompat.DropDownUp" />
    <entry id="0x7f11000e" name="Base.Animation.AppCompat.Tooltip" />
    <entry id="0x7f11000f" name="Base.CardView" />
    <entry id="0x7f110010" name="Base.DialogWindowTitle.AppCompat" />
    <entry id="0x7f110011" name="Base.DialogWindowTitleBackground.AppCompat" />
    <entry id="0x7f110012" name="Base.MaterialAlertDialog.MaterialComponents.Title.Icon" />
    <entry id="0x7f110013" name="Base.MaterialAlertDialog.MaterialComponents.Title.Panel" />
    <entry id="0x7f110014" name="Base.MaterialAlertDialog.MaterialComponents.Title.Text" />
    <entry id="0x7f110015" name="Base.TextAppearance.AppCompat" />
    <entry id="0x7f110016" name="Base.TextAppearance.AppCompat.Body1" />
    <entry id="0x7f110017" name="Base.TextAppearance.AppCompat.Body2" />
    <entry id="0x7f110018" name="Base.TextAppearance.AppCompat.Button" />
    <entry id="0x7f110019" name="Base.TextAppearance.AppCompat.Caption" />
    <entry id="0x7f11001a" name="Base.TextAppearance.AppCompat.Display1" />
    <entry id="0x7f11001b" name="Base.TextAppearance.AppCompat.Display2" />
    <entry id="0x7f11001c" name="Base.TextAppearance.AppCompat.Display3" />
    <entry id="0x7f11001d" name="Base.TextAppearance.AppCompat.Display4" />
    <entry id="0x7f11001e" name="Base.TextAppearance.AppCompat.Headline" />
    <entry id="0x7f11001f" name="Base.TextAppearance.AppCompat.Inverse" />
    <entry id="0x7f110020" name="Base.TextAppearance.AppCompat.Large" />
    <entry id="0x7f110021" name="Base.TextAppearance.AppCompat.Large.Inverse" />
    <entry id="0x7f110022" name="Base.TextAppearance.AppCompat.Light.Widget.PopupMenu.Large" />
    <entry id="0x7f110023" name="Base.TextAppearance.AppCompat.Light.Widget.PopupMenu.Small" />
    <entry id="0x7f110024" name="Base.TextAppearance.AppCompat.Medium" />
    <entry id="0x7f110025" name="Base.TextAppearance.AppCompat.Medium.Inverse" />
    <entry id="0x7f110026" name="Base.TextAppearance.AppCompat.Menu" />
    <entry id="0x7f110027" name="Base.TextAppearance.AppCompat.SearchResult" />
    <entry id="0x7f110028" name="Base.TextAppearance.AppCompat.SearchResult.Subtitle" />
    <entry id="0x7f110029" name="Base.TextAppearance.AppCompat.SearchResult.Title" />
    <entry id="0x7f11002a" name="Base.TextAppearance.AppCompat.Small" />
    <entry id="0x7f11002b" name="Base.TextAppearance.AppCompat.Small.Inverse" />
    <entry id="0x7f11002c" name="Base.TextAppearance.AppCompat.Subhead" />
    <entry id="0x7f11002d" name="Base.TextAppearance.AppCompat.Subhead.Inverse" />
    <entry id="0x7f11002e" name="Base.TextAppearance.AppCompat.Title" />
    <entry id="0x7f11002f" name="Base.TextAppearance.AppCompat.Title.Inverse" />
    <entry id="0x7f110030" name="Base.TextAppearance.AppCompat.Tooltip" />
    <entry id="0x7f110031" name="Base.TextAppearance.AppCompat.Widget.ActionBar.Menu" />
    <entry id="0x7f110032" name="Base.TextAppearance.AppCompat.Widget.ActionBar.Subtitle" />
    <entry id="0x7f110033" name="Base.TextAppearance.AppCompat.Widget.ActionBar.Subtitle.Inverse" />
    <entry id="0x7f110034" name="Base.TextAppearance.AppCompat.Widget.ActionBar.Title" />
    <entry id="0x7f110035" name="Base.TextAppearance.AppCompat.Widget.ActionBar.Title.Inverse" />
    <entry id="0x7f110036" name="Base.TextAppearance.AppCompat.Widget.ActionMode.Subtitle" />
    <entry id="0x7f110037" name="Base.TextAppearance.AppCompat.Widget.ActionMode.Title" />
    <entry id="0x7f110038" name="Base.TextAppearance.AppCompat.Widget.Button" />
    <entry id="0x7f110039" name="Base.TextAppearance.AppCompat.Widget.Button.Borderless.Colored" />
    <entry id="0x7f11003a" name="Base.TextAppearance.AppCompat.Widget.Button.Colored" />
    <entry id="0x7f11003b" name="Base.TextAppearance.AppCompat.Widget.Button.Inverse" />
    <entry id="0x7f11003c" name="Base.TextAppearance.AppCompat.Widget.DropDownItem" />
    <entry id="0x7f11003d" name="Base.TextAppearance.AppCompat.Widget.PopupMenu.Header" />
    <entry id="0x7f11003e" name="Base.TextAppearance.AppCompat.Widget.PopupMenu.Large" />
    <entry id="0x7f11003f" name="Base.TextAppearance.AppCompat.Widget.PopupMenu.Small" />
    <entry id="0x7f110040" name="Base.TextAppearance.AppCompat.Widget.Switch" />
    <entry id="0x7f110041" name="Base.TextAppearance.AppCompat.Widget.TextView.SpinnerItem" />
    <entry id="0x7f110042" name="Base.TextAppearance.Material3.Search" />
    <entry id="0x7f110043" name="Base.TextAppearance.MaterialComponents.Badge" />
    <entry id="0x7f110044" name="Base.TextAppearance.MaterialComponents.Button" />
    <entry id="0x7f110045" name="Base.TextAppearance.MaterialComponents.Headline6" />
    <entry id="0x7f110046" name="Base.TextAppearance.MaterialComponents.Subtitle2" />
    <entry id="0x7f110047" name="Base.TextAppearance.Widget.AppCompat.ExpandedMenu.Item" />
    <entry id="0x7f110048" name="Base.TextAppearance.Widget.AppCompat.Toolbar.Subtitle" />
    <entry id="0x7f110049" name="Base.TextAppearance.Widget.AppCompat.Toolbar.Title" />
    <entry id="0x7f11004a" name="Base.Theme.AppCompat" />
    <entry id="0x7f11004b" name="Base.Theme.AppCompat.CompactMenu" />
    <entry id="0x7f11004c" name="Base.Theme.AppCompat.Dialog" />
    <entry id="0x7f11004d" name="Base.Theme.AppCompat.Dialog.Alert" />
    <entry id="0x7f11004e" name="Base.Theme.AppCompat.Dialog.FixedSize" />
    <entry id="0x7f11004f" name="Base.Theme.AppCompat.Dialog.MinWidth" />
    <entry id="0x7f110050" name="Base.Theme.AppCompat.DialogWhenLarge" />
    <entry id="0x7f110051" name="Base.Theme.AppCompat.Light" />
    <entry id="0x7f110052" name="Base.Theme.AppCompat.Light.DarkActionBar" />
    <entry id="0x7f110053" name="Base.Theme.AppCompat.Light.Dialog" />
    <entry id="0x7f110054" name="Base.Theme.AppCompat.Light.Dialog.Alert" />
    <entry id="0x7f110055" name="Base.Theme.AppCompat.Light.Dialog.FixedSize" />
    <entry id="0x7f110056" name="Base.Theme.AppCompat.Light.Dialog.MinWidth" />
    <entry id="0x7f110057" name="Base.Theme.AppCompat.Light.DialogWhenLarge" />
    <entry id="0x7f110058" name="Base.Theme.Material3.Dark" />
    <entry id="0x7f110059" name="Base.Theme.Material3.Dark.BottomSheetDialog" />
    <entry id="0x7f11005a" name="Base.Theme.Material3.Dark.Dialog" />
    <entry id="0x7f11005b" name="Base.Theme.Material3.Dark.SideSheetDialog" />
    <entry id="0x7f11005c" name="Base.Theme.Material3.Light" />
    <entry id="0x7f11005d" name="Base.Theme.Material3.Light.BottomSheetDialog" />
    <entry id="0x7f11005e" name="Base.Theme.Material3.Light.Dialog" />
    <entry id="0x7f11005f" name="Base.Theme.Material3.Light.SideSheetDialog" />
    <entry id="0x7f110060" name="Base.Theme.MaterialComponents" />
    <entry id="0x7f110061" name="Base.Theme.MaterialComponents.Bridge" />
    <entry id="0x7f110062" name="Base.Theme.MaterialComponents.CompactMenu" />
    <entry id="0x7f110063" name="Base.Theme.MaterialComponents.Dialog" />
    <entry id="0x7f110064" name="Base.Theme.MaterialComponents.Dialog.Alert" />
    <entry id="0x7f110065" name="Base.Theme.MaterialComponents.Dialog.Bridge" />
    <entry id="0x7f110066" name="Base.Theme.MaterialComponents.Dialog.FixedSize" />
    <entry id="0x7f110067" name="Base.Theme.MaterialComponents.Dialog.MinWidth" />
    <entry id="0x7f110068" name="Base.Theme.MaterialComponents.DialogWhenLarge" />
    <entry id="0x7f110069" name="Base.Theme.MaterialComponents.Light" />
    <entry id="0x7f11006a" name="Base.Theme.MaterialComponents.Light.Bridge" />
    <entry id="0x7f11006b" name="Base.Theme.MaterialComponents.Light.DarkActionBar" />
    <entry id="0x7f11006c" name="Base.Theme.MaterialComponents.Light.DarkActionBar.Bridge" />
    <entry id="0x7f11006d" name="Base.Theme.MaterialComponents.Light.Dialog" />
    <entry id="0x7f11006e" name="Base.Theme.MaterialComponents.Light.Dialog.Alert" />
    <entry id="0x7f11006f" name="Base.Theme.MaterialComponents.Light.Dialog.Bridge" />
    <entry id="0x7f110070" name="Base.Theme.MaterialComponents.Light.Dialog.FixedSize" />
    <entry id="0x7f110071" name="Base.Theme.MaterialComponents.Light.Dialog.MinWidth" />
    <entry id="0x7f110072" name="Base.Theme.MaterialComponents.Light.DialogWhenLarge" />
    <entry id="0x7f110073" name="Base.ThemeOverlay.AppCompat" />
    <entry id="0x7f110074" name="Base.ThemeOverlay.AppCompat.ActionBar" />
    <entry id="0x7f110075" name="Base.ThemeOverlay.AppCompat.Dark" />
    <entry id="0x7f110076" name="Base.ThemeOverlay.AppCompat.Dark.ActionBar" />
    <entry id="0x7f110077" name="Base.ThemeOverlay.AppCompat.Dialog" />
    <entry id="0x7f110078" name="Base.ThemeOverlay.AppCompat.Dialog.Alert" />
    <entry id="0x7f110079" name="Base.ThemeOverlay.AppCompat.Light" />
    <entry id="0x7f11007a" name="Base.ThemeOverlay.Material3.AutoCompleteTextView" />
    <entry id="0x7f11007b" name="Base.ThemeOverlay.Material3.BottomSheetDialog" />
    <entry id="0x7f11007c" name="Base.ThemeOverlay.Material3.Dialog" />
    <entry id="0x7f11007d" name="Base.ThemeOverlay.Material3.SideSheetDialog" />
    <entry id="0x7f11007e" name="Base.ThemeOverlay.Material3.TextInputEditText" />
    <entry id="0x7f11007f" name="Base.ThemeOverlay.MaterialComponents.Dialog" />
    <entry id="0x7f110080" name="Base.ThemeOverlay.MaterialComponents.Dialog.Alert" />
    <entry id="0x7f110081" name="Base.ThemeOverlay.MaterialComponents.Dialog.Alert.Framework" />
    <entry id="0x7f110082" name="Base.ThemeOverlay.MaterialComponents.Light.Dialog.Alert.Framework" />
    <entry id="0x7f110083" name="Base.ThemeOverlay.MaterialComponents.MaterialAlertDialog" />
    <entry id="0x7f110084" name="Base.V14.Theme.Material3.Dark" />
    <entry id="0x7f110085" name="Base.V14.Theme.Material3.Dark.BottomSheetDialog" />
    <entry id="0x7f110086" name="Base.V14.Theme.Material3.Dark.Dialog" />
    <entry id="0x7f110087" name="Base.V14.Theme.Material3.Dark.SideSheetDialog" />
    <entry id="0x7f110088" name="Base.V14.Theme.Material3.Light" />
    <entry id="0x7f110089" name="Base.V14.Theme.Material3.Light.BottomSheetDialog" />
    <entry id="0x7f11008a" name="Base.V14.Theme.Material3.Light.Dialog" />
    <entry id="0x7f11008b" name="Base.V14.Theme.Material3.Light.SideSheetDialog" />
    <entry id="0x7f11008c" name="Base.V14.Theme.MaterialComponents" />
    <entry id="0x7f11008d" name="Base.V14.Theme.MaterialComponents.Bridge" />
    <entry id="0x7f11008e" name="Base.V14.Theme.MaterialComponents.Dialog" />
    <entry id="0x7f11008f" name="Base.V14.Theme.MaterialComponents.Dialog.Bridge" />
    <entry id="0x7f110090" name="Base.V14.Theme.MaterialComponents.Light" />
    <entry id="0x7f110091" name="Base.V14.Theme.MaterialComponents.Light.Bridge" />
    <entry id="0x7f110092" name="Base.V14.Theme.MaterialComponents.Light.DarkActionBar.Bridge" />
    <entry id="0x7f110093" name="Base.V14.Theme.MaterialComponents.Light.Dialog" />
    <entry id="0x7f110094" name="Base.V14.Theme.MaterialComponents.Light.Dialog.Bridge" />
    <entry id="0x7f110095" name="Base.V14.ThemeOverlay.Material3.BottomSheetDialog" />
    <entry id="0x7f110096" name="Base.V14.ThemeOverlay.Material3.SideSheetDialog" />
    <entry id="0x7f110097" name="Base.V14.ThemeOverlay.MaterialComponents.BottomSheetDialog" />
    <entry id="0x7f110098" name="Base.V14.ThemeOverlay.MaterialComponents.Dialog" />
    <entry id="0x7f110099" name="Base.V14.ThemeOverlay.MaterialComponents.Dialog.Alert" />
    <entry id="0x7f11009a" name="Base.V14.ThemeOverlay.MaterialComponents.MaterialAlertDialog" />
    <entry id="0x7f11009b" name="Base.V14.Widget.MaterialComponents.AutoCompleteTextView" />
    <entry id="0x7f11009c" name="Base.V21.Theme.AppCompat" />
    <entry id="0x7f11009d" name="Base.V21.Theme.AppCompat.Dialog" />
    <entry id="0x7f11009e" name="Base.V21.Theme.AppCompat.Light" />
    <entry id="0x7f11009f" name="Base.V21.Theme.AppCompat.Light.Dialog" />
    <entry id="0x7f1100a0" name="Base.V21.Theme.MaterialComponents" />
    <entry id="0x7f1100a1" name="Base.V21.Theme.MaterialComponents.Dialog" />
    <entry id="0x7f1100a2" name="Base.V21.Theme.MaterialComponents.Light" />
    <entry id="0x7f1100a3" name="Base.V21.Theme.MaterialComponents.Light.Dialog" />
    <entry id="0x7f1100a4" name="Base.V21.ThemeOverlay.AppCompat.Dialog" />
    <entry id="0x7f1100a5" name="Base.V21.ThemeOverlay.Material3.BottomSheetDialog" />
    <entry id="0x7f1100a6" name="Base.V21.ThemeOverlay.Material3.SideSheetDialog" />
    <entry id="0x7f1100a7" name="Base.V21.ThemeOverlay.MaterialComponents.BottomSheetDialog" />
    <entry id="0x7f1100a8" name="Base.V22.Theme.AppCompat" />
    <entry id="0x7f1100a9" name="Base.V22.Theme.AppCompat.Light" />
    <entry id="0x7f1100aa" name="Base.V23.Theme.AppCompat" />
    <entry id="0x7f1100ab" name="Base.V23.Theme.AppCompat.Light" />
    <entry id="0x7f1100ac" name="Base.V24.Theme.Material3.Dark" />
    <entry id="0x7f1100ad" name="Base.V24.Theme.Material3.Dark.Dialog" />
    <entry id="0x7f1100ae" name="Base.V24.Theme.Material3.Light" />
    <entry id="0x7f1100af" name="Base.V24.Theme.Material3.Light.Dialog" />
    <entry id="0x7f1100b0" name="Base.V26.Theme.AppCompat" />
    <entry id="0x7f1100b1" name="Base.V26.Theme.AppCompat.Light" />
    <entry id="0x7f1100b2" name="Base.V26.Widget.AppCompat.Toolbar" />
    <entry id="0x7f1100b3" name="Base.V28.Theme.AppCompat" />
    <entry id="0x7f1100b4" name="Base.V28.Theme.AppCompat.Light" />
    <entry id="0x7f1100b5" name="Base.V7.Theme.AppCompat" />
    <entry id="0x7f1100b6" name="Base.V7.Theme.AppCompat.Dialog" />
    <entry id="0x7f1100b7" name="Base.V7.Theme.AppCompat.Light" />
    <entry id="0x7f1100b8" name="Base.V7.Theme.AppCompat.Light.Dialog" />
    <entry id="0x7f1100b9" name="Base.V7.ThemeOverlay.AppCompat.Dialog" />
    <entry id="0x7f1100ba" name="Base.V7.Widget.AppCompat.AutoCompleteTextView" />
    <entry id="0x7f1100bb" name="Base.V7.Widget.AppCompat.EditText" />
    <entry id="0x7f1100bc" name="Base.V7.Widget.AppCompat.Toolbar" />
    <entry id="0x7f1100bd" name="Base.Widget.AppCompat.ActionBar" />
    <entry id="0x7f1100be" name="Base.Widget.AppCompat.ActionBar.Solid" />
    <entry id="0x7f1100bf" name="Base.Widget.AppCompat.ActionBar.TabBar" />
    <entry id="0x7f1100c0" name="Base.Widget.AppCompat.ActionBar.TabText" />
    <entry id="0x7f1100c1" name="Base.Widget.AppCompat.ActionBar.TabView" />
    <entry id="0x7f1100c2" name="Base.Widget.AppCompat.ActionButton" />
    <entry id="0x7f1100c3" name="Base.Widget.AppCompat.ActionButton.CloseMode" />
    <entry id="0x7f1100c4" name="Base.Widget.AppCompat.ActionButton.Overflow" />
    <entry id="0x7f1100c5" name="Base.Widget.AppCompat.ActionMode" />
    <entry id="0x7f1100c6" name="Base.Widget.AppCompat.ActivityChooserView" />
    <entry id="0x7f1100c7" name="Base.Widget.AppCompat.AutoCompleteTextView" />
    <entry id="0x7f1100c8" name="Base.Widget.AppCompat.Button" />
    <entry id="0x7f1100c9" name="Base.Widget.AppCompat.Button.Borderless" />
    <entry id="0x7f1100ca" name="Base.Widget.AppCompat.Button.Borderless.Colored" />
    <entry id="0x7f1100cb" name="Base.Widget.AppCompat.Button.ButtonBar.AlertDialog" />
    <entry id="0x7f1100cc" name="Base.Widget.AppCompat.Button.Colored" />
    <entry id="0x7f1100cd" name="Base.Widget.AppCompat.Button.Small" />
    <entry id="0x7f1100ce" name="Base.Widget.AppCompat.ButtonBar" />
    <entry id="0x7f1100cf" name="Base.Widget.AppCompat.ButtonBar.AlertDialog" />
    <entry id="0x7f1100d0" name="Base.Widget.AppCompat.CompoundButton.CheckBox" />
    <entry id="0x7f1100d1" name="Base.Widget.AppCompat.CompoundButton.RadioButton" />
    <entry id="0x7f1100d2" name="Base.Widget.AppCompat.CompoundButton.Switch" />
    <entry id="0x7f1100d3" name="Base.Widget.AppCompat.DrawerArrowToggle" />
    <entry id="0x7f1100d4" name="Base.Widget.AppCompat.DrawerArrowToggle.Common" />
    <entry id="0x7f1100d5" name="Base.Widget.AppCompat.DropDownItem.Spinner" />
    <entry id="0x7f1100d6" name="Base.Widget.AppCompat.EditText" />
    <entry id="0x7f1100d7" name="Base.Widget.AppCompat.ImageButton" />
    <entry id="0x7f1100d8" name="Base.Widget.AppCompat.Light.ActionBar" />
    <entry id="0x7f1100d9" name="Base.Widget.AppCompat.Light.ActionBar.Solid" />
    <entry id="0x7f1100da" name="Base.Widget.AppCompat.Light.ActionBar.TabBar" />
    <entry id="0x7f1100db" name="Base.Widget.AppCompat.Light.ActionBar.TabText" />
    <entry id="0x7f1100dc" name="Base.Widget.AppCompat.Light.ActionBar.TabText.Inverse" />
    <entry id="0x7f1100dd" name="Base.Widget.AppCompat.Light.ActionBar.TabView" />
    <entry id="0x7f1100de" name="Base.Widget.AppCompat.Light.PopupMenu" />
    <entry id="0x7f1100df" name="Base.Widget.AppCompat.Light.PopupMenu.Overflow" />
    <entry id="0x7f1100e0" name="Base.Widget.AppCompat.ListMenuView" />
    <entry id="0x7f1100e1" name="Base.Widget.AppCompat.ListPopupWindow" />
    <entry id="0x7f1100e2" name="Base.Widget.AppCompat.ListView" />
    <entry id="0x7f1100e3" name="Base.Widget.AppCompat.ListView.DropDown" />
    <entry id="0x7f1100e4" name="Base.Widget.AppCompat.ListView.Menu" />
    <entry id="0x7f1100e5" name="Base.Widget.AppCompat.PopupMenu" />
    <entry id="0x7f1100e6" name="Base.Widget.AppCompat.PopupMenu.Overflow" />
    <entry id="0x7f1100e7" name="Base.Widget.AppCompat.PopupWindow" />
    <entry id="0x7f1100e8" name="Base.Widget.AppCompat.ProgressBar" />
    <entry id="0x7f1100e9" name="Base.Widget.AppCompat.ProgressBar.Horizontal" />
    <entry id="0x7f1100ea" name="Base.Widget.AppCompat.RatingBar" />
    <entry id="0x7f1100eb" name="Base.Widget.AppCompat.RatingBar.Indicator" />
    <entry id="0x7f1100ec" name="Base.Widget.AppCompat.RatingBar.Small" />
    <entry id="0x7f1100ed" name="Base.Widget.AppCompat.SearchView" />
    <entry id="0x7f1100ee" name="Base.Widget.AppCompat.SearchView.ActionBar" />
    <entry id="0x7f1100ef" name="Base.Widget.AppCompat.SeekBar" />
    <entry id="0x7f1100f0" name="Base.Widget.AppCompat.SeekBar.Discrete" />
    <entry id="0x7f1100f1" name="Base.Widget.AppCompat.Spinner" />
    <entry id="0x7f1100f2" name="Base.Widget.AppCompat.Spinner.Underlined" />
    <entry id="0x7f1100f3" name="Base.Widget.AppCompat.TextView" />
    <entry id="0x7f1100f4" name="Base.Widget.AppCompat.TextView.SpinnerItem" />
    <entry id="0x7f1100f5" name="Base.Widget.AppCompat.Toolbar" />
    <entry id="0x7f1100f6" name="Base.Widget.AppCompat.Toolbar.Button.Navigation" />
    <entry id="0x7f1100f7" name="Base.Widget.Design.TabLayout" />
    <entry id="0x7f1100f8" name="Base.Widget.Material3.ActionBar.Solid" />
    <entry id="0x7f1100f9" name="Base.Widget.Material3.ActionMode" />
    <entry id="0x7f1100fa" name="Base.Widget.Material3.BottomNavigationView" />
    <entry id="0x7f1100fb" name="Base.Widget.Material3.CardView" />
    <entry id="0x7f1100fc" name="Base.Widget.Material3.Chip" />
    <entry id="0x7f1100fd" name="Base.Widget.Material3.CollapsingToolbar" />
    <entry id="0x7f1100fe" name="Base.Widget.Material3.CompoundButton.CheckBox" />
    <entry id="0x7f1100ff" name="Base.Widget.Material3.CompoundButton.RadioButton" />
    <entry id="0x7f110100" name="Base.Widget.Material3.CompoundButton.Switch" />
    <entry id="0x7f110101" name="Base.Widget.Material3.ExtendedFloatingActionButton" />
    <entry id="0x7f110102" name="Base.Widget.Material3.ExtendedFloatingActionButton.Icon" />
    <entry id="0x7f110103" name="Base.Widget.Material3.FloatingActionButton" />
    <entry id="0x7f110104" name="Base.Widget.Material3.FloatingActionButton.Large" />
    <entry id="0x7f110105" name="Base.Widget.Material3.FloatingActionButton.Small" />
    <entry id="0x7f110106" name="Base.Widget.Material3.Light.ActionBar.Solid" />
    <entry id="0x7f110107" name="Base.Widget.Material3.MaterialCalendar.NavigationButton" />
    <entry id="0x7f110108" name="Base.Widget.Material3.Snackbar" />
    <entry id="0x7f110109" name="Base.Widget.Material3.TabLayout" />
    <entry id="0x7f11010a" name="Base.Widget.Material3.TabLayout.OnSurface" />
    <entry id="0x7f11010b" name="Base.Widget.Material3.TabLayout.Secondary" />
    <entry id="0x7f11010c" name="Base.Widget.MaterialComponents.AutoCompleteTextView" />
    <entry id="0x7f11010d" name="Base.Widget.MaterialComponents.CheckedTextView" />
    <entry id="0x7f11010e" name="Base.Widget.MaterialComponents.Chip" />
    <entry id="0x7f11010f" name="Base.Widget.MaterialComponents.MaterialCalendar.HeaderToggleButton" />
    <entry id="0x7f110110" name="Base.Widget.MaterialComponents.MaterialCalendar.NavigationButton" />
    <entry id="0x7f110111" name="Base.Widget.MaterialComponents.PopupMenu" />
    <entry id="0x7f110112" name="Base.Widget.MaterialComponents.PopupMenu.ContextMenu" />
    <entry id="0x7f110113" name="Base.Widget.MaterialComponents.PopupMenu.ListPopupWindow" />
    <entry id="0x7f110114" name="Base.Widget.MaterialComponents.PopupMenu.Overflow" />
    <entry id="0x7f110115" name="Base.Widget.MaterialComponents.Slider" />
    <entry id="0x7f110116" name="Base.Widget.MaterialComponents.Snackbar" />
    <entry id="0x7f110117" name="Base.Widget.MaterialComponents.TextInputEditText" />
    <entry id="0x7f110118" name="Base.Widget.MaterialComponents.TextInputLayout" />
    <entry id="0x7f110119" name="Base.Widget.MaterialComponents.TextView" />
    <entry id="0x7f11011a" name="BasePreferenceThemeOverlay" />
    <entry id="0x7f11011b" name="CardView" />
    <entry id="0x7f11011c" name="CardView.Dark" />
    <entry id="0x7f11011d" name="CardView.Light" />
    <entry id="0x7f11011e" name="GTheme" />
    <entry id="0x7f11011f" name="LauncherTheme" />
    <entry id="0x7f110120" name="MD_ActionButton" />
    <entry id="0x7f110121" name="MD_Dark" />
    <entry id="0x7f110122" name="MD_Dialog_CheckPrompt" />
    <entry id="0x7f110123" name="MD_Dialog_Icon" />
    <entry id="0x7f110124" name="MD_Dialog_Message" />
    <entry id="0x7f110125" name="MD_Dialog_ScrollView_FrameContent" />
    <entry id="0x7f110126" name="MD_Dialog_Title_Text" />
    <entry id="0x7f110127" name="MD_Light" />
    <entry id="0x7f110128" name="MD_ListItem" />
    <entry id="0x7f110129" name="MD_ListItem.Choice" />
    <entry id="0x7f11012a" name="MD_ListItemText" />
    <entry id="0x7f11012b" name="MD_ListItemText.Choice" />
    <entry id="0x7f11012c" name="MD_ListItem_Control" />
    <entry id="0x7f11012d" name="MD_WindowAnimation" />
    <entry id="0x7f11012e" name="MaterialAlertDialog.Material3" />
    <entry id="0x7f11012f" name="MaterialAlertDialog.Material3.Animation" />
    <entry id="0x7f110130" name="MaterialAlertDialog.Material3.Body.Text" />
    <entry id="0x7f110131" name="MaterialAlertDialog.Material3.Body.Text.CenterStacked" />
    <entry id="0x7f110132" name="MaterialAlertDialog.Material3.Title.Icon" />
    <entry id="0x7f110133" name="MaterialAlertDialog.Material3.Title.Icon.CenterStacked" />
    <entry id="0x7f110134" name="MaterialAlertDialog.Material3.Title.Panel" />
    <entry id="0x7f110135" name="MaterialAlertDialog.Material3.Title.Panel.CenterStacked" />
    <entry id="0x7f110136" name="MaterialAlertDialog.Material3.Title.Text" />
    <entry id="0x7f110137" name="MaterialAlertDialog.Material3.Title.Text.CenterStacked" />
    <entry id="0x7f110138" name="MaterialAlertDialog.MaterialComponents" />
    <entry id="0x7f110139" name="MaterialAlertDialog.MaterialComponents.Body.Text" />
    <entry id="0x7f11013a" name="MaterialAlertDialog.MaterialComponents.Picker.Date.Calendar" />
    <entry id="0x7f11013b" name="MaterialAlertDialog.MaterialComponents.Picker.Date.Spinner" />
    <entry id="0x7f11013c" name="MaterialAlertDialog.MaterialComponents.Title.Icon" />
    <entry id="0x7f11013d" name="MaterialAlertDialog.MaterialComponents.Title.Icon.CenterStacked" />
    <entry id="0x7f11013e" name="MaterialAlertDialog.MaterialComponents.Title.Panel" />
    <entry id="0x7f11013f" name="MaterialAlertDialog.MaterialComponents.Title.Panel.CenterStacked" />
    <entry id="0x7f110140" name="MaterialAlertDialog.MaterialComponents.Title.Text" />
    <entry id="0x7f110141" name="MaterialAlertDialog.MaterialComponents.Title.Text.CenterStacked" />
    <entry id="0x7f110142" name="Platform.AppCompat" />
    <entry id="0x7f110143" name="Platform.AppCompat.Light" />
    <entry id="0x7f110144" name="Platform.MaterialComponents" />
    <entry id="0x7f110145" name="Platform.MaterialComponents.Dialog" />
    <entry id="0x7f110146" name="Platform.MaterialComponents.Light" />
    <entry id="0x7f110147" name="Platform.MaterialComponents.Light.Dialog" />
    <entry id="0x7f110148" name="Platform.ThemeOverlay.AppCompat" />
    <entry id="0x7f110149" name="Platform.ThemeOverlay.AppCompat.Dark" />
    <entry id="0x7f11014a" name="Platform.ThemeOverlay.AppCompat.Light" />
    <entry id="0x7f11014b" name="Platform.V21.AppCompat" />
    <entry id="0x7f11014c" name="Platform.V21.AppCompat.Light" />
    <entry id="0x7f11014d" name="Platform.V25.AppCompat" />
    <entry id="0x7f11014e" name="Platform.V25.AppCompat.Light" />
    <entry id="0x7f11014f" name="Platform.Widget.AppCompat.Spinner" />
    <entry id="0x7f110150" name="Preference" />
    <entry id="0x7f110151" name="Preference.Category" />
    <entry id="0x7f110152" name="Preference.Category.Material" />
    <entry id="0x7f110153" name="Preference.CheckBoxPreference" />
    <entry id="0x7f110154" name="Preference.CheckBoxPreference.Material" />
    <entry id="0x7f110155" name="Preference.DialogPreference" />
    <entry id="0x7f110156" name="Preference.DialogPreference.EditTextPreference" />
    <entry id="0x7f110157" name="Preference.DialogPreference.EditTextPreference.Material" />
    <entry id="0x7f110158" name="Preference.DialogPreference.Material" />
    <entry id="0x7f110159" name="Preference.DropDown" />
    <entry id="0x7f11015a" name="Preference.DropDown.Material" />
    <entry id="0x7f11015b" name="Preference.Information" />
    <entry id="0x7f11015c" name="Preference.Information.Material" />
    <entry id="0x7f11015d" name="Preference.Material" />
    <entry id="0x7f11015e" name="Preference.PreferenceScreen" />
    <entry id="0x7f11015f" name="Preference.PreferenceScreen.Material" />
    <entry id="0x7f110160" name="Preference.SeekBarPreference" />
    <entry id="0x7f110161" name="Preference.SeekBarPreference.Material" />
    <entry id="0x7f110162" name="Preference.SwitchPreference" />
    <entry id="0x7f110163" name="Preference.SwitchPreference.Material" />
    <entry id="0x7f110164" name="Preference.SwitchPreferenceCompat" />
    <entry id="0x7f110165" name="Preference.SwitchPreferenceCompat.Material" />
    <entry id="0x7f110166" name="PreferenceCategoryTitleTextStyle" />
    <entry id="0x7f110167" name="PreferenceFragment" />
    <entry id="0x7f110168" name="PreferenceFragment.Material" />
    <entry id="0x7f110169" name="PreferenceFragmentList" />
    <entry id="0x7f11016a" name="PreferenceFragmentList.Material" />
    <entry id="0x7f11016b" name="PreferenceSummaryTextStyle" />
    <entry id="0x7f11016c" name="PreferenceThemeOverlay" />
    <entry id="0x7f11016d" name="PreferenceThemeOverlay.v14" />
    <entry id="0x7f11016e" name="PreferenceThemeOverlay.v14.Material" />
    <entry id="0x7f11016f" name="RtlOverlay.DialogWindowTitle.AppCompat" />
    <entry id="0x7f110170" name="RtlOverlay.Widget.AppCompat.ActionBar.TitleItem" />
    <entry id="0x7f110171" name="RtlOverlay.Widget.AppCompat.DialogTitle.Icon" />
    <entry id="0x7f110172" name="RtlOverlay.Widget.AppCompat.PopupMenuItem" />
    <entry id="0x7f110173" name="RtlOverlay.Widget.AppCompat.PopupMenuItem.InternalGroup" />
    <entry id="0x7f110174" name="RtlOverlay.Widget.AppCompat.PopupMenuItem.Shortcut" />
    <entry id="0x7f110175" name="RtlOverlay.Widget.AppCompat.PopupMenuItem.SubmenuArrow" />
    <entry id="0x7f110176" name="RtlOverlay.Widget.AppCompat.PopupMenuItem.Text" />
    <entry id="0x7f110177" name="RtlOverlay.Widget.AppCompat.PopupMenuItem.Title" />
    <entry id="0x7f110178" name="RtlOverlay.Widget.AppCompat.Search.DropDown" />
    <entry id="0x7f110179" name="RtlOverlay.Widget.AppCompat.Search.DropDown.Icon1" />
    <entry id="0x7f11017a" name="RtlOverlay.Widget.AppCompat.Search.DropDown.Icon2" />
    <entry id="0x7f11017b" name="RtlOverlay.Widget.AppCompat.Search.DropDown.Query" />
    <entry id="0x7f11017c" name="RtlOverlay.Widget.AppCompat.Search.DropDown.Text" />
    <entry id="0x7f11017d" name="RtlOverlay.Widget.AppCompat.SearchView.MagIcon" />
    <entry id="0x7f11017e" name="RtlUnderlay.Widget.AppCompat.ActionButton" />
    <entry id="0x7f11017f" name="RtlUnderlay.Widget.AppCompat.ActionButton.Overflow" />
    <entry id="0x7f110180" name="SearchViewIcon" />
    <entry id="0x7f110181" name="ShapeAppearance.M3.Comp.Badge.Large.Shape" />
    <entry id="0x7f110182" name="ShapeAppearance.M3.Comp.Badge.Shape" />
    <entry id="0x7f110183" name="ShapeAppearance.M3.Comp.BottomAppBar.Container.Shape" />
    <entry id="0x7f110184" name="ShapeAppearance.M3.Comp.FilledButton.Container.Shape" />
    <entry id="0x7f110185" name="ShapeAppearance.M3.Comp.NavigationBar.ActiveIndicator.Shape" />
    <entry id="0x7f110186" name="ShapeAppearance.M3.Comp.NavigationDrawer.ActiveIndicator.Shape" />
    <entry id="0x7f110187" name="ShapeAppearance.M3.Comp.NavigationRail.ActiveIndicator.Shape" />
    <entry id="0x7f110188" name="ShapeAppearance.M3.Comp.SearchBar.Avatar.Shape" />
    <entry id="0x7f110189" name="ShapeAppearance.M3.Comp.SearchBar.Container.Shape" />
    <entry id="0x7f11018a" name="ShapeAppearance.M3.Comp.SearchView.FullScreen.Container.Shape" />
    <entry id="0x7f11018b" name="ShapeAppearance.M3.Comp.Sheet.Side.Docked.Container.Shape" />
    <entry id="0x7f11018c" name="ShapeAppearance.M3.Comp.Switch.Handle.Shape" />
    <entry id="0x7f11018d" name="ShapeAppearance.M3.Comp.Switch.StateLayer.Shape" />
    <entry id="0x7f11018e" name="ShapeAppearance.M3.Comp.Switch.Track.Shape" />
    <entry id="0x7f11018f" name="ShapeAppearance.M3.Comp.TextButton.Container.Shape" />
    <entry id="0x7f110190" name="ShapeAppearance.M3.Sys.Shape.Corner.ExtraLarge" />
    <entry id="0x7f110191" name="ShapeAppearance.M3.Sys.Shape.Corner.ExtraSmall" />
    <entry id="0x7f110192" name="ShapeAppearance.M3.Sys.Shape.Corner.Full" />
    <entry id="0x7f110193" name="ShapeAppearance.M3.Sys.Shape.Corner.Large" />
    <entry id="0x7f110194" name="ShapeAppearance.M3.Sys.Shape.Corner.Medium" />
    <entry id="0x7f110195" name="ShapeAppearance.M3.Sys.Shape.Corner.None" />
    <entry id="0x7f110196" name="ShapeAppearance.M3.Sys.Shape.Corner.Small" />
    <entry id="0x7f110197" name="ShapeAppearance.Material3.Corner.ExtraLarge" />
    <entry id="0x7f110198" name="ShapeAppearance.Material3.Corner.ExtraSmall" />
    <entry id="0x7f110199" name="ShapeAppearance.Material3.Corner.Full" />
    <entry id="0x7f11019a" name="ShapeAppearance.Material3.Corner.Large" />
    <entry id="0x7f11019b" name="ShapeAppearance.Material3.Corner.Medium" />
    <entry id="0x7f11019c" name="ShapeAppearance.Material3.Corner.None" />
    <entry id="0x7f11019d" name="ShapeAppearance.Material3.Corner.Small" />
    <entry id="0x7f11019e" name="ShapeAppearance.Material3.LargeComponent" />
    <entry id="0x7f11019f" name="ShapeAppearance.Material3.MediumComponent" />
    <entry id="0x7f1101a0" name="ShapeAppearance.Material3.NavigationBarView.ActiveIndicator" />
    <entry id="0x7f1101a1" name="ShapeAppearance.Material3.SmallComponent" />
    <entry id="0x7f1101a2" name="ShapeAppearance.Material3.Tooltip" />
    <entry id="0x7f1101a3" name="ShapeAppearance.MaterialComponents" />
    <entry id="0x7f1101a4" name="ShapeAppearance.MaterialComponents.Badge" />
    <entry id="0x7f1101a5" name="ShapeAppearance.MaterialComponents.LargeComponent" />
    <entry id="0x7f1101a6" name="ShapeAppearance.MaterialComponents.MediumComponent" />
    <entry id="0x7f1101a7" name="ShapeAppearance.MaterialComponents.SmallComponent" />
    <entry id="0x7f1101a8" name="ShapeAppearance.MaterialComponents.Tooltip" />
    <entry id="0x7f1101a9" name="ShapeAppearanceOverlay.Material3.Button" />
    <entry id="0x7f1101aa" name="ShapeAppearanceOverlay.Material3.Chip" />
    <entry id="0x7f1101ab" name="ShapeAppearanceOverlay.Material3.Corner.Bottom" />
    <entry id="0x7f1101ac" name="ShapeAppearanceOverlay.Material3.Corner.Left" />
    <entry id="0x7f1101ad" name="ShapeAppearanceOverlay.Material3.Corner.Right" />
    <entry id="0x7f1101ae" name="ShapeAppearanceOverlay.Material3.Corner.Top" />
    <entry id="0x7f1101af" name="ShapeAppearanceOverlay.Material3.FloatingActionButton" />
    <entry id="0x7f1101b0" name="ShapeAppearanceOverlay.Material3.NavigationView.Item" />
    <entry id="0x7f1101b1" name="ShapeAppearanceOverlay.Material3.SearchBar" />
    <entry id="0x7f1101b2" name="ShapeAppearanceOverlay.Material3.SearchView" />
    <entry id="0x7f1101b3" name="ShapeAppearanceOverlay.MaterialAlertDialog.Material3" />
    <entry id="0x7f1101b4" name="ShapeAppearanceOverlay.MaterialComponents.BottomSheet" />
    <entry id="0x7f1101b5" name="ShapeAppearanceOverlay.MaterialComponents.Chip" />
    <entry id="0x7f1101b6" name="ShapeAppearanceOverlay.MaterialComponents.ExtendedFloatingActionButton" />
    <entry id="0x7f1101b7" name="ShapeAppearanceOverlay.MaterialComponents.FloatingActionButton" />
    <entry id="0x7f1101b8" name="ShapeAppearanceOverlay.MaterialComponents.MaterialCalendar.Day" />
    <entry id="0x7f1101b9" name="ShapeAppearanceOverlay.MaterialComponents.MaterialCalendar.Window.Fullscreen" />
    <entry id="0x7f1101ba" name="ShapeAppearanceOverlay.MaterialComponents.MaterialCalendar.Year" />
    <entry id="0x7f1101bb" name="ShapeAppearanceOverlay.MaterialComponents.TextInputLayout.FilledBox" />
    <entry id="0x7f1101bc" name="TextAppearance.AppCompat" />
    <entry id="0x7f1101bd" name="TextAppearance.AppCompat.Body1" />
    <entry id="0x7f1101be" name="TextAppearance.AppCompat.Body2" />
    <entry id="0x7f1101bf" name="TextAppearance.AppCompat.Button" />
    <entry id="0x7f1101c0" name="TextAppearance.AppCompat.Caption" />
    <entry id="0x7f1101c1" name="TextAppearance.AppCompat.Display1" />
    <entry id="0x7f1101c2" name="TextAppearance.AppCompat.Display2" />
    <entry id="0x7f1101c3" name="TextAppearance.AppCompat.Display3" />
    <entry id="0x7f1101c4" name="TextAppearance.AppCompat.Display4" />
    <entry id="0x7f1101c5" name="TextAppearance.AppCompat.Headline" />
    <entry id="0x7f1101c6" name="TextAppearance.AppCompat.Inverse" />
    <entry id="0x7f1101c7" name="TextAppearance.AppCompat.Large" />
    <entry id="0x7f1101c8" name="TextAppearance.AppCompat.Large.Inverse" />
    <entry id="0x7f1101c9" name="TextAppearance.AppCompat.Light.SearchResult.Subtitle" />
    <entry id="0x7f1101ca" name="TextAppearance.AppCompat.Light.SearchResult.Title" />
    <entry id="0x7f1101cb" name="TextAppearance.AppCompat.Light.Widget.PopupMenu.Large" />
    <entry id="0x7f1101cc" name="TextAppearance.AppCompat.Light.Widget.PopupMenu.Small" />
    <entry id="0x7f1101cd" name="TextAppearance.AppCompat.Medium" />
    <entry id="0x7f1101ce" name="TextAppearance.AppCompat.Medium.Inverse" />
    <entry id="0x7f1101cf" name="TextAppearance.AppCompat.Menu" />
    <entry id="0x7f1101d0" name="TextAppearance.AppCompat.SearchResult.Subtitle" />
    <entry id="0x7f1101d1" name="TextAppearance.AppCompat.SearchResult.Title" />
    <entry id="0x7f1101d2" name="TextAppearance.AppCompat.Small" />
    <entry id="0x7f1101d3" name="TextAppearance.AppCompat.Small.Inverse" />
    <entry id="0x7f1101d4" name="TextAppearance.AppCompat.Subhead" />
    <entry id="0x7f1101d5" name="TextAppearance.AppCompat.Subhead.Inverse" />
    <entry id="0x7f1101d6" name="TextAppearance.AppCompat.Title" />
    <entry id="0x7f1101d7" name="TextAppearance.AppCompat.Title.Inverse" />
    <entry id="0x7f1101d8" name="TextAppearance.AppCompat.Tooltip" />
    <entry id="0x7f1101d9" name="TextAppearance.AppCompat.Widget.ActionBar.Menu" />
    <entry id="0x7f1101da" name="TextAppearance.AppCompat.Widget.ActionBar.Subtitle" />
    <entry id="0x7f1101db" name="TextAppearance.AppCompat.Widget.ActionBar.Subtitle.Inverse" />
    <entry id="0x7f1101dc" name="TextAppearance.AppCompat.Widget.ActionBar.Title" />
    <entry id="0x7f1101dd" name="TextAppearance.AppCompat.Widget.ActionBar.Title.Inverse" />
    <entry id="0x7f1101de" name="TextAppearance.AppCompat.Widget.ActionMode.Subtitle" />
    <entry id="0x7f1101df" name="TextAppearance.AppCompat.Widget.ActionMode.Subtitle.Inverse" />
    <entry id="0x7f1101e0" name="TextAppearance.AppCompat.Widget.ActionMode.Title" />
    <entry id="0x7f1101e1" name="TextAppearance.AppCompat.Widget.ActionMode.Title.Inverse" />
    <entry id="0x7f1101e2" name="TextAppearance.AppCompat.Widget.Button" />
    <entry id="0x7f1101e3" name="TextAppearance.AppCompat.Widget.Button.Borderless.Colored" />
    <entry id="0x7f1101e4" name="TextAppearance.AppCompat.Widget.Button.Colored" />
    <entry id="0x7f1101e5" name="TextAppearance.AppCompat.Widget.Button.Inverse" />
    <entry id="0x7f1101e6" name="TextAppearance.AppCompat.Widget.DropDownItem" />
    <entry id="0x7f1101e7" name="TextAppearance.AppCompat.Widget.PopupMenu.Header" />
    <entry id="0x7f1101e8" name="TextAppearance.AppCompat.Widget.PopupMenu.Large" />
    <entry id="0x7f1101e9" name="TextAppearance.AppCompat.Widget.PopupMenu.Small" />
    <entry id="0x7f1101ea" name="TextAppearance.AppCompat.Widget.Switch" />
    <entry id="0x7f1101eb" name="TextAppearance.AppCompat.Widget.TextView.SpinnerItem" />
    <entry id="0x7f1101ec" name="TextAppearance.Compat.Notification" />
    <entry id="0x7f1101ed" name="TextAppearance.Compat.Notification.Info" />
    <entry id="0x7f1101ee" name="TextAppearance.Compat.Notification.Line2" />
    <entry id="0x7f1101ef" name="TextAppearance.Compat.Notification.Time" />
    <entry id="0x7f1101f0" name="TextAppearance.Compat.Notification.Title" />
    <entry id="0x7f1101f1" name="TextAppearance.Design.CollapsingToolbar.Expanded" />
    <entry id="0x7f1101f2" name="TextAppearance.Design.Counter" />
    <entry id="0x7f1101f3" name="TextAppearance.Design.Counter.Overflow" />
    <entry id="0x7f1101f4" name="TextAppearance.Design.Error" />
    <entry id="0x7f1101f5" name="TextAppearance.Design.HelperText" />
    <entry id="0x7f1101f6" name="TextAppearance.Design.Hint" />
    <entry id="0x7f1101f7" name="TextAppearance.Design.Placeholder" />
    <entry id="0x7f1101f8" name="TextAppearance.Design.Prefix" />
    <entry id="0x7f1101f9" name="TextAppearance.Design.Snackbar.Message" />
    <entry id="0x7f1101fa" name="TextAppearance.Design.Suffix" />
    <entry id="0x7f1101fb" name="TextAppearance.Design.Tab" />
    <entry id="0x7f1101fc" name="TextAppearance.M3.Sys.Typescale.BodyLarge" />
    <entry id="0x7f1101fd" name="TextAppearance.M3.Sys.Typescale.BodyMedium" />
    <entry id="0x7f1101fe" name="TextAppearance.M3.Sys.Typescale.BodySmall" />
    <entry id="0x7f1101ff" name="TextAppearance.M3.Sys.Typescale.DisplayLarge" />
    <entry id="0x7f110200" name="TextAppearance.M3.Sys.Typescale.DisplayMedium" />
    <entry id="0x7f110201" name="TextAppearance.M3.Sys.Typescale.DisplaySmall" />
    <entry id="0x7f110202" name="TextAppearance.M3.Sys.Typescale.HeadlineLarge" />
    <entry id="0x7f110203" name="TextAppearance.M3.Sys.Typescale.HeadlineMedium" />
    <entry id="0x7f110204" name="TextAppearance.M3.Sys.Typescale.HeadlineSmall" />
    <entry id="0x7f110205" name="TextAppearance.M3.Sys.Typescale.LabelLarge" />
    <entry id="0x7f110206" name="TextAppearance.M3.Sys.Typescale.LabelMedium" />
    <entry id="0x7f110207" name="TextAppearance.M3.Sys.Typescale.LabelSmall" />
    <entry id="0x7f110208" name="TextAppearance.M3.Sys.Typescale.TitleLarge" />
    <entry id="0x7f110209" name="TextAppearance.M3.Sys.Typescale.TitleMedium" />
    <entry id="0x7f11020a" name="TextAppearance.M3.Sys.Typescale.TitleSmall" />
    <entry id="0x7f11020b" name="TextAppearance.Material3.ActionBar.Subtitle" />
    <entry id="0x7f11020c" name="TextAppearance.Material3.ActionBar.Title" />
    <entry id="0x7f11020d" name="TextAppearance.Material3.BodyLarge" />
    <entry id="0x7f11020e" name="TextAppearance.Material3.BodyMedium" />
    <entry id="0x7f11020f" name="TextAppearance.Material3.BodySmall" />
    <entry id="0x7f110210" name="TextAppearance.Material3.DisplayLarge" />
    <entry id="0x7f110211" name="TextAppearance.Material3.DisplayMedium" />
    <entry id="0x7f110212" name="TextAppearance.Material3.DisplaySmall" />
    <entry id="0x7f110213" name="TextAppearance.Material3.HeadlineLarge" />
    <entry id="0x7f110214" name="TextAppearance.Material3.HeadlineMedium" />
    <entry id="0x7f110215" name="TextAppearance.Material3.HeadlineSmall" />
    <entry id="0x7f110216" name="TextAppearance.Material3.LabelLarge" />
    <entry id="0x7f110217" name="TextAppearance.Material3.LabelMedium" />
    <entry id="0x7f110218" name="TextAppearance.Material3.LabelSmall" />
    <entry id="0x7f110219" name="TextAppearance.Material3.MaterialTimePicker.Title" />
    <entry id="0x7f11021a" name="TextAppearance.Material3.SearchBar" />
    <entry id="0x7f11021b" name="TextAppearance.Material3.SearchView" />
    <entry id="0x7f11021c" name="TextAppearance.Material3.SearchView.Prefix" />
    <entry id="0x7f11021d" name="TextAppearance.Material3.TitleLarge" />
    <entry id="0x7f11021e" name="TextAppearance.Material3.TitleMedium" />
    <entry id="0x7f11021f" name="TextAppearance.Material3.TitleSmall" />
    <entry id="0x7f110220" name="TextAppearance.MaterialComponents.Badge" />
    <entry id="0x7f110221" name="TextAppearance.MaterialComponents.Body1" />
    <entry id="0x7f110222" name="TextAppearance.MaterialComponents.Body2" />
    <entry id="0x7f110223" name="TextAppearance.MaterialComponents.Button" />
    <entry id="0x7f110224" name="TextAppearance.MaterialComponents.Caption" />
    <entry id="0x7f110225" name="TextAppearance.MaterialComponents.Chip" />
    <entry id="0x7f110226" name="TextAppearance.MaterialComponents.Headline1" />
    <entry id="0x7f110227" name="TextAppearance.MaterialComponents.Headline2" />
    <entry id="0x7f110228" name="TextAppearance.MaterialComponents.Headline3" />
    <entry id="0x7f110229" name="TextAppearance.MaterialComponents.Headline4" />
    <entry id="0x7f11022a" name="TextAppearance.MaterialComponents.Headline5" />
    <entry id="0x7f11022b" name="TextAppearance.MaterialComponents.Headline6" />
    <entry id="0x7f11022c" name="TextAppearance.MaterialComponents.Overline" />
    <entry id="0x7f11022d" name="TextAppearance.MaterialComponents.Subtitle1" />
    <entry id="0x7f11022e" name="TextAppearance.MaterialComponents.Subtitle2" />
    <entry id="0x7f11022f" name="TextAppearance.MaterialComponents.TimePicker.Title" />
    <entry id="0x7f110230" name="TextAppearance.MaterialComponents.Tooltip" />
    <entry id="0x7f110231" name="TextAppearance.Widget.AppCompat.ExpandedMenu.Item" />
    <entry id="0x7f110232" name="TextAppearance.Widget.AppCompat.Toolbar.Subtitle" />
    <entry id="0x7f110233" name="TextAppearance.Widget.AppCompat.Toolbar.Title" />
    <entry id="0x7f110234" name="Theme.AppCompat" />
    <entry id="0x7f110235" name="Theme.AppCompat.CompactMenu" />
    <entry id="0x7f110236" name="Theme.AppCompat.DayNight" />
    <entry id="0x7f110237" name="Theme.AppCompat.DayNight.DarkActionBar" />
    <entry id="0x7f110238" name="Theme.AppCompat.DayNight.Dialog" />
    <entry id="0x7f110239" name="Theme.AppCompat.DayNight.Dialog.Alert" />
    <entry id="0x7f11023a" name="Theme.AppCompat.DayNight.Dialog.MinWidth" />
    <entry id="0x7f11023b" name="Theme.AppCompat.DayNight.DialogWhenLarge" />
    <entry id="0x7f11023c" name="Theme.AppCompat.DayNight.NoActionBar" />
    <entry id="0x7f11023d" name="Theme.AppCompat.Dialog" />
    <entry id="0x7f11023e" name="Theme.AppCompat.Dialog.Alert" />
    <entry id="0x7f11023f" name="Theme.AppCompat.Dialog.MinWidth" />
    <entry id="0x7f110240" name="Theme.AppCompat.DialogWhenLarge" />
    <entry id="0x7f110241" name="Theme.AppCompat.Empty" />
    <entry id="0x7f110242" name="Theme.AppCompat.Light" />
    <entry id="0x7f110243" name="Theme.AppCompat.Light.DarkActionBar" />
    <entry id="0x7f110244" name="Theme.AppCompat.Light.Dialog" />
    <entry id="0x7f110245" name="Theme.AppCompat.Light.Dialog.Alert" />
    <entry id="0x7f110246" name="Theme.AppCompat.Light.Dialog.MinWidth" />
    <entry id="0x7f110247" name="Theme.AppCompat.Light.DialogWhenLarge" />
    <entry id="0x7f110248" name="Theme.AppCompat.Light.NoActionBar" />
    <entry id="0x7f110249" name="Theme.AppCompat.NoActionBar" />
    <entry id="0x7f11024a" name="Theme.Design" />
    <entry id="0x7f11024b" name="Theme.Design.BottomSheetDialog" />
    <entry id="0x7f11024c" name="Theme.Design.Light" />
    <entry id="0x7f11024d" name="Theme.Design.Light.BottomSheetDialog" />
    <entry id="0x7f11024e" name="Theme.Design.Light.NoActionBar" />
    <entry id="0x7f11024f" name="Theme.Design.NoActionBar" />
    <entry id="0x7f110250" name="Theme.Greenbox" />
    <entry id="0x7f110251" name="Theme.Material3.Dark" />
    <entry id="0x7f110252" name="Theme.Material3.Dark.BottomSheetDialog" />
    <entry id="0x7f110253" name="Theme.Material3.Dark.Dialog" />
    <entry id="0x7f110254" name="Theme.Material3.Dark.Dialog.Alert" />
    <entry id="0x7f110255" name="Theme.Material3.Dark.Dialog.MinWidth" />
    <entry id="0x7f110256" name="Theme.Material3.Dark.DialogWhenLarge" />
    <entry id="0x7f110257" name="Theme.Material3.Dark.NoActionBar" />
    <entry id="0x7f110258" name="Theme.Material3.Dark.SideSheetDialog" />
    <entry id="0x7f110259" name="Theme.Material3.DayNight" />
    <entry id="0x7f11025a" name="Theme.Material3.DayNight.BottomSheetDialog" />
    <entry id="0x7f11025b" name="Theme.Material3.DayNight.Dialog" />
    <entry id="0x7f11025c" name="Theme.Material3.DayNight.Dialog.Alert" />
    <entry id="0x7f11025d" name="Theme.Material3.DayNight.Dialog.MinWidth" />
    <entry id="0x7f11025e" name="Theme.Material3.DayNight.DialogWhenLarge" />
    <entry id="0x7f11025f" name="Theme.Material3.DayNight.NoActionBar" />
    <entry id="0x7f110260" name="Theme.Material3.DayNight.SideSheetDialog" />
    <entry id="0x7f110261" name="Theme.Material3.DynamicColors.Dark" />
    <entry id="0x7f110262" name="Theme.Material3.DynamicColors.DayNight" />
    <entry id="0x7f110263" name="Theme.Material3.DynamicColors.Light" />
    <entry id="0x7f110264" name="Theme.Material3.Light" />
    <entry id="0x7f110265" name="Theme.Material3.Light.BottomSheetDialog" />
    <entry id="0x7f110266" name="Theme.Material3.Light.Dialog" />
    <entry id="0x7f110267" name="Theme.Material3.Light.Dialog.Alert" />
    <entry id="0x7f110268" name="Theme.Material3.Light.Dialog.MinWidth" />
    <entry id="0x7f110269" name="Theme.Material3.Light.DialogWhenLarge" />
    <entry id="0x7f11026a" name="Theme.Material3.Light.NoActionBar" />
    <entry id="0x7f11026b" name="Theme.Material3.Light.SideSheetDialog" />
    <entry id="0x7f11026c" name="Theme.MaterialComponents" />
    <entry id="0x7f11026d" name="Theme.MaterialComponents.BottomSheetDialog" />
    <entry id="0x7f11026e" name="Theme.MaterialComponents.Bridge" />
    <entry id="0x7f11026f" name="Theme.MaterialComponents.CompactMenu" />
    <entry id="0x7f110270" name="Theme.MaterialComponents.DayNight" />
    <entry id="0x7f110271" name="Theme.MaterialComponents.DayNight.BottomSheetDialog" />
    <entry id="0x7f110272" name="Theme.MaterialComponents.DayNight.Bridge" />
    <entry id="0x7f110273" name="Theme.MaterialComponents.DayNight.DarkActionBar" />
    <entry id="0x7f110274" name="Theme.MaterialComponents.DayNight.DarkActionBar.Bridge" />
    <entry id="0x7f110275" name="Theme.MaterialComponents.DayNight.Dialog" />
    <entry id="0x7f110276" name="Theme.MaterialComponents.DayNight.Dialog.Alert" />
    <entry id="0x7f110277" name="Theme.MaterialComponents.DayNight.Dialog.Alert.Bridge" />
    <entry id="0x7f110278" name="Theme.MaterialComponents.DayNight.Dialog.Bridge" />
    <entry id="0x7f110279" name="Theme.MaterialComponents.DayNight.Dialog.FixedSize" />
    <entry id="0x7f11027a" name="Theme.MaterialComponents.DayNight.Dialog.FixedSize.Bridge" />
    <entry id="0x7f11027b" name="Theme.MaterialComponents.DayNight.Dialog.MinWidth" />
    <entry id="0x7f11027c" name="Theme.MaterialComponents.DayNight.Dialog.MinWidth.Bridge" />
    <entry id="0x7f11027d" name="Theme.MaterialComponents.DayNight.DialogWhenLarge" />
    <entry id="0x7f11027e" name="Theme.MaterialComponents.DayNight.NoActionBar" />
    <entry id="0x7f11027f" name="Theme.MaterialComponents.DayNight.NoActionBar.Bridge" />
    <entry id="0x7f110280" name="Theme.MaterialComponents.Dialog" />
    <entry id="0x7f110281" name="Theme.MaterialComponents.Dialog.Alert" />
    <entry id="0x7f110282" name="Theme.MaterialComponents.Dialog.Alert.Bridge" />
    <entry id="0x7f110283" name="Theme.MaterialComponents.Dialog.Bridge" />
    <entry id="0x7f110284" name="Theme.MaterialComponents.Dialog.FixedSize" />
    <entry id="0x7f110285" name="Theme.MaterialComponents.Dialog.FixedSize.Bridge" />
    <entry id="0x7f110286" name="Theme.MaterialComponents.Dialog.MinWidth" />
    <entry id="0x7f110287" name="Theme.MaterialComponents.Dialog.MinWidth.Bridge" />
    <entry id="0x7f110288" name="Theme.MaterialComponents.DialogWhenLarge" />
    <entry id="0x7f110289" name="Theme.MaterialComponents.Light" />
    <entry id="0x7f11028a" name="Theme.MaterialComponents.Light.BottomSheetDialog" />
    <entry id="0x7f11028b" name="Theme.MaterialComponents.Light.Bridge" />
    <entry id="0x7f11028c" name="Theme.MaterialComponents.Light.DarkActionBar" />
    <entry id="0x7f11028d" name="Theme.MaterialComponents.Light.DarkActionBar.Bridge" />
    <entry id="0x7f11028e" name="Theme.MaterialComponents.Light.Dialog" />
    <entry id="0x7f11028f" name="Theme.MaterialComponents.Light.Dialog.Alert" />
    <entry id="0x7f110290" name="Theme.MaterialComponents.Light.Dialog.Alert.Bridge" />
    <entry id="0x7f110291" name="Theme.MaterialComponents.Light.Dialog.Bridge" />
    <entry id="0x7f110292" name="Theme.MaterialComponents.Light.Dialog.FixedSize" />
    <entry id="0x7f110293" name="Theme.MaterialComponents.Light.Dialog.FixedSize.Bridge" />
    <entry id="0x7f110294" name="Theme.MaterialComponents.Light.Dialog.MinWidth" />
    <entry id="0x7f110295" name="Theme.MaterialComponents.Light.Dialog.MinWidth.Bridge" />
    <entry id="0x7f110296" name="Theme.MaterialComponents.Light.DialogWhenLarge" />
    <entry id="0x7f110297" name="Theme.MaterialComponents.Light.NoActionBar" />
    <entry id="0x7f110298" name="Theme.MaterialComponents.Light.NoActionBar.Bridge" />
    <entry id="0x7f110299" name="Theme.MaterialComponents.NoActionBar" />
    <entry id="0x7f11029a" name="Theme.MaterialComponents.NoActionBar.Bridge" />
    <entry id="0x7f11029b" name="ThemeOverlay.AppCompat" />
    <entry id="0x7f11029c" name="ThemeOverlay.AppCompat.ActionBar" />
    <entry id="0x7f11029d" name="ThemeOverlay.AppCompat.Dark" />
    <entry id="0x7f11029e" name="ThemeOverlay.AppCompat.Dark.ActionBar" />
    <entry id="0x7f11029f" name="ThemeOverlay.AppCompat.DayNight" />
    <entry id="0x7f1102a0" name="ThemeOverlay.AppCompat.DayNight.ActionBar" />
    <entry id="0x7f1102a1" name="ThemeOverlay.AppCompat.Dialog" />
    <entry id="0x7f1102a2" name="ThemeOverlay.AppCompat.Dialog.Alert" />
    <entry id="0x7f1102a3" name="ThemeOverlay.AppCompat.Light" />
    <entry id="0x7f1102a4" name="ThemeOverlay.Design.TextInputEditText" />
    <entry id="0x7f1102a5" name="ThemeOverlay.Material3" />
    <entry id="0x7f1102a6" name="ThemeOverlay.Material3.ActionBar" />
    <entry id="0x7f1102a7" name="ThemeOverlay.Material3.AutoCompleteTextView" />
    <entry id="0x7f1102a8" name="ThemeOverlay.Material3.AutoCompleteTextView.FilledBox" />
    <entry id="0x7f1102a9" name="ThemeOverlay.Material3.AutoCompleteTextView.FilledBox.Dense" />
    <entry id="0x7f1102aa" name="ThemeOverlay.Material3.AutoCompleteTextView.OutlinedBox" />
    <entry id="0x7f1102ab" name="ThemeOverlay.Material3.AutoCompleteTextView.OutlinedBox.Dense" />
    <entry id="0x7f1102ac" name="ThemeOverlay.Material3.BottomAppBar" />
    <entry id="0x7f1102ad" name="ThemeOverlay.Material3.BottomAppBar.Legacy" />
    <entry id="0x7f1102ae" name="ThemeOverlay.Material3.BottomSheetDialog" />
    <entry id="0x7f1102af" name="ThemeOverlay.Material3.Button" />
    <entry id="0x7f1102b0" name="ThemeOverlay.Material3.Button.ElevatedButton" />
    <entry id="0x7f1102b1" name="ThemeOverlay.Material3.Button.IconButton" />
    <entry id="0x7f1102b2" name="ThemeOverlay.Material3.Button.IconButton.Filled" />
    <entry id="0x7f1102b3" name="ThemeOverlay.Material3.Button.IconButton.Filled.Tonal" />
    <entry id="0x7f1102b4" name="ThemeOverlay.Material3.Button.TextButton" />
    <entry id="0x7f1102b5" name="ThemeOverlay.Material3.Button.TextButton.Snackbar" />
    <entry id="0x7f1102b6" name="ThemeOverlay.Material3.Button.TonalButton" />
    <entry id="0x7f1102b7" name="ThemeOverlay.Material3.Chip" />
    <entry id="0x7f1102b8" name="ThemeOverlay.Material3.Chip.Assist" />
    <entry id="0x7f1102b9" name="ThemeOverlay.Material3.Dark" />
    <entry id="0x7f1102ba" name="ThemeOverlay.Material3.Dark.ActionBar" />
    <entry id="0x7f1102bb" name="ThemeOverlay.Material3.DayNight.BottomSheetDialog" />
    <entry id="0x7f1102bc" name="ThemeOverlay.Material3.DayNight.SideSheetDialog" />
    <entry id="0x7f1102bd" name="ThemeOverlay.Material3.Dialog" />
    <entry id="0x7f1102be" name="ThemeOverlay.Material3.Dialog.Alert" />
    <entry id="0x7f1102bf" name="ThemeOverlay.Material3.Dialog.Alert.Framework" />
    <entry id="0x7f1102c0" name="ThemeOverlay.Material3.DynamicColors.Dark" />
    <entry id="0x7f1102c1" name="ThemeOverlay.Material3.DynamicColors.DayNight" />
    <entry id="0x7f1102c2" name="ThemeOverlay.Material3.DynamicColors.Light" />
    <entry id="0x7f1102c3" name="ThemeOverlay.Material3.ExtendedFloatingActionButton.Primary" />
    <entry id="0x7f1102c4" name="ThemeOverlay.Material3.ExtendedFloatingActionButton.Secondary" />
    <entry id="0x7f1102c5" name="ThemeOverlay.Material3.ExtendedFloatingActionButton.Surface" />
    <entry id="0x7f1102c6" name="ThemeOverlay.Material3.ExtendedFloatingActionButton.Tertiary" />
    <entry id="0x7f1102c7" name="ThemeOverlay.Material3.FloatingActionButton.Primary" />
    <entry id="0x7f1102c8" name="ThemeOverlay.Material3.FloatingActionButton.Secondary" />
    <entry id="0x7f1102c9" name="ThemeOverlay.Material3.FloatingActionButton.Surface" />
    <entry id="0x7f1102ca" name="ThemeOverlay.Material3.FloatingActionButton.Tertiary" />
    <entry id="0x7f1102cb" name="ThemeOverlay.Material3.HarmonizedColors" />
    <entry id="0x7f1102cc" name="ThemeOverlay.Material3.HarmonizedColors.Empty" />
    <entry id="0x7f1102cd" name="ThemeOverlay.Material3.Light" />
    <entry id="0x7f1102ce" name="ThemeOverlay.Material3.Light.Dialog.Alert.Framework" />
    <entry id="0x7f1102cf" name="ThemeOverlay.Material3.MaterialAlertDialog" />
    <entry id="0x7f1102d0" name="ThemeOverlay.Material3.MaterialAlertDialog.Centered" />
    <entry id="0x7f1102d1" name="ThemeOverlay.Material3.MaterialCalendar" />
    <entry id="0x7f1102d2" name="ThemeOverlay.Material3.MaterialCalendar.Fullscreen" />
    <entry id="0x7f1102d3" name="ThemeOverlay.Material3.MaterialCalendar.HeaderCancelButton" />
    <entry id="0x7f1102d4" name="ThemeOverlay.Material3.MaterialTimePicker" />
    <entry id="0x7f1102d5" name="ThemeOverlay.Material3.MaterialTimePicker.Display.TextInputEditText" />
    <entry id="0x7f1102d6" name="ThemeOverlay.Material3.NavigationView" />
    <entry id="0x7f1102d7" name="ThemeOverlay.Material3.PersonalizedColors" />
    <entry id="0x7f1102d8" name="ThemeOverlay.Material3.Search" />
    <entry id="0x7f1102d9" name="ThemeOverlay.Material3.SideSheetDialog" />
    <entry id="0x7f1102da" name="ThemeOverlay.Material3.Snackbar" />
    <entry id="0x7f1102db" name="ThemeOverlay.Material3.TextInputEditText" />
    <entry id="0x7f1102dc" name="ThemeOverlay.Material3.TextInputEditText.FilledBox" />
    <entry id="0x7f1102dd" name="ThemeOverlay.Material3.TextInputEditText.FilledBox.Dense" />
    <entry id="0x7f1102de" name="ThemeOverlay.Material3.TextInputEditText.OutlinedBox" />
    <entry id="0x7f1102df" name="ThemeOverlay.Material3.TextInputEditText.OutlinedBox.Dense" />
    <entry id="0x7f1102e0" name="ThemeOverlay.Material3.Toolbar.Surface" />
    <entry id="0x7f1102e1" name="ThemeOverlay.MaterialAlertDialog.Material3.Title.Icon" />
    <entry id="0x7f1102e2" name="ThemeOverlay.MaterialComponents" />
    <entry id="0x7f1102e3" name="ThemeOverlay.MaterialComponents.ActionBar" />
    <entry id="0x7f1102e4" name="ThemeOverlay.MaterialComponents.ActionBar.Primary" />
    <entry id="0x7f1102e5" name="ThemeOverlay.MaterialComponents.ActionBar.Surface" />
    <entry id="0x7f1102e6" name="ThemeOverlay.MaterialComponents.AutoCompleteTextView" />
    <entry id="0x7f1102e7" name="ThemeOverlay.MaterialComponents.AutoCompleteTextView.FilledBox" />
    <entry id="0x7f1102e8" name="ThemeOverlay.MaterialComponents.AutoCompleteTextView.FilledBox.Dense" />
    <entry id="0x7f1102e9" name="ThemeOverlay.MaterialComponents.AutoCompleteTextView.OutlinedBox" />
    <entry id="0x7f1102ea" name="ThemeOverlay.MaterialComponents.AutoCompleteTextView.OutlinedBox.Dense" />
    <entry id="0x7f1102eb" name="ThemeOverlay.MaterialComponents.BottomAppBar.Primary" />
    <entry id="0x7f1102ec" name="ThemeOverlay.MaterialComponents.BottomAppBar.Surface" />
    <entry id="0x7f1102ed" name="ThemeOverlay.MaterialComponents.BottomSheetDialog" />
    <entry id="0x7f1102ee" name="ThemeOverlay.MaterialComponents.Dark" />
    <entry id="0x7f1102ef" name="ThemeOverlay.MaterialComponents.Dark.ActionBar" />
    <entry id="0x7f1102f0" name="ThemeOverlay.MaterialComponents.DayNight.BottomSheetDialog" />
    <entry id="0x7f1102f1" name="ThemeOverlay.MaterialComponents.Dialog" />
    <entry id="0x7f1102f2" name="ThemeOverlay.MaterialComponents.Dialog.Alert" />
    <entry id="0x7f1102f3" name="ThemeOverlay.MaterialComponents.Dialog.Alert.Framework" />
    <entry id="0x7f1102f4" name="ThemeOverlay.MaterialComponents.Light" />
    <entry id="0x7f1102f5" name="ThemeOverlay.MaterialComponents.Light.Dialog.Alert.Framework" />
    <entry id="0x7f1102f6" name="ThemeOverlay.MaterialComponents.MaterialAlertDialog" />
    <entry id="0x7f1102f7" name="ThemeOverlay.MaterialComponents.MaterialAlertDialog.Centered" />
    <entry id="0x7f1102f8" name="ThemeOverlay.MaterialComponents.MaterialAlertDialog.Picker.Date" />
    <entry id="0x7f1102f9" name="ThemeOverlay.MaterialComponents.MaterialAlertDialog.Picker.Date.Calendar" />
    <entry id="0x7f1102fa" name="ThemeOverlay.MaterialComponents.MaterialAlertDialog.Picker.Date.Header.Text" />
    <entry id="0x7f1102fb" name="ThemeOverlay.MaterialComponents.MaterialAlertDialog.Picker.Date.Header.Text.Day" />
    <entry id="0x7f1102fc" name="ThemeOverlay.MaterialComponents.MaterialAlertDialog.Picker.Date.Spinner" />
    <entry id="0x7f1102fd" name="ThemeOverlay.MaterialComponents.MaterialCalendar" />
    <entry id="0x7f1102fe" name="ThemeOverlay.MaterialComponents.MaterialCalendar.Fullscreen" />
    <entry id="0x7f1102ff" name="ThemeOverlay.MaterialComponents.TextInputEditText" />
    <entry id="0x7f110300" name="ThemeOverlay.MaterialComponents.TextInputEditText.FilledBox" />
    <entry id="0x7f110301" name="ThemeOverlay.MaterialComponents.TextInputEditText.FilledBox.Dense" />
    <entry id="0x7f110302" name="ThemeOverlay.MaterialComponents.TextInputEditText.OutlinedBox" />
    <entry id="0x7f110303" name="ThemeOverlay.MaterialComponents.TextInputEditText.OutlinedBox.Dense" />
    <entry id="0x7f110304" name="ThemeOverlay.MaterialComponents.TimePicker" />
    <entry id="0x7f110305" name="ThemeOverlay.MaterialComponents.TimePicker.Display" />
    <entry id="0x7f110306" name="ThemeOverlay.MaterialComponents.TimePicker.Display.TextInputEditText" />
    <entry id="0x7f110307" name="ThemeOverlay.MaterialComponents.Toolbar.Popup.Primary" />
    <entry id="0x7f110308" name="ThemeOverlay.MaterialComponents.Toolbar.Primary" />
    <entry id="0x7f110309" name="ThemeOverlay.MaterialComponents.Toolbar.Surface" />
    <entry id="0x7f11030a" name="ToolBarColorStyle" />
    <entry id="0x7f11030b" name="WelcomeTheme" />
    <entry id="0x7f11030c" name="Widget.AppCompat.ActionBar" />
    <entry id="0x7f11030d" name="Widget.AppCompat.ActionBar.Solid" />
    <entry id="0x7f11030e" name="Widget.AppCompat.ActionBar.TabBar" />
    <entry id="0x7f11030f" name="Widget.AppCompat.ActionBar.TabText" />
    <entry id="0x7f110310" name="Widget.AppCompat.ActionBar.TabView" />
    <entry id="0x7f110311" name="Widget.AppCompat.ActionButton" />
    <entry id="0x7f110312" name="Widget.AppCompat.ActionButton.CloseMode" />
    <entry id="0x7f110313" name="Widget.AppCompat.ActionButton.Overflow" />
    <entry id="0x7f110314" name="Widget.AppCompat.ActionMode" />
    <entry id="0x7f110315" name="Widget.AppCompat.ActivityChooserView" />
    <entry id="0x7f110316" name="Widget.AppCompat.AutoCompleteTextView" />
    <entry id="0x7f110317" name="Widget.AppCompat.Button" />
    <entry id="0x7f110318" name="Widget.AppCompat.Button.Borderless" />
    <entry id="0x7f110319" name="Widget.AppCompat.Button.Borderless.Colored" />
    <entry id="0x7f11031a" name="Widget.AppCompat.Button.ButtonBar.AlertDialog" />
    <entry id="0x7f11031b" name="Widget.AppCompat.Button.Colored" />
    <entry id="0x7f11031c" name="Widget.AppCompat.Button.Small" />
    <entry id="0x7f11031d" name="Widget.AppCompat.ButtonBar" />
    <entry id="0x7f11031e" name="Widget.AppCompat.ButtonBar.AlertDialog" />
    <entry id="0x7f11031f" name="Widget.AppCompat.CompoundButton.CheckBox" />
    <entry id="0x7f110320" name="Widget.AppCompat.CompoundButton.RadioButton" />
    <entry id="0x7f110321" name="Widget.AppCompat.CompoundButton.Switch" />
    <entry id="0x7f110322" name="Widget.AppCompat.DrawerArrowToggle" />
    <entry id="0x7f110323" name="Widget.AppCompat.DropDownItem.Spinner" />
    <entry id="0x7f110324" name="Widget.AppCompat.EditText" />
    <entry id="0x7f110325" name="Widget.AppCompat.ImageButton" />
    <entry id="0x7f110326" name="Widget.AppCompat.Light.ActionBar" />
    <entry id="0x7f110327" name="Widget.AppCompat.Light.ActionBar.Solid" />
    <entry id="0x7f110328" name="Widget.AppCompat.Light.ActionBar.Solid.Inverse" />
    <entry id="0x7f110329" name="Widget.AppCompat.Light.ActionBar.TabBar" />
    <entry id="0x7f11032a" name="Widget.AppCompat.Light.ActionBar.TabBar.Inverse" />
    <entry id="0x7f11032b" name="Widget.AppCompat.Light.ActionBar.TabText" />
    <entry id="0x7f11032c" name="Widget.AppCompat.Light.ActionBar.TabText.Inverse" />
    <entry id="0x7f11032d" name="Widget.AppCompat.Light.ActionBar.TabView" />
    <entry id="0x7f11032e" name="Widget.AppCompat.Light.ActionBar.TabView.Inverse" />
    <entry id="0x7f11032f" name="Widget.AppCompat.Light.ActionButton" />
    <entry id="0x7f110330" name="Widget.AppCompat.Light.ActionButton.CloseMode" />
    <entry id="0x7f110331" name="Widget.AppCompat.Light.ActionButton.Overflow" />
    <entry id="0x7f110332" name="Widget.AppCompat.Light.ActionMode.Inverse" />
    <entry id="0x7f110333" name="Widget.AppCompat.Light.ActivityChooserView" />
    <entry id="0x7f110334" name="Widget.AppCompat.Light.AutoCompleteTextView" />
    <entry id="0x7f110335" name="Widget.AppCompat.Light.DropDownItem.Spinner" />
    <entry id="0x7f110336" name="Widget.AppCompat.Light.ListPopupWindow" />
    <entry id="0x7f110337" name="Widget.AppCompat.Light.ListView.DropDown" />
    <entry id="0x7f110338" name="Widget.AppCompat.Light.PopupMenu" />
    <entry id="0x7f110339" name="Widget.AppCompat.Light.PopupMenu.Overflow" />
    <entry id="0x7f11033a" name="Widget.AppCompat.Light.SearchView" />
    <entry id="0x7f11033b" name="Widget.AppCompat.Light.Spinner.DropDown.ActionBar" />
    <entry id="0x7f11033c" name="Widget.AppCompat.ListMenuView" />
    <entry id="0x7f11033d" name="Widget.AppCompat.ListPopupWindow" />
    <entry id="0x7f11033e" name="Widget.AppCompat.ListView" />
    <entry id="0x7f11033f" name="Widget.AppCompat.ListView.DropDown" />
    <entry id="0x7f110340" name="Widget.AppCompat.ListView.Menu" />
    <entry id="0x7f110341" name="Widget.AppCompat.PopupMenu" />
    <entry id="0x7f110342" name="Widget.AppCompat.PopupMenu.Overflow" />
    <entry id="0x7f110343" name="Widget.AppCompat.PopupWindow" />
    <entry id="0x7f110344" name="Widget.AppCompat.ProgressBar" />
    <entry id="0x7f110345" name="Widget.AppCompat.ProgressBar.Horizontal" />
    <entry id="0x7f110346" name="Widget.AppCompat.RatingBar" />
    <entry id="0x7f110347" name="Widget.AppCompat.RatingBar.Indicator" />
    <entry id="0x7f110348" name="Widget.AppCompat.RatingBar.Small" />
    <entry id="0x7f110349" name="Widget.AppCompat.SearchView" />
    <entry id="0x7f11034a" name="Widget.AppCompat.SearchView.ActionBar" />
    <entry id="0x7f11034b" name="Widget.AppCompat.SeekBar" />
    <entry id="0x7f11034c" name="Widget.AppCompat.SeekBar.Discrete" />
    <entry id="0x7f11034d" name="Widget.AppCompat.Spinner" />
    <entry id="0x7f11034e" name="Widget.AppCompat.Spinner.DropDown" />
    <entry id="0x7f11034f" name="Widget.AppCompat.Spinner.DropDown.ActionBar" />
    <entry id="0x7f110350" name="Widget.AppCompat.Spinner.Underlined" />
    <entry id="0x7f110351" name="Widget.AppCompat.TextView" />
    <entry id="0x7f110352" name="Widget.AppCompat.TextView.SpinnerItem" />
    <entry id="0x7f110353" name="Widget.AppCompat.Toolbar" />
    <entry id="0x7f110354" name="Widget.AppCompat.Toolbar.Button.Navigation" />
    <entry id="0x7f110355" name="Widget.Compat.NotificationActionContainer" />
    <entry id="0x7f110356" name="Widget.Compat.NotificationActionText" />
    <entry id="0x7f110357" name="Widget.Design.AppBarLayout" />
    <entry id="0x7f110358" name="Widget.Design.BottomNavigationView" />
    <entry id="0x7f110359" name="Widget.Design.BottomSheet.Modal" />
    <entry id="0x7f11035a" name="Widget.Design.CollapsingToolbar" />
    <entry id="0x7f11035b" name="Widget.Design.FloatingActionButton" />
    <entry id="0x7f11035c" name="Widget.Design.NavigationView" />
    <entry id="0x7f11035d" name="Widget.Design.ScrimInsetsFrameLayout" />
    <entry id="0x7f11035e" name="Widget.Design.Snackbar" />
    <entry id="0x7f11035f" name="Widget.Design.TabLayout" />
    <entry id="0x7f110360" name="Widget.Design.TextInputEditText" />
    <entry id="0x7f110361" name="Widget.Design.TextInputLayout" />
    <entry id="0x7f110362" name="Widget.Material3.ActionBar.Solid" />
    <entry id="0x7f110363" name="Widget.Material3.ActionMode" />
    <entry id="0x7f110364" name="Widget.Material3.AppBarLayout" />
    <entry id="0x7f110365" name="Widget.Material3.AutoCompleteTextView.FilledBox" />
    <entry id="0x7f110366" name="Widget.Material3.AutoCompleteTextView.FilledBox.Dense" />
    <entry id="0x7f110367" name="Widget.Material3.AutoCompleteTextView.OutlinedBox" />
    <entry id="0x7f110368" name="Widget.Material3.AutoCompleteTextView.OutlinedBox.Dense" />
    <entry id="0x7f110369" name="Widget.Material3.Badge" />
    <entry id="0x7f11036a" name="Widget.Material3.BottomAppBar" />
    <entry id="0x7f11036b" name="Widget.Material3.BottomAppBar.Button.Navigation" />
    <entry id="0x7f11036c" name="Widget.Material3.BottomAppBar.Legacy" />
    <entry id="0x7f11036d" name="Widget.Material3.BottomNavigationView" />
    <entry id="0x7f11036e" name="Widget.Material3.BottomNavigationView.ActiveIndicator" />
    <entry id="0x7f11036f" name="Widget.Material3.BottomSheet" />
    <entry id="0x7f110370" name="Widget.Material3.BottomSheet.DragHandle" />
    <entry id="0x7f110371" name="Widget.Material3.BottomSheet.Modal" />
    <entry id="0x7f110372" name="Widget.Material3.Button" />
    <entry id="0x7f110373" name="Widget.Material3.Button.ElevatedButton" />
    <entry id="0x7f110374" name="Widget.Material3.Button.ElevatedButton.Icon" />
    <entry id="0x7f110375" name="Widget.Material3.Button.Icon" />
    <entry id="0x7f110376" name="Widget.Material3.Button.IconButton" />
    <entry id="0x7f110377" name="Widget.Material3.Button.IconButton.Filled" />
    <entry id="0x7f110378" name="Widget.Material3.Button.IconButton.Filled.Tonal" />
    <entry id="0x7f110379" name="Widget.Material3.Button.IconButton.Outlined" />
    <entry id="0x7f11037a" name="Widget.Material3.Button.OutlinedButton" />
    <entry id="0x7f11037b" name="Widget.Material3.Button.OutlinedButton.Icon" />
    <entry id="0x7f11037c" name="Widget.Material3.Button.TextButton" />
    <entry id="0x7f11037d" name="Widget.Material3.Button.TextButton.Dialog" />
    <entry id="0x7f11037e" name="Widget.Material3.Button.TextButton.Dialog.Flush" />
    <entry id="0x7f11037f" name="Widget.Material3.Button.TextButton.Dialog.Icon" />
    <entry id="0x7f110380" name="Widget.Material3.Button.TextButton.Icon" />
    <entry id="0x7f110381" name="Widget.Material3.Button.TextButton.Snackbar" />
    <entry id="0x7f110382" name="Widget.Material3.Button.TonalButton" />
    <entry id="0x7f110383" name="Widget.Material3.Button.TonalButton.Icon" />
    <entry id="0x7f110384" name="Widget.Material3.Button.UnelevatedButton" />
    <entry id="0x7f110385" name="Widget.Material3.CardView.Elevated" />
    <entry id="0x7f110386" name="Widget.Material3.CardView.Filled" />
    <entry id="0x7f110387" name="Widget.Material3.CardView.Outlined" />
    <entry id="0x7f110388" name="Widget.Material3.CheckedTextView" />
    <entry id="0x7f110389" name="Widget.Material3.Chip.Assist" />
    <entry id="0x7f11038a" name="Widget.Material3.Chip.Assist.Elevated" />
    <entry id="0x7f11038b" name="Widget.Material3.Chip.Filter" />
    <entry id="0x7f11038c" name="Widget.Material3.Chip.Filter.Elevated" />
    <entry id="0x7f11038d" name="Widget.Material3.Chip.Input" />
    <entry id="0x7f11038e" name="Widget.Material3.Chip.Input.Elevated" />
    <entry id="0x7f11038f" name="Widget.Material3.Chip.Input.Icon" />
    <entry id="0x7f110390" name="Widget.Material3.Chip.Input.Icon.Elevated" />
    <entry id="0x7f110391" name="Widget.Material3.Chip.Suggestion" />
    <entry id="0x7f110392" name="Widget.Material3.Chip.Suggestion.Elevated" />
    <entry id="0x7f110393" name="Widget.Material3.ChipGroup" />
    <entry id="0x7f110394" name="Widget.Material3.CircularProgressIndicator" />
    <entry id="0x7f110395" name="Widget.Material3.CircularProgressIndicator.ExtraSmall" />
    <entry id="0x7f110396" name="Widget.Material3.CircularProgressIndicator.Medium" />
    <entry id="0x7f110397" name="Widget.Material3.CircularProgressIndicator.Small" />
    <entry id="0x7f110398" name="Widget.Material3.CollapsingToolbar" />
    <entry id="0x7f110399" name="Widget.Material3.CollapsingToolbar.Large" />
    <entry id="0x7f11039a" name="Widget.Material3.CollapsingToolbar.Medium" />
    <entry id="0x7f11039b" name="Widget.Material3.CompoundButton.CheckBox" />
    <entry id="0x7f11039c" name="Widget.Material3.CompoundButton.MaterialSwitch" />
    <entry id="0x7f11039d" name="Widget.Material3.CompoundButton.RadioButton" />
    <entry id="0x7f11039e" name="Widget.Material3.CompoundButton.Switch" />
    <entry id="0x7f11039f" name="Widget.Material3.DrawerLayout" />
    <entry id="0x7f1103a0" name="Widget.Material3.ExtendedFloatingActionButton.Icon.Primary" />
    <entry id="0x7f1103a1" name="Widget.Material3.ExtendedFloatingActionButton.Icon.Secondary" />
    <entry id="0x7f1103a2" name="Widget.Material3.ExtendedFloatingActionButton.Icon.Surface" />
    <entry id="0x7f1103a3" name="Widget.Material3.ExtendedFloatingActionButton.Icon.Tertiary" />
    <entry id="0x7f1103a4" name="Widget.Material3.ExtendedFloatingActionButton.Primary" />
    <entry id="0x7f1103a5" name="Widget.Material3.ExtendedFloatingActionButton.Secondary" />
    <entry id="0x7f1103a6" name="Widget.Material3.ExtendedFloatingActionButton.Surface" />
    <entry id="0x7f1103a7" name="Widget.Material3.ExtendedFloatingActionButton.Tertiary" />
    <entry id="0x7f1103a8" name="Widget.Material3.FloatingActionButton.Large.Primary" />
    <entry id="0x7f1103a9" name="Widget.Material3.FloatingActionButton.Large.Secondary" />
    <entry id="0x7f1103aa" name="Widget.Material3.FloatingActionButton.Large.Surface" />
    <entry id="0x7f1103ab" name="Widget.Material3.FloatingActionButton.Large.Tertiary" />
    <entry id="0x7f1103ac" name="Widget.Material3.FloatingActionButton.Primary" />
    <entry id="0x7f1103ad" name="Widget.Material3.FloatingActionButton.Secondary" />
    <entry id="0x7f1103ae" name="Widget.Material3.FloatingActionButton.Small.Primary" />
    <entry id="0x7f1103af" name="Widget.Material3.FloatingActionButton.Small.Secondary" />
    <entry id="0x7f1103b0" name="Widget.Material3.FloatingActionButton.Small.Surface" />
    <entry id="0x7f1103b1" name="Widget.Material3.FloatingActionButton.Small.Tertiary" />
    <entry id="0x7f1103b2" name="Widget.Material3.FloatingActionButton.Surface" />
    <entry id="0x7f1103b3" name="Widget.Material3.FloatingActionButton.Tertiary" />
    <entry id="0x7f1103b4" name="Widget.Material3.Light.ActionBar.Solid" />
    <entry id="0x7f1103b5" name="Widget.Material3.LinearProgressIndicator" />
    <entry id="0x7f1103b6" name="Widget.Material3.MaterialButtonToggleGroup" />
    <entry id="0x7f1103b7" name="Widget.Material3.MaterialCalendar" />
    <entry id="0x7f1103b8" name="Widget.Material3.MaterialCalendar.Day" />
    <entry id="0x7f1103b9" name="Widget.Material3.MaterialCalendar.Day.Invalid" />
    <entry id="0x7f1103ba" name="Widget.Material3.MaterialCalendar.Day.Selected" />
    <entry id="0x7f1103bb" name="Widget.Material3.MaterialCalendar.Day.Today" />
    <entry id="0x7f1103bc" name="Widget.Material3.MaterialCalendar.DayOfWeekLabel" />
    <entry id="0x7f1103bd" name="Widget.Material3.MaterialCalendar.DayTextView" />
    <entry id="0x7f1103be" name="Widget.Material3.MaterialCalendar.Fullscreen" />
    <entry id="0x7f1103bf" name="Widget.Material3.MaterialCalendar.HeaderCancelButton" />
    <entry id="0x7f1103c0" name="Widget.Material3.MaterialCalendar.HeaderDivider" />
    <entry id="0x7f1103c1" name="Widget.Material3.MaterialCalendar.HeaderLayout" />
    <entry id="0x7f1103c2" name="Widget.Material3.MaterialCalendar.HeaderLayout.Fullscreen" />
    <entry id="0x7f1103c3" name="Widget.Material3.MaterialCalendar.HeaderSelection" />
    <entry id="0x7f1103c4" name="Widget.Material3.MaterialCalendar.HeaderSelection.Fullscreen" />
    <entry id="0x7f1103c5" name="Widget.Material3.MaterialCalendar.HeaderTitle" />
    <entry id="0x7f1103c6" name="Widget.Material3.MaterialCalendar.HeaderToggleButton" />
    <entry id="0x7f1103c7" name="Widget.Material3.MaterialCalendar.Item" />
    <entry id="0x7f1103c8" name="Widget.Material3.MaterialCalendar.MonthNavigationButton" />
    <entry id="0x7f1103c9" name="Widget.Material3.MaterialCalendar.MonthTextView" />
    <entry id="0x7f1103ca" name="Widget.Material3.MaterialCalendar.Year" />
    <entry id="0x7f1103cb" name="Widget.Material3.MaterialCalendar.Year.Selected" />
    <entry id="0x7f1103cc" name="Widget.Material3.MaterialCalendar.Year.Today" />
    <entry id="0x7f1103cd" name="Widget.Material3.MaterialCalendar.YearNavigationButton" />
    <entry id="0x7f1103ce" name="Widget.Material3.MaterialDivider" />
    <entry id="0x7f1103cf" name="Widget.Material3.MaterialDivider.Heavy" />
    <entry id="0x7f1103d0" name="Widget.Material3.MaterialTimePicker" />
    <entry id="0x7f1103d1" name="Widget.Material3.MaterialTimePicker.Button" />
    <entry id="0x7f1103d2" name="Widget.Material3.MaterialTimePicker.Clock" />
    <entry id="0x7f1103d3" name="Widget.Material3.MaterialTimePicker.Display" />
    <entry id="0x7f1103d4" name="Widget.Material3.MaterialTimePicker.Display.Divider" />
    <entry id="0x7f1103d5" name="Widget.Material3.MaterialTimePicker.Display.HelperText" />
    <entry id="0x7f1103d6" name="Widget.Material3.MaterialTimePicker.Display.TextInputEditText" />
    <entry id="0x7f1103d7" name="Widget.Material3.MaterialTimePicker.Display.TextInputLayout" />
    <entry id="0x7f1103d8" name="Widget.Material3.MaterialTimePicker.ImageButton" />
    <entry id="0x7f1103d9" name="Widget.Material3.NavigationRailView" />
    <entry id="0x7f1103da" name="Widget.Material3.NavigationRailView.ActiveIndicator" />
    <entry id="0x7f1103db" name="Widget.Material3.NavigationView" />
    <entry id="0x7f1103dc" name="Widget.Material3.PopupMenu" />
    <entry id="0x7f1103dd" name="Widget.Material3.PopupMenu.ContextMenu" />
    <entry id="0x7f1103de" name="Widget.Material3.PopupMenu.ListPopupWindow" />
    <entry id="0x7f1103df" name="Widget.Material3.PopupMenu.Overflow" />
    <entry id="0x7f1103e0" name="Widget.Material3.Search.ActionButton.Overflow" />
    <entry id="0x7f1103e1" name="Widget.Material3.Search.Toolbar.Button.Navigation" />
    <entry id="0x7f1103e2" name="Widget.Material3.SearchBar" />
    <entry id="0x7f1103e3" name="Widget.Material3.SearchBar.Outlined" />
    <entry id="0x7f1103e4" name="Widget.Material3.SearchView" />
    <entry id="0x7f1103e5" name="Widget.Material3.SearchView.Prefix" />
    <entry id="0x7f1103e6" name="Widget.Material3.SearchView.Toolbar" />
    <entry id="0x7f1103e7" name="Widget.Material3.SideSheet" />
    <entry id="0x7f1103e8" name="Widget.Material3.SideSheet.Detached" />
    <entry id="0x7f1103e9" name="Widget.Material3.SideSheet.Modal" />
    <entry id="0x7f1103ea" name="Widget.Material3.SideSheet.Modal.Detached" />
    <entry id="0x7f1103eb" name="Widget.Material3.Slider" />
    <entry id="0x7f1103ec" name="Widget.Material3.Slider.Label" />
    <entry id="0x7f1103ed" name="Widget.Material3.Snackbar" />
    <entry id="0x7f1103ee" name="Widget.Material3.Snackbar.FullWidth" />
    <entry id="0x7f1103ef" name="Widget.Material3.Snackbar.TextView" />
    <entry id="0x7f1103f0" name="Widget.Material3.TabLayout" />
    <entry id="0x7f1103f1" name="Widget.Material3.TabLayout.OnSurface" />
    <entry id="0x7f1103f2" name="Widget.Material3.TabLayout.Secondary" />
    <entry id="0x7f1103f3" name="Widget.Material3.TextInputEditText.FilledBox" />
    <entry id="0x7f1103f4" name="Widget.Material3.TextInputEditText.FilledBox.Dense" />
    <entry id="0x7f1103f5" name="Widget.Material3.TextInputEditText.OutlinedBox" />
    <entry id="0x7f1103f6" name="Widget.Material3.TextInputEditText.OutlinedBox.Dense" />
    <entry id="0x7f1103f7" name="Widget.Material3.TextInputLayout.FilledBox" />
    <entry id="0x7f1103f8" name="Widget.Material3.TextInputLayout.FilledBox.Dense" />
    <entry id="0x7f1103f9" name="Widget.Material3.TextInputLayout.FilledBox.Dense.ExposedDropdownMenu" />
    <entry id="0x7f1103fa" name="Widget.Material3.TextInputLayout.FilledBox.ExposedDropdownMenu" />
    <entry id="0x7f1103fb" name="Widget.Material3.TextInputLayout.OutlinedBox" />
    <entry id="0x7f1103fc" name="Widget.Material3.TextInputLayout.OutlinedBox.Dense" />
    <entry id="0x7f1103fd" name="Widget.Material3.TextInputLayout.OutlinedBox.Dense.ExposedDropdownMenu" />
    <entry id="0x7f1103fe" name="Widget.Material3.TextInputLayout.OutlinedBox.ExposedDropdownMenu" />
    <entry id="0x7f1103ff" name="Widget.Material3.Toolbar" />
    <entry id="0x7f110400" name="Widget.Material3.Toolbar.OnSurface" />
    <entry id="0x7f110401" name="Widget.Material3.Toolbar.Surface" />
    <entry id="0x7f110402" name="Widget.Material3.Tooltip" />
    <entry id="0x7f110403" name="Widget.MaterialComponents.ActionBar.Primary" />
    <entry id="0x7f110404" name="Widget.MaterialComponents.ActionBar.PrimarySurface" />
    <entry id="0x7f110405" name="Widget.MaterialComponents.ActionBar.Solid" />
    <entry id="0x7f110406" name="Widget.MaterialComponents.ActionBar.Surface" />
    <entry id="0x7f110407" name="Widget.MaterialComponents.ActionMode" />
    <entry id="0x7f110408" name="Widget.MaterialComponents.AppBarLayout.Primary" />
    <entry id="0x7f110409" name="Widget.MaterialComponents.AppBarLayout.PrimarySurface" />
    <entry id="0x7f11040a" name="Widget.MaterialComponents.AppBarLayout.Surface" />
    <entry id="0x7f11040b" name="Widget.MaterialComponents.AutoCompleteTextView.FilledBox" />
    <entry id="0x7f11040c" name="Widget.MaterialComponents.AutoCompleteTextView.FilledBox.Dense" />
    <entry id="0x7f11040d" name="Widget.MaterialComponents.AutoCompleteTextView.OutlinedBox" />
    <entry id="0x7f11040e" name="Widget.MaterialComponents.AutoCompleteTextView.OutlinedBox.Dense" />
    <entry id="0x7f11040f" name="Widget.MaterialComponents.Badge" />
    <entry id="0x7f110410" name="Widget.MaterialComponents.BottomAppBar" />
    <entry id="0x7f110411" name="Widget.MaterialComponents.BottomAppBar.Colored" />
    <entry id="0x7f110412" name="Widget.MaterialComponents.BottomAppBar.PrimarySurface" />
    <entry id="0x7f110413" name="Widget.MaterialComponents.BottomNavigationView" />
    <entry id="0x7f110414" name="Widget.MaterialComponents.BottomNavigationView.Colored" />
    <entry id="0x7f110415" name="Widget.MaterialComponents.BottomNavigationView.PrimarySurface" />
    <entry id="0x7f110416" name="Widget.MaterialComponents.BottomSheet" />
    <entry id="0x7f110417" name="Widget.MaterialComponents.BottomSheet.Modal" />
    <entry id="0x7f110418" name="Widget.MaterialComponents.Button" />
    <entry id="0x7f110419" name="Widget.MaterialComponents.Button.Icon" />
    <entry id="0x7f11041a" name="Widget.MaterialComponents.Button.OutlinedButton" />
    <entry id="0x7f11041b" name="Widget.MaterialComponents.Button.OutlinedButton.Icon" />
    <entry id="0x7f11041c" name="Widget.MaterialComponents.Button.TextButton" />
    <entry id="0x7f11041d" name="Widget.MaterialComponents.Button.TextButton.Dialog" />
    <entry id="0x7f11041e" name="Widget.MaterialComponents.Button.TextButton.Dialog.Flush" />
    <entry id="0x7f11041f" name="Widget.MaterialComponents.Button.TextButton.Dialog.Icon" />
    <entry id="0x7f110420" name="Widget.MaterialComponents.Button.TextButton.Icon" />
    <entry id="0x7f110421" name="Widget.MaterialComponents.Button.TextButton.Snackbar" />
    <entry id="0x7f110422" name="Widget.MaterialComponents.Button.UnelevatedButton" />
    <entry id="0x7f110423" name="Widget.MaterialComponents.Button.UnelevatedButton.Icon" />
    <entry id="0x7f110424" name="Widget.MaterialComponents.CardView" />
    <entry id="0x7f110425" name="Widget.MaterialComponents.CheckedTextView" />
    <entry id="0x7f110426" name="Widget.MaterialComponents.Chip.Action" />
    <entry id="0x7f110427" name="Widget.MaterialComponents.Chip.Choice" />
    <entry id="0x7f110428" name="Widget.MaterialComponents.Chip.Entry" />
    <entry id="0x7f110429" name="Widget.MaterialComponents.Chip.Filter" />
    <entry id="0x7f11042a" name="Widget.MaterialComponents.ChipGroup" />
    <entry id="0x7f11042b" name="Widget.MaterialComponents.CircularProgressIndicator" />
    <entry id="0x7f11042c" name="Widget.MaterialComponents.CircularProgressIndicator.ExtraSmall" />
    <entry id="0x7f11042d" name="Widget.MaterialComponents.CircularProgressIndicator.Medium" />
    <entry id="0x7f11042e" name="Widget.MaterialComponents.CircularProgressIndicator.Small" />
    <entry id="0x7f11042f" name="Widget.MaterialComponents.CollapsingToolbar" />
    <entry id="0x7f110430" name="Widget.MaterialComponents.CompoundButton.CheckBox" />
    <entry id="0x7f110431" name="Widget.MaterialComponents.CompoundButton.RadioButton" />
    <entry id="0x7f110432" name="Widget.MaterialComponents.CompoundButton.Switch" />
    <entry id="0x7f110433" name="Widget.MaterialComponents.ExtendedFloatingActionButton" />
    <entry id="0x7f110434" name="Widget.MaterialComponents.ExtendedFloatingActionButton.Icon" />
    <entry id="0x7f110435" name="Widget.MaterialComponents.FloatingActionButton" />
    <entry id="0x7f110436" name="Widget.MaterialComponents.Light.ActionBar.Solid" />
    <entry id="0x7f110437" name="Widget.MaterialComponents.LinearProgressIndicator" />
    <entry id="0x7f110438" name="Widget.MaterialComponents.MaterialButtonToggleGroup" />
    <entry id="0x7f110439" name="Widget.MaterialComponents.MaterialCalendar" />
    <entry id="0x7f11043a" name="Widget.MaterialComponents.MaterialCalendar.Day" />
    <entry id="0x7f11043b" name="Widget.MaterialComponents.MaterialCalendar.Day.Invalid" />
    <entry id="0x7f11043c" name="Widget.MaterialComponents.MaterialCalendar.Day.Selected" />
    <entry id="0x7f11043d" name="Widget.MaterialComponents.MaterialCalendar.Day.Today" />
    <entry id="0x7f11043e" name="Widget.MaterialComponents.MaterialCalendar.DayOfWeekLabel" />
    <entry id="0x7f11043f" name="Widget.MaterialComponents.MaterialCalendar.DayTextView" />
    <entry id="0x7f110440" name="Widget.MaterialComponents.MaterialCalendar.Fullscreen" />
    <entry id="0x7f110441" name="Widget.MaterialComponents.MaterialCalendar.HeaderCancelButton" />
    <entry id="0x7f110442" name="Widget.MaterialComponents.MaterialCalendar.HeaderConfirmButton" />
    <entry id="0x7f110443" name="Widget.MaterialComponents.MaterialCalendar.HeaderDivider" />
    <entry id="0x7f110444" name="Widget.MaterialComponents.MaterialCalendar.HeaderLayout" />
    <entry id="0x7f110445" name="Widget.MaterialComponents.MaterialCalendar.HeaderLayout.Fullscreen" />
    <entry id="0x7f110446" name="Widget.MaterialComponents.MaterialCalendar.HeaderSelection" />
    <entry id="0x7f110447" name="Widget.MaterialComponents.MaterialCalendar.HeaderSelection.Fullscreen" />
    <entry id="0x7f110448" name="Widget.MaterialComponents.MaterialCalendar.HeaderTitle" />
    <entry id="0x7f110449" name="Widget.MaterialComponents.MaterialCalendar.HeaderToggleButton" />
    <entry id="0x7f11044a" name="Widget.MaterialComponents.MaterialCalendar.Item" />
    <entry id="0x7f11044b" name="Widget.MaterialComponents.MaterialCalendar.MonthNavigationButton" />
    <entry id="0x7f11044c" name="Widget.MaterialComponents.MaterialCalendar.MonthTextView" />
    <entry id="0x7f11044d" name="Widget.MaterialComponents.MaterialCalendar.Year" />
    <entry id="0x7f11044e" name="Widget.MaterialComponents.MaterialCalendar.Year.Selected" />
    <entry id="0x7f11044f" name="Widget.MaterialComponents.MaterialCalendar.Year.Today" />
    <entry id="0x7f110450" name="Widget.MaterialComponents.MaterialCalendar.YearNavigationButton" />
    <entry id="0x7f110451" name="Widget.MaterialComponents.MaterialDivider" />
    <entry id="0x7f110452" name="Widget.MaterialComponents.NavigationRailView" />
    <entry id="0x7f110453" name="Widget.MaterialComponents.NavigationRailView.Colored" />
    <entry id="0x7f110454" name="Widget.MaterialComponents.NavigationRailView.Colored.Compact" />
    <entry id="0x7f110455" name="Widget.MaterialComponents.NavigationRailView.Compact" />
    <entry id="0x7f110456" name="Widget.MaterialComponents.NavigationRailView.PrimarySurface" />
    <entry id="0x7f110457" name="Widget.MaterialComponents.NavigationView" />
    <entry id="0x7f110458" name="Widget.MaterialComponents.PopupMenu" />
    <entry id="0x7f110459" name="Widget.MaterialComponents.PopupMenu.ContextMenu" />
    <entry id="0x7f11045a" name="Widget.MaterialComponents.PopupMenu.ListPopupWindow" />
    <entry id="0x7f11045b" name="Widget.MaterialComponents.PopupMenu.Overflow" />
    <entry id="0x7f11045c" name="Widget.MaterialComponents.ProgressIndicator" />
    <entry id="0x7f11045d" name="Widget.MaterialComponents.ShapeableImageView" />
    <entry id="0x7f11045e" name="Widget.MaterialComponents.Slider" />
    <entry id="0x7f11045f" name="Widget.MaterialComponents.Snackbar" />
    <entry id="0x7f110460" name="Widget.MaterialComponents.Snackbar.FullWidth" />
    <entry id="0x7f110461" name="Widget.MaterialComponents.Snackbar.TextView" />
    <entry id="0x7f110462" name="Widget.MaterialComponents.TabLayout" />
    <entry id="0x7f110463" name="Widget.MaterialComponents.TabLayout.Colored" />
    <entry id="0x7f110464" name="Widget.MaterialComponents.TabLayout.PrimarySurface" />
    <entry id="0x7f110465" name="Widget.MaterialComponents.TextInputEditText.FilledBox" />
    <entry id="0x7f110466" name="Widget.MaterialComponents.TextInputEditText.FilledBox.Dense" />
    <entry id="0x7f110467" name="Widget.MaterialComponents.TextInputEditText.OutlinedBox" />
    <entry id="0x7f110468" name="Widget.MaterialComponents.TextInputEditText.OutlinedBox.Dense" />
    <entry id="0x7f110469" name="Widget.MaterialComponents.TextInputLayout.FilledBox" />
    <entry id="0x7f11046a" name="Widget.MaterialComponents.TextInputLayout.FilledBox.Dense" />
    <entry id="0x7f11046b" name="Widget.MaterialComponents.TextInputLayout.FilledBox.Dense.ExposedDropdownMenu" />
    <entry id="0x7f11046c" name="Widget.MaterialComponents.TextInputLayout.FilledBox.ExposedDropdownMenu" />
    <entry id="0x7f11046d" name="Widget.MaterialComponents.TextInputLayout.OutlinedBox" />
    <entry id="0x7f11046e" name="Widget.MaterialComponents.TextInputLayout.OutlinedBox.Dense" />
    <entry id="0x7f11046f" name="Widget.MaterialComponents.TextInputLayout.OutlinedBox.Dense.ExposedDropdownMenu" />
    <entry id="0x7f110470" name="Widget.MaterialComponents.TextInputLayout.OutlinedBox.ExposedDropdownMenu" />
    <entry id="0x7f110471" name="Widget.MaterialComponents.TextView" />
    <entry id="0x7f110472" name="Widget.MaterialComponents.TimePicker" />
    <entry id="0x7f110473" name="Widget.MaterialComponents.TimePicker.Button" />
    <entry id="0x7f110474" name="Widget.MaterialComponents.TimePicker.Clock" />
    <entry id="0x7f110475" name="Widget.MaterialComponents.TimePicker.Display" />
    <entry id="0x7f110476" name="Widget.MaterialComponents.TimePicker.Display.Divider" />
    <entry id="0x7f110477" name="Widget.MaterialComponents.TimePicker.Display.HelperText" />
    <entry id="0x7f110478" name="Widget.MaterialComponents.TimePicker.Display.TextInputEditText" />
    <entry id="0x7f110479" name="Widget.MaterialComponents.TimePicker.Display.TextInputLayout" />
    <entry id="0x7f11047a" name="Widget.MaterialComponents.TimePicker.ImageButton" />
    <entry id="0x7f11047b" name="Widget.MaterialComponents.TimePicker.ImageButton.ShapeAppearance" />
    <entry id="0x7f11047c" name="Widget.MaterialComponents.Toolbar" />
    <entry id="0x7f11047d" name="Widget.MaterialComponents.Toolbar.Primary" />
    <entry id="0x7f11047e" name="Widget.MaterialComponents.Toolbar.PrimarySurface" />
    <entry id="0x7f11047f" name="Widget.MaterialComponents.Toolbar.Surface" />
    <entry id="0x7f110480" name="Widget.MaterialComponents.Tooltip" />
    <entry id="0x7f110481" name="Widget.Support.CoordinatorLayout" />
    <entry id="0x7f110482" name="cart_dialog" />
</type>