<?xml version='1.0' encoding='utf-8' ?>
<type id="0x03" defaultPublic="true">
    <entry id="0x7f030000" name="SharedValue" />
    <entry id="0x7f030001" name="SharedValueId" />
    <entry id="0x7f030002" name="actionBarDivider" />
    <entry id="0x7f030003" name="actionBarItemBackground" />
    <entry id="0x7f030004" name="actionBarPopupTheme" />
    <entry id="0x7f030005" name="actionBarSize" />
    <entry id="0x7f030006" name="actionBarSplitStyle" />
    <entry id="0x7f030007" name="actionBarStyle" />
    <entry id="0x7f030008" name="actionBarTabBarStyle" />
    <entry id="0x7f030009" name="actionBarTabStyle" />
    <entry id="0x7f03000a" name="actionBarTabTextStyle" />
    <entry id="0x7f03000b" name="actionBarTheme" />
    <entry id="0x7f03000c" name="actionBarWidgetTheme" />
    <entry id="0x7f03000d" name="actionButtonStyle" />
    <entry id="0x7f03000e" name="actionDropDownStyle" />
    <entry id="0x7f03000f" name="actionLayout" />
    <entry id="0x7f030010" name="actionMenuTextAppearance" />
    <entry id="0x7f030011" name="actionMenuTextColor" />
    <entry id="0x7f030012" name="actionModeBackground" />
    <entry id="0x7f030013" name="actionModeCloseButtonStyle" />
    <entry id="0x7f030014" name="actionModeCloseContentDescription" />
    <entry id="0x7f030015" name="actionModeCloseDrawable" />
    <entry id="0x7f030016" name="actionModeCopyDrawable" />
    <entry id="0x7f030017" name="actionModeCutDrawable" />
    <entry id="0x7f030018" name="actionModeFindDrawable" />
    <entry id="0x7f030019" name="actionModePasteDrawable" />
    <entry id="0x7f03001a" name="actionModePopupWindowStyle" />
    <entry id="0x7f03001b" name="actionModeSelectAllDrawable" />
    <entry id="0x7f03001c" name="actionModeShareDrawable" />
    <entry id="0x7f03001d" name="actionModeSplitBackground" />
    <entry id="0x7f03001e" name="actionModeStyle" />
    <entry id="0x7f03001f" name="actionModeTheme" />
    <entry id="0x7f030020" name="actionModeWebSearchDrawable" />
    <entry id="0x7f030021" name="actionOverflowButtonStyle" />
    <entry id="0x7f030022" name="actionOverflowMenuStyle" />
    <entry id="0x7f030023" name="actionProviderClass" />
    <entry id="0x7f030024" name="actionTextColorAlpha" />
    <entry id="0x7f030025" name="actionViewClass" />
    <entry id="0x7f030026" name="activityAction" />
    <entry id="0x7f030027" name="activityChooserViewStyle" />
    <entry id="0x7f030028" name="activityName" />
    <entry id="0x7f030029" name="addElevationShadow" />
    <entry id="0x7f03002a" name="adjustable" />
    <entry id="0x7f03002b" name="alertDialogButtonGroupStyle" />
    <entry id="0x7f03002c" name="alertDialogCenterButtons" />
    <entry id="0x7f03002d" name="alertDialogStyle" />
    <entry id="0x7f03002e" name="alertDialogTheme" />
    <entry id="0x7f03002f" name="allowDividerAbove" />
    <entry id="0x7f030030" name="allowDividerAfterLastItem" />
    <entry id="0x7f030031" name="allowDividerBelow" />
    <entry id="0x7f030032" name="allowStacking" />
    <entry id="0x7f030033" name="alpha" />
    <entry id="0x7f030034" name="alphabeticModifiers" />
    <entry id="0x7f030035" name="altSrc" />
    <entry id="0x7f030036" name="alwaysExpand" />
    <entry id="0x7f030037" name="animateCircleAngleTo" />
    <entry id="0x7f030038" name="animateMenuItems" />
    <entry id="0x7f030039" name="animateNavigationIcon" />
    <entry id="0x7f03003a" name="animateRelativeTo" />
    <entry id="0x7f03003b" name="animationMode" />
    <entry id="0x7f03003c" name="appBarLayoutStyle" />
    <entry id="0x7f03003d" name="applyMotionScene" />
    <entry id="0x7f03003e" name="arcMode" />
    <entry id="0x7f03003f" name="arrowHeadLength" />
    <entry id="0x7f030040" name="arrowShaftLength" />
    <entry id="0x7f030041" name="attributeName" />
    <entry id="0x7f030042" name="autoCompleteMode" />
    <entry id="0x7f030043" name="autoCompleteTextViewStyle" />
    <entry id="0x7f030044" name="autoShowKeyboard" />
    <entry id="0x7f030045" name="autoSizeMaxTextSize" />
    <entry id="0x7f030046" name="autoSizeMinTextSize" />
    <entry id="0x7f030047" name="autoSizePresetSizes" />
    <entry id="0x7f030048" name="autoSizeStepGranularity" />
    <entry id="0x7f030049" name="autoSizeTextType" />
    <entry id="0x7f03004a" name="autoTransition" />
    <entry id="0x7f03004b" name="backIconAlpha" />
    <entry id="0x7f03004c" name="backIconTint" />
    <entry id="0x7f03004d" name="background" />
    <entry id="0x7f03004e" name="backgroundColor" />
    <entry id="0x7f03004f" name="backgroundInsetBottom" />
    <entry id="0x7f030050" name="backgroundInsetEnd" />
    <entry id="0x7f030051" name="backgroundInsetStart" />
    <entry id="0x7f030052" name="backgroundInsetTop" />
    <entry id="0x7f030053" name="backgroundOverlayColorAlpha" />
    <entry id="0x7f030054" name="backgroundSplit" />
    <entry id="0x7f030055" name="backgroundStacked" />
    <entry id="0x7f030056" name="backgroundTint" />
    <entry id="0x7f030057" name="backgroundTintMode" />
    <entry id="0x7f030058" name="badgeGravity" />
    <entry id="0x7f030059" name="badgeHeight" />
    <entry id="0x7f03005a" name="badgeRadius" />
    <entry id="0x7f03005b" name="badgeShapeAppearance" />
    <entry id="0x7f03005c" name="badgeShapeAppearanceOverlay" />
    <entry id="0x7f03005d" name="badgeStyle" />
    <entry id="0x7f03005e" name="badgeTextAppearance" />
    <entry id="0x7f03005f" name="badgeTextColor" />
    <entry id="0x7f030060" name="badgeWidePadding" />
    <entry id="0x7f030061" name="badgeWidth" />
    <entry id="0x7f030062" name="badgeWithTextHeight" />
    <entry id="0x7f030063" name="badgeWithTextRadius" />
    <entry id="0x7f030064" name="badgeWithTextShapeAppearance" />
    <entry id="0x7f030065" name="badgeWithTextShapeAppearanceOverlay" />
    <entry id="0x7f030066" name="badgeWithTextWidth" />
    <entry id="0x7f030067" name="barLength" />
    <entry id="0x7f030068" name="barrierAllowsGoneWidgets" />
    <entry id="0x7f030069" name="barrierDirection" />
    <entry id="0x7f03006a" name="barrierMargin" />
    <entry id="0x7f03006b" name="behavior_autoHide" />
    <entry id="0x7f03006c" name="behavior_autoShrink" />
    <entry id="0x7f03006d" name="behavior_draggable" />
    <entry id="0x7f03006e" name="behavior_expandedOffset" />
    <entry id="0x7f03006f" name="behavior_fitToContents" />
    <entry id="0x7f030070" name="behavior_halfExpandedRatio" />
    <entry id="0x7f030071" name="behavior_hideable" />
    <entry id="0x7f030072" name="behavior_overlapTop" />
    <entry id="0x7f030073" name="behavior_peekHeight" />
    <entry id="0x7f030074" name="behavior_saveFlags" />
    <entry id="0x7f030075" name="behavior_significantVelocityThreshold" />
    <entry id="0x7f030076" name="behavior_skipCollapsed" />
    <entry id="0x7f030077" name="bg_color" />
    <entry id="0x7f030078" name="blendSrc" />
    <entry id="0x7f030079" name="borderRound" />
    <entry id="0x7f03007a" name="borderRoundPercent" />
    <entry id="0x7f03007b" name="borderWidth" />
    <entry id="0x7f03007c" name="borderlessButtonStyle" />
    <entry id="0x7f03007d" name="bottomAppBarStyle" />
    <entry id="0x7f03007e" name="bottomInsetScrimEnabled" />
    <entry id="0x7f03007f" name="bottomNavigationStyle" />
    <entry id="0x7f030080" name="bottomSheetDialogTheme" />
    <entry id="0x7f030081" name="bottomSheetDragHandleStyle" />
    <entry id="0x7f030082" name="bottomSheetStyle" />
    <entry id="0x7f030083" name="boxBackgroundColor" />
    <entry id="0x7f030084" name="boxBackgroundMode" />
    <entry id="0x7f030085" name="boxCollapsedPaddingTop" />
    <entry id="0x7f030086" name="boxCornerRadiusBottomEnd" />
    <entry id="0x7f030087" name="boxCornerRadiusBottomStart" />
    <entry id="0x7f030088" name="boxCornerRadiusTopEnd" />
    <entry id="0x7f030089" name="boxCornerRadiusTopStart" />
    <entry id="0x7f03008a" name="boxStrokeColor" />
    <entry id="0x7f03008b" name="boxStrokeErrorColor" />
    <entry id="0x7f03008c" name="boxStrokeWidth" />
    <entry id="0x7f03008d" name="boxStrokeWidthFocused" />
    <entry id="0x7f03008e" name="brightness" />
    <entry id="0x7f03008f" name="buttonBarButtonStyle" />
    <entry id="0x7f030090" name="buttonBarNegativeButtonStyle" />
    <entry id="0x7f030091" name="buttonBarNeutralButtonStyle" />
    <entry id="0x7f030092" name="buttonBarPositiveButtonStyle" />
    <entry id="0x7f030093" name="buttonBarStyle" />
    <entry id="0x7f030094" name="buttonCompat" />
    <entry id="0x7f030095" name="buttonGravity" />
    <entry id="0x7f030096" name="buttonIcon" />
    <entry id="0x7f030097" name="buttonIconDimen" />
    <entry id="0x7f030098" name="buttonIconTint" />
    <entry id="0x7f030099" name="buttonIconTintMode" />
    <entry id="0x7f03009a" name="buttonPanelSideLayout" />
    <entry id="0x7f03009b" name="buttonStyle" />
    <entry id="0x7f03009c" name="buttonStyleSmall" />
    <entry id="0x7f03009d" name="buttonTint" />
    <entry id="0x7f03009e" name="buttonTintMode" />
    <entry id="0x7f03009f" name="cardBackgroundColor" />
    <entry id="0x7f0300a0" name="cardCornerRadius" />
    <entry id="0x7f0300a1" name="cardElevation" />
    <entry id="0x7f0300a2" name="cardForegroundColor" />
    <entry id="0x7f0300a3" name="cardMaxElevation" />
    <entry id="0x7f0300a4" name="cardPreventCornerOverlap" />
    <entry id="0x7f0300a5" name="cardUseCompatPadding" />
    <entry id="0x7f0300a6" name="cardViewStyle" />
    <entry id="0x7f0300a7" name="carousel_backwardTransition" />
    <entry id="0x7f0300a8" name="carousel_emptyViewsBehavior" />
    <entry id="0x7f0300a9" name="carousel_firstView" />
    <entry id="0x7f0300aa" name="carousel_forwardTransition" />
    <entry id="0x7f0300ab" name="carousel_infinite" />
    <entry id="0x7f0300ac" name="carousel_nextState" />
    <entry id="0x7f0300ad" name="carousel_previousState" />
    <entry id="0x7f0300ae" name="carousel_touchUpMode" />
    <entry id="0x7f0300af" name="carousel_touchUp_dampeningFactor" />
    <entry id="0x7f0300b0" name="carousel_touchUp_velocityThreshold" />
    <entry id="0x7f0300b1" name="centerIfNoTextEnabled" />
    <entry id="0x7f0300b2" name="chainUseRtl" />
    <entry id="0x7f0300b3" name="checkBoxPreferenceStyle" />
    <entry id="0x7f0300b4" name="checkMarkCompat" />
    <entry id="0x7f0300b5" name="checkMarkTint" />
    <entry id="0x7f0300b6" name="checkMarkTintMode" />
    <entry id="0x7f0300b7" name="checkboxStyle" />
    <entry id="0x7f0300b8" name="checkedButton" />
    <entry id="0x7f0300b9" name="checkedChip" />
    <entry id="0x7f0300ba" name="checkedIcon" />
    <entry id="0x7f0300bb" name="checkedIconEnabled" />
    <entry id="0x7f0300bc" name="checkedIconGravity" />
    <entry id="0x7f0300bd" name="checkedIconMargin" />
    <entry id="0x7f0300be" name="checkedIconSize" />
    <entry id="0x7f0300bf" name="checkedIconTint" />
    <entry id="0x7f0300c0" name="checkedIconVisible" />
    <entry id="0x7f0300c1" name="checkedState" />
    <entry id="0x7f0300c2" name="checkedTextViewStyle" />
    <entry id="0x7f0300c3" name="chipBackgroundColor" />
    <entry id="0x7f0300c4" name="chipCornerRadius" />
    <entry id="0x7f0300c5" name="chipEndPadding" />
    <entry id="0x7f0300c6" name="chipGroupStyle" />
    <entry id="0x7f0300c7" name="chipIcon" />
    <entry id="0x7f0300c8" name="chipIconEnabled" />
    <entry id="0x7f0300c9" name="chipIconSize" />
    <entry id="0x7f0300ca" name="chipIconTint" />
    <entry id="0x7f0300cb" name="chipIconVisible" />
    <entry id="0x7f0300cc" name="chipMinHeight" />
    <entry id="0x7f0300cd" name="chipMinTouchTargetSize" />
    <entry id="0x7f0300ce" name="chipSpacing" />
    <entry id="0x7f0300cf" name="chipSpacingHorizontal" />
    <entry id="0x7f0300d0" name="chipSpacingVertical" />
    <entry id="0x7f0300d1" name="chipStandaloneStyle" />
    <entry id="0x7f0300d2" name="chipStartPadding" />
    <entry id="0x7f0300d3" name="chipStrokeColor" />
    <entry id="0x7f0300d4" name="chipStrokeWidth" />
    <entry id="0x7f0300d5" name="chipStyle" />
    <entry id="0x7f0300d6" name="chipSurfaceColor" />
    <entry id="0x7f0300d7" name="circleRadius" />
    <entry id="0x7f0300d8" name="circularProgressIndicatorStyle" />
    <entry id="0x7f0300d9" name="circularflow_angles" />
    <entry id="0x7f0300da" name="circularflow_defaultAngle" />
    <entry id="0x7f0300db" name="circularflow_defaultRadius" />
    <entry id="0x7f0300dc" name="circularflow_radiusInDP" />
    <entry id="0x7f0300dd" name="circularflow_viewCenter" />
    <entry id="0x7f0300de" name="clearTop" />
    <entry id="0x7f0300df" name="clearsTag" />
    <entry id="0x7f0300e0" name="clickAction" />
    <entry id="0x7f0300e1" name="clockFaceBackgroundColor" />
    <entry id="0x7f0300e2" name="clockHandColor" />
    <entry id="0x7f0300e3" name="clockIcon" />
    <entry id="0x7f0300e4" name="clockNumberTextColor" />
    <entry id="0x7f0300e5" name="closeIcon" />
    <entry id="0x7f0300e6" name="closeIconEnabled" />
    <entry id="0x7f0300e7" name="closeIconEndPadding" />
    <entry id="0x7f0300e8" name="closeIconSize" />
    <entry id="0x7f0300e9" name="closeIconStartPadding" />
    <entry id="0x7f0300ea" name="closeIconTint" />
    <entry id="0x7f0300eb" name="closeIconVisible" />
    <entry id="0x7f0300ec" name="closeItemLayout" />
    <entry id="0x7f0300ed" name="collapseContentDescription" />
    <entry id="0x7f0300ee" name="collapseIcon" />
    <entry id="0x7f0300ef" name="collapsedSize" />
    <entry id="0x7f0300f0" name="collapsedTitleGravity" />
    <entry id="0x7f0300f1" name="collapsedTitleTextAppearance" />
    <entry id="0x7f0300f2" name="collapsedTitleTextColor" />
    <entry id="0x7f0300f3" name="collapsingToolbarLayoutLargeSize" />
    <entry id="0x7f0300f4" name="collapsingToolbarLayoutLargeStyle" />
    <entry id="0x7f0300f5" name="collapsingToolbarLayoutMediumSize" />
    <entry id="0x7f0300f6" name="collapsingToolbarLayoutMediumStyle" />
    <entry id="0x7f0300f7" name="collapsingToolbarLayoutStyle" />
    <entry id="0x7f0300f8" name="color" />
    <entry id="0x7f0300f9" name="colorAccent" />
    <entry id="0x7f0300fa" name="colorBackgroundFloating" />
    <entry id="0x7f0300fb" name="colorButtonNormal" />
    <entry id="0x7f0300fc" name="colorContainer" />
    <entry id="0x7f0300fd" name="colorControlActivated" />
    <entry id="0x7f0300fe" name="colorControlHighlight" />
    <entry id="0x7f0300ff" name="colorControlNormal" />
    <entry id="0x7f030100" name="colorError" />
    <entry id="0x7f030101" name="colorErrorContainer" />
    <entry id="0x7f030102" name="colorOnBackground" />
    <entry id="0x7f030103" name="colorOnContainer" />
    <entry id="0x7f030104" name="colorOnContainerUnchecked" />
    <entry id="0x7f030105" name="colorOnError" />
    <entry id="0x7f030106" name="colorOnErrorContainer" />
    <entry id="0x7f030107" name="colorOnPrimary" />
    <entry id="0x7f030108" name="colorOnPrimaryContainer" />
    <entry id="0x7f030109" name="colorOnPrimaryFixed" />
    <entry id="0x7f03010a" name="colorOnPrimaryFixedVariant" />
    <entry id="0x7f03010b" name="colorOnPrimarySurface" />
    <entry id="0x7f03010c" name="colorOnSecondary" />
    <entry id="0x7f03010d" name="colorOnSecondaryContainer" />
    <entry id="0x7f03010e" name="colorOnSecondaryFixed" />
    <entry id="0x7f03010f" name="colorOnSecondaryFixedVariant" />
    <entry id="0x7f030110" name="colorOnSurface" />
    <entry id="0x7f030111" name="colorOnSurfaceInverse" />
    <entry id="0x7f030112" name="colorOnSurfaceVariant" />
    <entry id="0x7f030113" name="colorOnTertiary" />
    <entry id="0x7f030114" name="colorOnTertiaryContainer" />
    <entry id="0x7f030115" name="colorOnTertiaryFixed" />
    <entry id="0x7f030116" name="colorOnTertiaryFixedVariant" />
    <entry id="0x7f030117" name="colorOutline" />
    <entry id="0x7f030118" name="colorOutlineVariant" />
    <entry id="0x7f030119" name="colorPrimary" />
    <entry id="0x7f03011a" name="colorPrimaryContainer" />
    <entry id="0x7f03011b" name="colorPrimaryDark" />
    <entry id="0x7f03011c" name="colorPrimaryFixed" />
    <entry id="0x7f03011d" name="colorPrimaryFixedDim" />
    <entry id="0x7f03011e" name="colorPrimaryInverse" />
    <entry id="0x7f03011f" name="colorPrimarySurface" />
    <entry id="0x7f030120" name="colorPrimaryVariant" />
    <entry id="0x7f030121" name="colorSecondary" />
    <entry id="0x7f030122" name="colorSecondaryContainer" />
    <entry id="0x7f030123" name="colorSecondaryFixed" />
    <entry id="0x7f030124" name="colorSecondaryFixedDim" />
    <entry id="0x7f030125" name="colorSecondaryVariant" />
    <entry id="0x7f030126" name="colorSurface" />
    <entry id="0x7f030127" name="colorSurfaceBright" />
    <entry id="0x7f030128" name="colorSurfaceContainer" />
    <entry id="0x7f030129" name="colorSurfaceContainerHigh" />
    <entry id="0x7f03012a" name="colorSurfaceContainerHighest" />
    <entry id="0x7f03012b" name="colorSurfaceContainerLow" />
    <entry id="0x7f03012c" name="colorSurfaceContainerLowest" />
    <entry id="0x7f03012d" name="colorSurfaceDim" />
    <entry id="0x7f03012e" name="colorSurfaceInverse" />
    <entry id="0x7f03012f" name="colorSurfaceVariant" />
    <entry id="0x7f030130" name="colorSwitchThumbNormal" />
    <entry id="0x7f030131" name="colorTertiary" />
    <entry id="0x7f030132" name="colorTertiaryContainer" />
    <entry id="0x7f030133" name="colorTertiaryFixed" />
    <entry id="0x7f030134" name="colorTertiaryFixedDim" />
    <entry id="0x7f030135" name="commitIcon" />
    <entry id="0x7f030136" name="compatShadowEnabled" />
    <entry id="0x7f030137" name="constraintRotate" />
    <entry id="0x7f030138" name="constraintSet" />
    <entry id="0x7f030139" name="constraintSetEnd" />
    <entry id="0x7f03013a" name="constraintSetStart" />
    <entry id="0x7f03013b" name="constraint_referenced_ids" />
    <entry id="0x7f03013c" name="constraint_referenced_tags" />
    <entry id="0x7f03013d" name="constraints" />
    <entry id="0x7f03013e" name="content" />
    <entry id="0x7f03013f" name="contentDescription" />
    <entry id="0x7f030140" name="contentInsetEnd" />
    <entry id="0x7f030141" name="contentInsetEndWithActions" />
    <entry id="0x7f030142" name="contentInsetLeft" />
    <entry id="0x7f030143" name="contentInsetRight" />
    <entry id="0x7f030144" name="contentInsetStart" />
    <entry id="0x7f030145" name="contentInsetStartWithNavigation" />
    <entry id="0x7f030146" name="contentPadding" />
    <entry id="0x7f030147" name="contentPaddingBottom" />
    <entry id="0x7f030148" name="contentPaddingEnd" />
    <entry id="0x7f030149" name="contentPaddingLeft" />
    <entry id="0x7f03014a" name="contentPaddingRight" />
    <entry id="0x7f03014b" name="contentPaddingStart" />
    <entry id="0x7f03014c" name="contentPaddingTop" />
    <entry id="0x7f03014d" name="contentScrim" />
    <entry id="0x7f03014e" name="contrast" />
    <entry id="0x7f03014f" name="controlBackground" />
    <entry id="0x7f030150" name="coordinatorLayoutStyle" />
    <entry id="0x7f030151" name="coplanarSiblingViewId" />
    <entry id="0x7f030152" name="cornerFamily" />
    <entry id="0x7f030153" name="cornerFamilyBottomLeft" />
    <entry id="0x7f030154" name="cornerFamilyBottomRight" />
    <entry id="0x7f030155" name="cornerFamilyTopLeft" />
    <entry id="0x7f030156" name="cornerFamilyTopRight" />
    <entry id="0x7f030157" name="cornerRadius" />
    <entry id="0x7f030158" name="cornerSize" />
    <entry id="0x7f030159" name="cornerSizeBottomLeft" />
    <entry id="0x7f03015a" name="cornerSizeBottomRight" />
    <entry id="0x7f03015b" name="cornerSizeTopLeft" />
    <entry id="0x7f03015c" name="cornerSizeTopRight" />
    <entry id="0x7f03015d" name="counterEnabled" />
    <entry id="0x7f03015e" name="counterMaxLength" />
    <entry id="0x7f03015f" name="counterOverflowTextAppearance" />
    <entry id="0x7f030160" name="counterOverflowTextColor" />
    <entry id="0x7f030161" name="counterTextAppearance" />
    <entry id="0x7f030162" name="counterTextColor" />
    <entry id="0x7f030163" name="crossfade" />
    <entry id="0x7f030164" name="currentState" />
    <entry id="0x7f030165" name="cursorColor" />
    <entry id="0x7f030166" name="curveFit" />
    <entry id="0x7f030167" name="customBoolean" />
    <entry id="0x7f030168" name="customColorDrawableValue" />
    <entry id="0x7f030169" name="customColorValue" />
    <entry id="0x7f03016a" name="customDimension" />
    <entry id="0x7f03016b" name="customFloatValue" />
    <entry id="0x7f03016c" name="customIntegerValue" />
    <entry id="0x7f03016d" name="customNavigationLayout" />
    <entry id="0x7f03016e" name="customPixelDimension" />
    <entry id="0x7f03016f" name="customReference" />
    <entry id="0x7f030170" name="customStringValue" />
    <entry id="0x7f030171" name="dampingRatio" />
    <entry id="0x7f030172" name="dayInvalidStyle" />
    <entry id="0x7f030173" name="daySelectedStyle" />
    <entry id="0x7f030174" name="dayStyle" />
    <entry id="0x7f030175" name="dayTodayStyle" />
    <entry id="0x7f030176" name="defaultDuration" />
    <entry id="0x7f030177" name="defaultMarginsEnabled" />
    <entry id="0x7f030178" name="defaultQueryHint" />
    <entry id="0x7f030179" name="defaultScrollFlagsEnabled" />
    <entry id="0x7f03017a" name="defaultState" />
    <entry id="0x7f03017b" name="defaultValue" />
    <entry id="0x7f03017c" name="deltaPolarAngle" />
    <entry id="0x7f03017d" name="deltaPolarRadius" />
    <entry id="0x7f03017e" name="dependency" />
    <entry id="0x7f03017f" name="deriveConstraintsFrom" />
    <entry id="0x7f030180" name="dialogCornerRadius" />
    <entry id="0x7f030181" name="dialogIcon" />
    <entry id="0x7f030182" name="dialogLayout" />
    <entry id="0x7f030183" name="dialogMessage" />
    <entry id="0x7f030184" name="dialogPreferenceStyle" />
    <entry id="0x7f030185" name="dialogPreferredPadding" />
    <entry id="0x7f030186" name="dialogTheme" />
    <entry id="0x7f030187" name="dialogTitle" />
    <entry id="0x7f030188" name="disableDependentsState" />
    <entry id="0x7f030189" name="displayOptions" />
    <entry id="0x7f03018a" name="divider" />
    <entry id="0x7f03018b" name="dividerColor" />
    <entry id="0x7f03018c" name="dividerHorizontal" />
    <entry id="0x7f03018d" name="dividerInsetEnd" />
    <entry id="0x7f03018e" name="dividerInsetStart" />
    <entry id="0x7f03018f" name="dividerPadding" />
    <entry id="0x7f030190" name="dividerThickness" />
    <entry id="0x7f030191" name="dividerVertical" />
    <entry id="0x7f030192" name="dotsClickable" />
    <entry id="0x7f030193" name="dotsColor" />
    <entry id="0x7f030194" name="dotsCornerRadius" />
    <entry id="0x7f030195" name="dotsElevation" />
    <entry id="0x7f030196" name="dotsSize" />
    <entry id="0x7f030197" name="dotsSpacing" />
    <entry id="0x7f030198" name="dotsStrokeColor" />
    <entry id="0x7f030199" name="dotsStrokeWidth" />
    <entry id="0x7f03019a" name="dotsWidthFactor" />
    <entry id="0x7f03019b" name="dragDirection" />
    <entry id="0x7f03019c" name="dragScale" />
    <entry id="0x7f03019d" name="dragThreshold" />
    <entry id="0x7f03019e" name="drawPath" />
    <entry id="0x7f03019f" name="drawableBottomCompat" />
    <entry id="0x7f0301a0" name="drawableEndCompat" />
    <entry id="0x7f0301a1" name="drawableLeftCompat" />
    <entry id="0x7f0301a2" name="drawableRightCompat" />
    <entry id="0x7f0301a3" name="drawableSize" />
    <entry id="0x7f0301a4" name="drawableStartCompat" />
    <entry id="0x7f0301a5" name="drawableTint" />
    <entry id="0x7f0301a6" name="drawableTintMode" />
    <entry id="0x7f0301a7" name="drawableTopCompat" />
    <entry id="0x7f0301a8" name="drawerArrowStyle" />
    <entry id="0x7f0301a9" name="drawerLayoutCornerSize" />
    <entry id="0x7f0301aa" name="drawerLayoutStyle" />
    <entry id="0x7f0301ab" name="dropDownListViewStyle" />
    <entry id="0x7f0301ac" name="dropdownListPreferredItemHeight" />
    <entry id="0x7f0301ad" name="dropdownPreferenceStyle" />
    <entry id="0x7f0301ae" name="duration" />
    <entry id="0x7f0301af" name="dynamicColorThemeOverlay" />
    <entry id="0x7f0301b0" name="editTextBackground" />
    <entry id="0x7f0301b1" name="editTextColor" />
    <entry id="0x7f0301b2" name="editTextPreferenceStyle" />
    <entry id="0x7f0301b3" name="editTextStyle" />
    <entry id="0x7f0301b4" name="elevation" />
    <entry id="0x7f0301b5" name="elevationOverlayAccentColor" />
    <entry id="0x7f0301b6" name="elevationOverlayColor" />
    <entry id="0x7f0301b7" name="elevationOverlayEnabled" />
    <entry id="0x7f0301b8" name="emojiCompatEnabled" />
    <entry id="0x7f0301b9" name="emptyResource" />
    <entry id="0x7f0301ba" name="enableCopying" />
    <entry id="0x7f0301bb" name="enableEdgeToEdge" />
    <entry id="0x7f0301bc" name="enabled" />
    <entry id="0x7f0301bd" name="endIconCheckable" />
    <entry id="0x7f0301be" name="endIconContentDescription" />
    <entry id="0x7f0301bf" name="endIconDrawable" />
    <entry id="0x7f0301c0" name="endIconMinSize" />
    <entry id="0x7f0301c1" name="endIconMode" />
    <entry id="0x7f0301c2" name="endIconScaleType" />
    <entry id="0x7f0301c3" name="endIconTint" />
    <entry id="0x7f0301c4" name="endIconTintMode" />
    <entry id="0x7f0301c5" name="enforceMaterialTheme" />
    <entry id="0x7f0301c6" name="enforceTextAppearance" />
    <entry id="0x7f0301c7" name="ensureMinTouchTargetSize" />
    <entry id="0x7f0301c8" name="entries" />
    <entry id="0x7f0301c9" name="entryValues" />
    <entry id="0x7f0301ca" name="errorAccessibilityLabel" />
    <entry id="0x7f0301cb" name="errorAccessibilityLiveRegion" />
    <entry id="0x7f0301cc" name="errorContentDescription" />
    <entry id="0x7f0301cd" name="errorEnabled" />
    <entry id="0x7f0301ce" name="errorIconDrawable" />
    <entry id="0x7f0301cf" name="errorIconTint" />
    <entry id="0x7f0301d0" name="errorIconTintMode" />
    <entry id="0x7f0301d1" name="errorShown" />
    <entry id="0x7f0301d2" name="errorTextAppearance" />
    <entry id="0x7f0301d3" name="errorTextColor" />
    <entry id="0x7f0301d4" name="expandActivityOverflowButtonDrawable" />
    <entry id="0x7f0301d5" name="expanded" />
    <entry id="0x7f0301d6" name="expandedHintEnabled" />
    <entry id="0x7f0301d7" name="expandedTitleGravity" />
    <entry id="0x7f0301d8" name="expandedTitleMargin" />
    <entry id="0x7f0301d9" name="expandedTitleMarginBottom" />
    <entry id="0x7f0301da" name="expandedTitleMarginEnd" />
    <entry id="0x7f0301db" name="expandedTitleMarginStart" />
    <entry id="0x7f0301dc" name="expandedTitleMarginTop" />
    <entry id="0x7f0301dd" name="expandedTitleTextAppearance" />
    <entry id="0x7f0301de" name="expandedTitleTextColor" />
    <entry id="0x7f0301df" name="extendMotionSpec" />
    <entry id="0x7f0301e0" name="extendStrategy" />
    <entry id="0x7f0301e1" name="extendedFloatingActionButtonPrimaryStyle" />
    <entry id="0x7f0301e2" name="extendedFloatingActionButtonSecondaryStyle" />
    <entry id="0x7f0301e3" name="extendedFloatingActionButtonStyle" />
    <entry id="0x7f0301e4" name="extendedFloatingActionButtonSurfaceStyle" />
    <entry id="0x7f0301e5" name="extendedFloatingActionButtonTertiaryStyle" />
    <entry id="0x7f0301e6" name="extraMultilineHeightEnabled" />
    <entry id="0x7f0301e7" name="fabAlignmentMode" />
    <entry id="0x7f0301e8" name="fabAlignmentModeEndMargin" />
    <entry id="0x7f0301e9" name="fabAnchorMode" />
    <entry id="0x7f0301ea" name="fabAnimationMode" />
    <entry id="0x7f0301eb" name="fabCradleMargin" />
    <entry id="0x7f0301ec" name="fabCradleRoundedCornerRadius" />
    <entry id="0x7f0301ed" name="fabCradleVerticalOffset" />
    <entry id="0x7f0301ee" name="fabCustomSize" />
    <entry id="0x7f0301ef" name="fabSize" />
    <entry id="0x7f0301f0" name="fastScrollEnabled" />
    <entry id="0x7f0301f1" name="fastScrollHorizontalThumbDrawable" />
    <entry id="0x7f0301f2" name="fastScrollHorizontalTrackDrawable" />
    <entry id="0x7f0301f3" name="fastScrollVerticalThumbDrawable" />
    <entry id="0x7f0301f4" name="fastScrollVerticalTrackDrawable" />
    <entry id="0x7f0301f5" name="finishPrimaryWithSecondary" />
    <entry id="0x7f0301f6" name="finishSecondaryWithPrimary" />
    <entry id="0x7f0301f7" name="firstBaselineToTopHeight" />
    <entry id="0x7f0301f8" name="floatingActionButtonLargePrimaryStyle" />
    <entry id="0x7f0301f9" name="floatingActionButtonLargeSecondaryStyle" />
    <entry id="0x7f0301fa" name="floatingActionButtonLargeStyle" />
    <entry id="0x7f0301fb" name="floatingActionButtonLargeSurfaceStyle" />
    <entry id="0x7f0301fc" name="floatingActionButtonLargeTertiaryStyle" />
    <entry id="0x7f0301fd" name="floatingActionButtonPrimaryStyle" />
    <entry id="0x7f0301fe" name="floatingActionButtonSecondaryStyle" />
    <entry id="0x7f0301ff" name="floatingActionButtonSmallPrimaryStyle" />
    <entry id="0x7f030200" name="floatingActionButtonSmallSecondaryStyle" />
    <entry id="0x7f030201" name="floatingActionButtonSmallStyle" />
    <entry id="0x7f030202" name="floatingActionButtonSmallSurfaceStyle" />
    <entry id="0x7f030203" name="floatingActionButtonSmallTertiaryStyle" />
    <entry id="0x7f030204" name="floatingActionButtonStyle" />
    <entry id="0x7f030205" name="floatingActionButtonSurfaceStyle" />
    <entry id="0x7f030206" name="floatingActionButtonTertiaryStyle" />
    <entry id="0x7f030207" name="flow_firstHorizontalBias" />
    <entry id="0x7f030208" name="flow_firstHorizontalStyle" />
    <entry id="0x7f030209" name="flow_firstVerticalBias" />
    <entry id="0x7f03020a" name="flow_firstVerticalStyle" />
    <entry id="0x7f03020b" name="flow_horizontalAlign" />
    <entry id="0x7f03020c" name="flow_horizontalBias" />
    <entry id="0x7f03020d" name="flow_horizontalGap" />
    <entry id="0x7f03020e" name="flow_horizontalStyle" />
    <entry id="0x7f03020f" name="flow_lastHorizontalBias" />
    <entry id="0x7f030210" name="flow_lastHorizontalStyle" />
    <entry id="0x7f030211" name="flow_lastVerticalBias" />
    <entry id="0x7f030212" name="flow_lastVerticalStyle" />
    <entry id="0x7f030213" name="flow_maxElementsWrap" />
    <entry id="0x7f030214" name="flow_padding" />
    <entry id="0x7f030215" name="flow_verticalAlign" />
    <entry id="0x7f030216" name="flow_verticalBias" />
    <entry id="0x7f030217" name="flow_verticalGap" />
    <entry id="0x7f030218" name="flow_verticalStyle" />
    <entry id="0x7f030219" name="flow_wrapMode" />
    <entry id="0x7f03021a" name="font" />
    <entry id="0x7f03021b" name="fontFamily" />
    <entry id="0x7f03021c" name="fontProviderAuthority" />
    <entry id="0x7f03021d" name="fontProviderCerts" />
    <entry id="0x7f03021e" name="fontProviderFetchStrategy" />
    <entry id="0x7f03021f" name="fontProviderFetchTimeout" />
    <entry id="0x7f030220" name="fontProviderPackage" />
    <entry id="0x7f030221" name="fontProviderQuery" />
    <entry id="0x7f030222" name="fontProviderSystemFontFamily" />
    <entry id="0x7f030223" name="fontStyle" />
    <entry id="0x7f030224" name="fontVariationSettings" />
    <entry id="0x7f030225" name="fontWeight" />
    <entry id="0x7f030226" name="forceApplySystemWindowInsetTop" />
    <entry id="0x7f030227" name="forceDefaultNavigationOnClickListener" />
    <entry id="0x7f030228" name="foregroundInsidePadding" />
    <entry id="0x7f030229" name="fragment" />
    <entry id="0x7f03022a" name="framePosition" />
    <entry id="0x7f03022b" name="gapBetweenBars" />
    <entry id="0x7f03022c" name="gestureInsetBottomIgnored" />
    <entry id="0x7f03022d" name="goIcon" />
    <entry id="0x7f03022e" name="guidelineUseRtl" />
    <entry id="0x7f03022f" name="haloColor" />
    <entry id="0x7f030230" name="haloRadius" />
    <entry id="0x7f030231" name="headerLayout" />
    <entry id="0x7f030232" name="height" />
    <entry id="0x7f030233" name="helperText" />
    <entry id="0x7f030234" name="helperTextEnabled" />
    <entry id="0x7f030235" name="helperTextTextAppearance" />
    <entry id="0x7f030236" name="helperTextTextColor" />
    <entry id="0x7f030237" name="hideAnimationBehavior" />
    <entry id="0x7f030238" name="hideMotionSpec" />
    <entry id="0x7f030239" name="hideNavigationIcon" />
    <entry id="0x7f03023a" name="hideOnContentScroll" />
    <entry id="0x7f03023b" name="hideOnScroll" />
    <entry id="0x7f03023c" name="hintAnimationEnabled" />
    <entry id="0x7f03023d" name="hintColor" />
    <entry id="0x7f03023e" name="hintEnabled" />
    <entry id="0x7f03023f" name="hintTextAppearance" />
    <entry id="0x7f030240" name="hintTextColor" />
    <entry id="0x7f030241" name="homeAsUpIndicator" />
    <entry id="0x7f030242" name="homeLayout" />
    <entry id="0x7f030243" name="horizontalOffset" />
    <entry id="0x7f030244" name="horizontalOffsetWithText" />
    <entry id="0x7f030245" name="hoveredFocusedTranslationZ" />
    <entry id="0x7f030246" name="icon" />
    <entry id="0x7f030247" name="iconEndPadding" />
    <entry id="0x7f030248" name="iconGravity" />
    <entry id="0x7f030249" name="iconPadding" />
    <entry id="0x7f03024a" name="iconSize" />
    <entry id="0x7f03024b" name="iconSpaceReserved" />
    <entry id="0x7f03024c" name="iconStartPadding" />
    <entry id="0x7f03024d" name="iconTint" />
    <entry id="0x7f03024e" name="iconTintMode" />
    <entry id="0x7f03024f" name="iconifiedByDefault" />
    <entry id="0x7f030250" name="iconsAlpha" />
    <entry id="0x7f030251" name="iconsTint" />
    <entry id="0x7f030252" name="ifTagNotSet" />
    <entry id="0x7f030253" name="ifTagSet" />
    <entry id="0x7f030254" name="imageButtonStyle" />
    <entry id="0x7f030255" name="imagePanX" />
    <entry id="0x7f030256" name="imagePanY" />
    <entry id="0x7f030257" name="imageRotate" />
    <entry id="0x7f030258" name="imageZoom" />
    <entry id="0x7f030259" name="indeterminateAnimationType" />
    <entry id="0x7f03025a" name="indeterminateProgressStyle" />
    <entry id="0x7f03025b" name="indicatorColor" />
    <entry id="0x7f03025c" name="indicatorDirectionCircular" />
    <entry id="0x7f03025d" name="indicatorDirectionLinear" />
    <entry id="0x7f03025e" name="indicatorInset" />
    <entry id="0x7f03025f" name="indicatorSize" />
    <entry id="0x7f030260" name="initialActivityCount" />
    <entry id="0x7f030261" name="initialExpandedChildrenCount" />
    <entry id="0x7f030262" name="insetForeground" />
    <entry id="0x7f030263" name="isLightTheme" />
    <entry id="0x7f030264" name="isMaterial3DynamicColorApplied" />
    <entry id="0x7f030265" name="isMaterial3Theme" />
    <entry id="0x7f030266" name="isMaterialTheme" />
    <entry id="0x7f030267" name="isPreferenceVisible" />
    <entry id="0x7f030268" name="itemActiveIndicatorStyle" />
    <entry id="0x7f030269" name="itemBackground" />
    <entry id="0x7f03026a" name="itemFillColor" />
    <entry id="0x7f03026b" name="itemHorizontalPadding" />
    <entry id="0x7f03026c" name="itemHorizontalTranslationEnabled" />
    <entry id="0x7f03026d" name="itemIconPadding" />
    <entry id="0x7f03026e" name="itemIconSize" />
    <entry id="0x7f03026f" name="itemIconTint" />
    <entry id="0x7f030270" name="itemMaxLines" />
    <entry id="0x7f030271" name="itemMinHeight" />
    <entry id="0x7f030272" name="itemPadding" />
    <entry id="0x7f030273" name="itemPaddingBottom" />
    <entry id="0x7f030274" name="itemPaddingTop" />
    <entry id="0x7f030275" name="itemRippleColor" />
    <entry id="0x7f030276" name="itemShapeAppearance" />
    <entry id="0x7f030277" name="itemShapeAppearanceOverlay" />
    <entry id="0x7f030278" name="itemShapeFillColor" />
    <entry id="0x7f030279" name="itemShapeInsetBottom" />
    <entry id="0x7f03027a" name="itemShapeInsetEnd" />
    <entry id="0x7f03027b" name="itemShapeInsetStart" />
    <entry id="0x7f03027c" name="itemShapeInsetTop" />
    <entry id="0x7f03027d" name="itemSpacing" />
    <entry id="0x7f03027e" name="itemStrokeColor" />
    <entry id="0x7f03027f" name="itemStrokeWidth" />
    <entry id="0x7f030280" name="itemTextAppearance" />
    <entry id="0x7f030281" name="itemTextAppearanceActive" />
    <entry id="0x7f030282" name="itemTextAppearanceInactive" />
    <entry id="0x7f030283" name="itemTextColor" />
    <entry id="0x7f030284" name="itemVerticalPadding" />
    <entry id="0x7f030285" name="key" />
    <entry id="0x7f030286" name="keyPositionType" />
    <entry id="0x7f030287" name="keyboardIcon" />
    <entry id="0x7f030288" name="keylines" />
    <entry id="0x7f030289" name="lStar" />
    <entry id="0x7f03028a" name="labelBehavior" />
    <entry id="0x7f03028b" name="labelStyle" />
    <entry id="0x7f03028c" name="labelVisibilityMode" />
    <entry id="0x7f03028d" name="lastBaselineToBottomHeight" />
    <entry id="0x7f03028e" name="lastItemDecorated" />
    <entry id="0x7f03028f" name="layout" />
    <entry id="0x7f030290" name="layoutDescription" />
    <entry id="0x7f030291" name="layoutDuringTransition" />
    <entry id="0x7f030292" name="layoutManager" />
    <entry id="0x7f030293" name="layout_anchor" />
    <entry id="0x7f030294" name="layout_anchorGravity" />
    <entry id="0x7f030295" name="layout_behavior" />
    <entry id="0x7f030296" name="layout_collapseMode" />
    <entry id="0x7f030297" name="layout_collapseParallaxMultiplier" />
    <entry id="0x7f030298" name="layout_constrainedHeight" />
    <entry id="0x7f030299" name="layout_constrainedWidth" />
    <entry id="0x7f03029a" name="layout_constraintBaseline_creator" />
    <entry id="0x7f03029b" name="layout_constraintBaseline_toBaselineOf" />
    <entry id="0x7f03029c" name="layout_constraintBaseline_toBottomOf" />
    <entry id="0x7f03029d" name="layout_constraintBaseline_toTopOf" />
    <entry id="0x7f03029e" name="layout_constraintBottom_creator" />
    <entry id="0x7f03029f" name="layout_constraintBottom_toBottomOf" />
    <entry id="0x7f0302a0" name="layout_constraintBottom_toTopOf" />
    <entry id="0x7f0302a1" name="layout_constraintCircle" />
    <entry id="0x7f0302a2" name="layout_constraintCircleAngle" />
    <entry id="0x7f0302a3" name="layout_constraintCircleRadius" />
    <entry id="0x7f0302a4" name="layout_constraintDimensionRatio" />
    <entry id="0x7f0302a5" name="layout_constraintEnd_toEndOf" />
    <entry id="0x7f0302a6" name="layout_constraintEnd_toStartOf" />
    <entry id="0x7f0302a7" name="layout_constraintGuide_begin" />
    <entry id="0x7f0302a8" name="layout_constraintGuide_end" />
    <entry id="0x7f0302a9" name="layout_constraintGuide_percent" />
    <entry id="0x7f0302aa" name="layout_constraintHeight" />
    <entry id="0x7f0302ab" name="layout_constraintHeight_default" />
    <entry id="0x7f0302ac" name="layout_constraintHeight_max" />
    <entry id="0x7f0302ad" name="layout_constraintHeight_min" />
    <entry id="0x7f0302ae" name="layout_constraintHeight_percent" />
    <entry id="0x7f0302af" name="layout_constraintHorizontal_bias" />
    <entry id="0x7f0302b0" name="layout_constraintHorizontal_chainStyle" />
    <entry id="0x7f0302b1" name="layout_constraintHorizontal_weight" />
    <entry id="0x7f0302b2" name="layout_constraintLeft_creator" />
    <entry id="0x7f0302b3" name="layout_constraintLeft_toLeftOf" />
    <entry id="0x7f0302b4" name="layout_constraintLeft_toRightOf" />
    <entry id="0x7f0302b5" name="layout_constraintRight_creator" />
    <entry id="0x7f0302b6" name="layout_constraintRight_toLeftOf" />
    <entry id="0x7f0302b7" name="layout_constraintRight_toRightOf" />
    <entry id="0x7f0302b8" name="layout_constraintStart_toEndOf" />
    <entry id="0x7f0302b9" name="layout_constraintStart_toStartOf" />
    <entry id="0x7f0302ba" name="layout_constraintTag" />
    <entry id="0x7f0302bb" name="layout_constraintTop_creator" />
    <entry id="0x7f0302bc" name="layout_constraintTop_toBottomOf" />
    <entry id="0x7f0302bd" name="layout_constraintTop_toTopOf" />
    <entry id="0x7f0302be" name="layout_constraintVertical_bias" />
    <entry id="0x7f0302bf" name="layout_constraintVertical_chainStyle" />
    <entry id="0x7f0302c0" name="layout_constraintVertical_weight" />
    <entry id="0x7f0302c1" name="layout_constraintWidth" />
    <entry id="0x7f0302c2" name="layout_constraintWidth_default" />
    <entry id="0x7f0302c3" name="layout_constraintWidth_max" />
    <entry id="0x7f0302c4" name="layout_constraintWidth_min" />
    <entry id="0x7f0302c5" name="layout_constraintWidth_percent" />
    <entry id="0x7f0302c6" name="layout_dodgeInsetEdges" />
    <entry id="0x7f0302c7" name="layout_editor_absoluteX" />
    <entry id="0x7f0302c8" name="layout_editor_absoluteY" />
    <entry id="0x7f0302c9" name="layout_goneMarginBaseline" />
    <entry id="0x7f0302ca" name="layout_goneMarginBottom" />
    <entry id="0x7f0302cb" name="layout_goneMarginEnd" />
    <entry id="0x7f0302cc" name="layout_goneMarginLeft" />
    <entry id="0x7f0302cd" name="layout_goneMarginRight" />
    <entry id="0x7f0302ce" name="layout_goneMarginStart" />
    <entry id="0x7f0302cf" name="layout_goneMarginTop" />
    <entry id="0x7f0302d0" name="layout_insetEdge" />
    <entry id="0x7f0302d1" name="layout_keyline" />
    <entry id="0x7f0302d2" name="layout_marginBaseline" />
    <entry id="0x7f0302d3" name="layout_optimizationLevel" />
    <entry id="0x7f0302d4" name="layout_scrollEffect" />
    <entry id="0x7f0302d5" name="layout_scrollFlags" />
    <entry id="0x7f0302d6" name="layout_scrollInterpolator" />
    <entry id="0x7f0302d7" name="layout_wrapBehaviorInParent" />
    <entry id="0x7f0302d8" name="liftOnScroll" />
    <entry id="0x7f0302d9" name="liftOnScrollColor" />
    <entry id="0x7f0302da" name="liftOnScrollTargetViewId" />
    <entry id="0x7f0302db" name="limitBoundsTo" />
    <entry id="0x7f0302dc" name="lineHeight" />
    <entry id="0x7f0302dd" name="lineSpacing" />
    <entry id="0x7f0302de" name="linearProgressIndicatorStyle" />
    <entry id="0x7f0302df" name="listChoiceBackgroundIndicator" />
    <entry id="0x7f0302e0" name="listChoiceIndicatorMultipleAnimated" />
    <entry id="0x7f0302e1" name="listChoiceIndicatorSingleAnimated" />
    <entry id="0x7f0302e2" name="listDividerAlertDialog" />
    <entry id="0x7f0302e3" name="listItemLayout" />
    <entry id="0x7f0302e4" name="listLayout" />
    <entry id="0x7f0302e5" name="listMenuViewStyle" />
    <entry id="0x7f0302e6" name="listPopupWindowStyle" />
    <entry id="0x7f0302e7" name="listPreferredItemHeight" />
    <entry id="0x7f0302e8" name="listPreferredItemHeightLarge" />
    <entry id="0x7f0302e9" name="listPreferredItemHeightSmall" />
    <entry id="0x7f0302ea" name="listPreferredItemPaddingEnd" />
    <entry id="0x7f0302eb" name="listPreferredItemPaddingLeft" />
    <entry id="0x7f0302ec" name="listPreferredItemPaddingRight" />
    <entry id="0x7f0302ed" name="listPreferredItemPaddingStart" />
    <entry id="0x7f0302ee" name="loadingResource" />
    <entry id="0x7f0302ef" name="logo" />
    <entry id="0x7f0302f0" name="logoAdjustViewBounds" />
    <entry id="0x7f0302f1" name="logoDescription" />
    <entry id="0x7f0302f2" name="logoScaleType" />
    <entry id="0x7f0302f3" name="marginHorizontal" />
    <entry id="0x7f0302f4" name="marginLeftSystemWindowInsets" />
    <entry id="0x7f0302f5" name="marginRightSystemWindowInsets" />
    <entry id="0x7f0302f6" name="marginTopSystemWindowInsets" />
    <entry id="0x7f0302f7" name="margin_lean_side" />
    <entry id="0x7f0302f8" name="materialAlertDialogBodyTextStyle" />
    <entry id="0x7f0302f9" name="materialAlertDialogButtonSpacerVisibility" />
    <entry id="0x7f0302fa" name="materialAlertDialogTheme" />
    <entry id="0x7f0302fb" name="materialAlertDialogTitleIconStyle" />
    <entry id="0x7f0302fc" name="materialAlertDialogTitlePanelStyle" />
    <entry id="0x7f0302fd" name="materialAlertDialogTitleTextStyle" />
    <entry id="0x7f0302fe" name="materialButtonOutlinedStyle" />
    <entry id="0x7f0302ff" name="materialButtonStyle" />
    <entry id="0x7f030300" name="materialButtonToggleGroupStyle" />
    <entry id="0x7f030301" name="materialCalendarDay" />
    <entry id="0x7f030302" name="materialCalendarDayOfWeekLabel" />
    <entry id="0x7f030303" name="materialCalendarFullscreenTheme" />
    <entry id="0x7f030304" name="materialCalendarHeaderCancelButton" />
    <entry id="0x7f030305" name="materialCalendarHeaderConfirmButton" />
    <entry id="0x7f030306" name="materialCalendarHeaderDivider" />
    <entry id="0x7f030307" name="materialCalendarHeaderLayout" />
    <entry id="0x7f030308" name="materialCalendarHeaderSelection" />
    <entry id="0x7f030309" name="materialCalendarHeaderTitle" />
    <entry id="0x7f03030a" name="materialCalendarHeaderToggleButton" />
    <entry id="0x7f03030b" name="materialCalendarMonth" />
    <entry id="0x7f03030c" name="materialCalendarMonthNavigationButton" />
    <entry id="0x7f03030d" name="materialCalendarStyle" />
    <entry id="0x7f03030e" name="materialCalendarTheme" />
    <entry id="0x7f03030f" name="materialCalendarYearNavigationButton" />
    <entry id="0x7f030310" name="materialCardViewElevatedStyle" />
    <entry id="0x7f030311" name="materialCardViewFilledStyle" />
    <entry id="0x7f030312" name="materialCardViewOutlinedStyle" />
    <entry id="0x7f030313" name="materialCardViewStyle" />
    <entry id="0x7f030314" name="materialCircleRadius" />
    <entry id="0x7f030315" name="materialClockStyle" />
    <entry id="0x7f030316" name="materialDisplayDividerStyle" />
    <entry id="0x7f030317" name="materialDividerHeavyStyle" />
    <entry id="0x7f030318" name="materialDividerStyle" />
    <entry id="0x7f030319" name="materialIconButtonFilledStyle" />
    <entry id="0x7f03031a" name="materialIconButtonFilledTonalStyle" />
    <entry id="0x7f03031b" name="materialIconButtonOutlinedStyle" />
    <entry id="0x7f03031c" name="materialIconButtonStyle" />
    <entry id="0x7f03031d" name="materialSearchBarStyle" />
    <entry id="0x7f03031e" name="materialSearchViewPrefixStyle" />
    <entry id="0x7f03031f" name="materialSearchViewStyle" />
    <entry id="0x7f030320" name="materialSwitchStyle" />
    <entry id="0x7f030321" name="materialThemeOverlay" />
    <entry id="0x7f030322" name="materialTimePickerStyle" />
    <entry id="0x7f030323" name="materialTimePickerTheme" />
    <entry id="0x7f030324" name="materialTimePickerTitleStyle" />
    <entry id="0x7f030325" name="maxAcceleration" />
    <entry id="0x7f030326" name="maxActionInlineWidth" />
    <entry id="0x7f030327" name="maxButtonHeight" />
    <entry id="0x7f030328" name="maxCharacterCount" />
    <entry id="0x7f030329" name="maxHeight" />
    <entry id="0x7f03032a" name="maxImageSize" />
    <entry id="0x7f03032b" name="maxLines" />
    <entry id="0x7f03032c" name="maxVelocity" />
    <entry id="0x7f03032d" name="maxWidth" />
    <entry id="0x7f03032e" name="md_background_color" />
    <entry id="0x7f03032f" name="md_button_casing" />
    <entry id="0x7f030330" name="md_button_selector" />
    <entry id="0x7f030331" name="md_color_button_text" />
    <entry id="0x7f030332" name="md_color_content" />
    <entry id="0x7f030333" name="md_color_hint" />
    <entry id="0x7f030334" name="md_color_title" />
    <entry id="0x7f030335" name="md_color_widget" />
    <entry id="0x7f030336" name="md_color_widget_unchecked" />
    <entry id="0x7f030337" name="md_corner_radius" />
    <entry id="0x7f030338" name="md_divider_color" />
    <entry id="0x7f030339" name="md_font_body" />
    <entry id="0x7f03033a" name="md_font_button" />
    <entry id="0x7f03033b" name="md_font_title" />
    <entry id="0x7f03033c" name="md_item_selector" />
    <entry id="0x7f03033d" name="md_line_spacing_body" />
    <entry id="0x7f03033e" name="md_ripple_color" />
    <entry id="0x7f03033f" name="measureWithLargestChild" />
    <entry id="0x7f030340" name="menu" />
    <entry id="0x7f030341" name="menuAlignmentMode" />
    <entry id="0x7f030342" name="menuGravity" />
    <entry id="0x7f030343" name="methodName" />
    <entry id="0x7f030344" name="min" />
    <entry id="0x7f030345" name="minHeight" />
    <entry id="0x7f030346" name="minHideDelay" />
    <entry id="0x7f030347" name="minSeparation" />
    <entry id="0x7f030348" name="minTouchTargetSize" />
    <entry id="0x7f030349" name="minWidth" />
    <entry id="0x7f03034a" name="mock_diagonalsColor" />
    <entry id="0x7f03034b" name="mock_label" />
    <entry id="0x7f03034c" name="mock_labelBackgroundColor" />
    <entry id="0x7f03034d" name="mock_labelColor" />
    <entry id="0x7f03034e" name="mock_showDiagonals" />
    <entry id="0x7f03034f" name="mock_showLabel" />
    <entry id="0x7f030350" name="motionDebug" />
    <entry id="0x7f030351" name="motionDurationExtraLong1" />
    <entry id="0x7f030352" name="motionDurationExtraLong2" />
    <entry id="0x7f030353" name="motionDurationExtraLong3" />
    <entry id="0x7f030354" name="motionDurationExtraLong4" />
    <entry id="0x7f030355" name="motionDurationLong1" />
    <entry id="0x7f030356" name="motionDurationLong2" />
    <entry id="0x7f030357" name="motionDurationLong3" />
    <entry id="0x7f030358" name="motionDurationLong4" />
    <entry id="0x7f030359" name="motionDurationMedium1" />
    <entry id="0x7f03035a" name="motionDurationMedium2" />
    <entry id="0x7f03035b" name="motionDurationMedium3" />
    <entry id="0x7f03035c" name="motionDurationMedium4" />
    <entry id="0x7f03035d" name="motionDurationShort1" />
    <entry id="0x7f03035e" name="motionDurationShort2" />
    <entry id="0x7f03035f" name="motionDurationShort3" />
    <entry id="0x7f030360" name="motionDurationShort4" />
    <entry id="0x7f030361" name="motionEasingAccelerated" />
    <entry id="0x7f030362" name="motionEasingDecelerated" />
    <entry id="0x7f030363" name="motionEasingEmphasized" />
    <entry id="0x7f030364" name="motionEasingEmphasizedAccelerateInterpolator" />
    <entry id="0x7f030365" name="motionEasingEmphasizedDecelerateInterpolator" />
    <entry id="0x7f030366" name="motionEasingEmphasizedInterpolator" />
    <entry id="0x7f030367" name="motionEasingLinear" />
    <entry id="0x7f030368" name="motionEasingLinearInterpolator" />
    <entry id="0x7f030369" name="motionEasingStandard" />
    <entry id="0x7f03036a" name="motionEasingStandardAccelerateInterpolator" />
    <entry id="0x7f03036b" name="motionEasingStandardDecelerateInterpolator" />
    <entry id="0x7f03036c" name="motionEasingStandardInterpolator" />
    <entry id="0x7f03036d" name="motionEffect_alpha" />
    <entry id="0x7f03036e" name="motionEffect_end" />
    <entry id="0x7f03036f" name="motionEffect_move" />
    <entry id="0x7f030370" name="motionEffect_start" />
    <entry id="0x7f030371" name="motionEffect_strict" />
    <entry id="0x7f030372" name="motionEffect_translationX" />
    <entry id="0x7f030373" name="motionEffect_translationY" />
    <entry id="0x7f030374" name="motionEffect_viewTransition" />
    <entry id="0x7f030375" name="motionInterpolator" />
    <entry id="0x7f030376" name="motionPath" />
    <entry id="0x7f030377" name="motionPathRotate" />
    <entry id="0x7f030378" name="motionProgress" />
    <entry id="0x7f030379" name="motionStagger" />
    <entry id="0x7f03037a" name="motionTarget" />
    <entry id="0x7f03037b" name="motion_postLayoutCollision" />
    <entry id="0x7f03037c" name="motion_triggerOnCollision" />
    <entry id="0x7f03037d" name="moveWhenScrollAtTop" />
    <entry id="0x7f03037e" name="multiChoiceItemLayout" />
    <entry id="0x7f03037f" name="navigationContentDescription" />
    <entry id="0x7f030380" name="navigationIcon" />
    <entry id="0x7f030381" name="navigationIconTint" />
    <entry id="0x7f030382" name="navigationMode" />
    <entry id="0x7f030383" name="navigationRailStyle" />
    <entry id="0x7f030384" name="navigationViewStyle" />
    <entry id="0x7f030385" name="negativeButtonText" />
    <entry id="0x7f030386" name="nestedScrollFlags" />
    <entry id="0x7f030387" name="nestedScrollViewStyle" />
    <entry id="0x7f030388" name="nestedScrollable" />
    <entry id="0x7f030389" name="number" />
    <entry id="0x7f03038a" name="numericModifiers" />
    <entry id="0x7f03038b" name="offsetAlignmentMode" />
    <entry id="0x7f03038c" name="onCross" />
    <entry id="0x7f03038d" name="onHide" />
    <entry id="0x7f03038e" name="onNegativeCross" />
    <entry id="0x7f03038f" name="onPositiveCross" />
    <entry id="0x7f030390" name="onShow" />
    <entry id="0x7f030391" name="onStateTransition" />
    <entry id="0x7f030392" name="onTouchUp" />
    <entry id="0x7f030393" name="order" />
    <entry id="0x7f030394" name="orderingFromXml" />
    <entry id="0x7f030395" name="overlapAnchor" />
    <entry id="0x7f030396" name="overlay" />
    <entry id="0x7f030397" name="paddingBottomNoButtons" />
    <entry id="0x7f030398" name="paddingBottomSystemWindowInsets" />
    <entry id="0x7f030399" name="paddingEnd" />
    <entry id="0x7f03039a" name="paddingLeftSystemWindowInsets" />
    <entry id="0x7f03039b" name="paddingRightSystemWindowInsets" />
    <entry id="0x7f03039c" name="paddingStart" />
    <entry id="0x7f03039d" name="paddingTopNoTitle" />
    <entry id="0x7f03039e" name="paddingTopSystemWindowInsets" />
    <entry id="0x7f03039f" name="panelBackground" />
    <entry id="0x7f0303a0" name="panelMenuListTheme" />
    <entry id="0x7f0303a1" name="panelMenuListWidth" />
    <entry id="0x7f0303a2" name="passwordToggleContentDescription" />
    <entry id="0x7f0303a3" name="passwordToggleDrawable" />
    <entry id="0x7f0303a4" name="passwordToggleEnabled" />
    <entry id="0x7f0303a5" name="passwordToggleTint" />
    <entry id="0x7f0303a6" name="passwordToggleTintMode" />
    <entry id="0x7f0303a7" name="pathMotionArc" />
    <entry id="0x7f0303a8" name="path_percent" />
    <entry id="0x7f0303a9" name="percentHeight" />
    <entry id="0x7f0303aa" name="percentWidth" />
    <entry id="0x7f0303ab" name="percentX" />
    <entry id="0x7f0303ac" name="percentY" />
    <entry id="0x7f0303ad" name="perpendicularPath_percent" />
    <entry id="0x7f0303ae" name="persistent" />
    <entry id="0x7f0303af" name="pivotAnchor" />
    <entry id="0x7f0303b0" name="placeholderActivityName" />
    <entry id="0x7f0303b1" name="placeholderText" />
    <entry id="0x7f0303b2" name="placeholderTextAppearance" />
    <entry id="0x7f0303b3" name="placeholderTextColor" />
    <entry id="0x7f0303b4" name="placeholder_emptyVisibility" />
    <entry id="0x7f0303b5" name="polarRelativeTo" />
    <entry id="0x7f0303b6" name="popupMenuBackground" />
    <entry id="0x7f0303b7" name="popupMenuStyle" />
    <entry id="0x7f0303b8" name="popupTheme" />
    <entry id="0x7f0303b9" name="popupWindowStyle" />
    <entry id="0x7f0303ba" name="position" />
    <entry id="0x7f0303bb" name="positiveButtonText" />
    <entry id="0x7f0303bc" name="preferenceCategoryStyle" />
    <entry id="0x7f0303bd" name="preferenceCategoryTitleTextAppearance" />
    <entry id="0x7f0303be" name="preferenceCategoryTitleTextColor" />
    <entry id="0x7f0303bf" name="preferenceFragmentCompatStyle" />
    <entry id="0x7f0303c0" name="preferenceFragmentListStyle" />
    <entry id="0x7f0303c1" name="preferenceFragmentStyle" />
    <entry id="0x7f0303c2" name="preferenceInformationStyle" />
    <entry id="0x7f0303c3" name="preferenceScreenStyle" />
    <entry id="0x7f0303c4" name="preferenceStyle" />
    <entry id="0x7f0303c5" name="preferenceTheme" />
    <entry id="0x7f0303c6" name="prefixText" />
    <entry id="0x7f0303c7" name="prefixTextAppearance" />
    <entry id="0x7f0303c8" name="prefixTextColor" />
    <entry id="0x7f0303c9" name="preserveIconSpacing" />
    <entry id="0x7f0303ca" name="pressedTranslationZ" />
    <entry id="0x7f0303cb" name="primaryActivityName" />
    <entry id="0x7f0303cc" name="progressBarPadding" />
    <entry id="0x7f0303cd" name="progressBarStyle" />
    <entry id="0x7f0303ce" name="progressMode" />
    <entry id="0x7f0303cf" name="quantizeMotionInterpolator" />
    <entry id="0x7f0303d0" name="quantizeMotionPhase" />
    <entry id="0x7f0303d1" name="quantizeMotionSteps" />
    <entry id="0x7f0303d2" name="queryBackground" />
    <entry id="0x7f0303d3" name="queryHint" />
    <entry id="0x7f0303d4" name="queryPatterns" />
    <entry id="0x7f0303d5" name="radioButtonStyle" />
    <entry id="0x7f0303d6" name="rangeFillColor" />
    <entry id="0x7f0303d7" name="ratingBarStyle" />
    <entry id="0x7f0303d8" name="ratingBarStyleIndicator" />
    <entry id="0x7f0303d9" name="ratingBarStyleSmall" />
    <entry id="0x7f0303da" name="reactiveGuide_animateChange" />
    <entry id="0x7f0303db" name="reactiveGuide_applyToAllConstraintSets" />
    <entry id="0x7f0303dc" name="reactiveGuide_applyToConstraintSet" />
    <entry id="0x7f0303dd" name="reactiveGuide_valueId" />
    <entry id="0x7f0303de" name="recyclerViewStyle" />
    <entry id="0x7f0303df" name="region_heightLessThan" />
    <entry id="0x7f0303e0" name="region_heightMoreThan" />
    <entry id="0x7f0303e1" name="region_widthLessThan" />
    <entry id="0x7f0303e2" name="region_widthMoreThan" />
    <entry id="0x7f0303e3" name="removeEmbeddedFabElevation" />
    <entry id="0x7f0303e4" name="retryResource" />
    <entry id="0x7f0303e5" name="reverseLayout" />
    <entry id="0x7f0303e6" name="rippleColor" />
    <entry id="0x7f0303e7" name="rotationCenterId" />
    <entry id="0x7f0303e8" name="round" />
    <entry id="0x7f0303e9" name="roundPercent" />
    <entry id="0x7f0303ea" name="saturation" />
    <entry id="0x7f0303eb" name="scaleFromTextSize" />
    <entry id="0x7f0303ec" name="scrimAnimationDuration" />
    <entry id="0x7f0303ed" name="scrimBackground" />
    <entry id="0x7f0303ee" name="scrimVisibleHeightTrigger" />
    <entry id="0x7f0303ef" name="searchBackIcon" />
    <entry id="0x7f0303f0" name="searchBackground" />
    <entry id="0x7f0303f1" name="searchClearIcon" />
    <entry id="0x7f0303f2" name="searchHintIcon" />
    <entry id="0x7f0303f3" name="searchIcon" />
    <entry id="0x7f0303f4" name="searchPrefixText" />
    <entry id="0x7f0303f5" name="searchViewStyle" />
    <entry id="0x7f0303f6" name="searchVoiceIcon" />
    <entry id="0x7f0303f7" name="secondaryActivityAction" />
    <entry id="0x7f0303f8" name="secondaryActivityName" />
    <entry id="0x7f0303f9" name="seekBarIncrement" />
    <entry id="0x7f0303fa" name="seekBarPreferenceStyle" />
    <entry id="0x7f0303fb" name="seekBarStyle" />
    <entry id="0x7f0303fc" name="selectable" />
    <entry id="0x7f0303fd" name="selectableItemBackground" />
    <entry id="0x7f0303fe" name="selectableItemBackgroundBorderless" />
    <entry id="0x7f0303ff" name="selectedDotColor" />
    <entry id="0x7f030400" name="selectionRequired" />
    <entry id="0x7f030401" name="selectorSize" />
    <entry id="0x7f030402" name="setsTag" />
    <entry id="0x7f030403" name="shapeAppearance" />
    <entry id="0x7f030404" name="shapeAppearanceCornerExtraLarge" />
    <entry id="0x7f030405" name="shapeAppearanceCornerExtraSmall" />
    <entry id="0x7f030406" name="shapeAppearanceCornerLarge" />
    <entry id="0x7f030407" name="shapeAppearanceCornerMedium" />
    <entry id="0x7f030408" name="shapeAppearanceCornerSmall" />
    <entry id="0x7f030409" name="shapeAppearanceLargeComponent" />
    <entry id="0x7f03040a" name="shapeAppearanceMediumComponent" />
    <entry id="0x7f03040b" name="shapeAppearanceOverlay" />
    <entry id="0x7f03040c" name="shapeAppearanceSmallComponent" />
    <entry id="0x7f03040d" name="shapeCornerFamily" />
    <entry id="0x7f03040e" name="shortcutMatchRequired" />
    <entry id="0x7f03040f" name="shouldDisableView" />
    <entry id="0x7f030410" name="shouldRemoveExpandedCorners" />
    <entry id="0x7f030411" name="showAnimationBehavior" />
    <entry id="0x7f030412" name="showAsAction" />
    <entry id="0x7f030413" name="showDelay" />
    <entry id="0x7f030414" name="showDividers" />
    <entry id="0x7f030415" name="showMotionSpec" />
    <entry id="0x7f030416" name="showPaths" />
    <entry id="0x7f030417" name="showSeekBarValue" />
    <entry id="0x7f030418" name="showText" />
    <entry id="0x7f030419" name="showTitle" />
    <entry id="0x7f03041a" name="shrinkMotionSpec" />
    <entry id="0x7f03041b" name="sideSheetDialogTheme" />
    <entry id="0x7f03041c" name="sideSheetModalStyle" />
    <entry id="0x7f03041d" name="side_length" />
    <entry id="0x7f03041e" name="simpleItemLayout" />
    <entry id="0x7f03041f" name="simpleItemSelectedColor" />
    <entry id="0x7f030420" name="simpleItemSelectedRippleColor" />
    <entry id="0x7f030421" name="simpleItems" />
    <entry id="0x7f030422" name="singleChoiceItemLayout" />
    <entry id="0x7f030423" name="singleLine" />
    <entry id="0x7f030424" name="singleLineTitle" />
    <entry id="0x7f030425" name="singleSelection" />
    <entry id="0x7f030426" name="sizePercent" />
    <entry id="0x7f030427" name="sliderStyle" />
    <entry id="0x7f030428" name="snackbarButtonStyle" />
    <entry id="0x7f030429" name="snackbarStyle" />
    <entry id="0x7f03042a" name="snackbarTextViewStyle" />
    <entry id="0x7f03042b" name="spanCount" />
    <entry id="0x7f03042c" name="spinBars" />
    <entry id="0x7f03042d" name="spinnerDropDownItemStyle" />
    <entry id="0x7f03042e" name="spinnerStyle" />
    <entry id="0x7f03042f" name="splitLayoutDirection" />
    <entry id="0x7f030430" name="splitMinSmallestWidth" />
    <entry id="0x7f030431" name="splitMinWidth" />
    <entry id="0x7f030432" name="splitRatio" />
    <entry id="0x7f030433" name="splitTrack" />
    <entry id="0x7f030434" name="springBoundary" />
    <entry id="0x7f030435" name="springDamping" />
    <entry id="0x7f030436" name="springMass" />
    <entry id="0x7f030437" name="springStiffness" />
    <entry id="0x7f030438" name="springStopThreshold" />
    <entry id="0x7f030439" name="srcCompat" />
    <entry id="0x7f03043a" name="stackFromEnd" />
    <entry id="0x7f03043b" name="staggered" />
    <entry id="0x7f03043c" name="startIconCheckable" />
    <entry id="0x7f03043d" name="startIconContentDescription" />
    <entry id="0x7f03043e" name="startIconDrawable" />
    <entry id="0x7f03043f" name="startIconMinSize" />
    <entry id="0x7f030440" name="startIconScaleType" />
    <entry id="0x7f030441" name="startIconTint" />
    <entry id="0x7f030442" name="startIconTintMode" />
    <entry id="0x7f030443" name="state_above_anchor" />
    <entry id="0x7f030444" name="state_collapsed" />
    <entry id="0x7f030445" name="state_collapsible" />
    <entry id="0x7f030446" name="state_dragged" />
    <entry id="0x7f030447" name="state_error" />
    <entry id="0x7f030448" name="state_indeterminate" />
    <entry id="0x7f030449" name="state_liftable" />
    <entry id="0x7f03044a" name="state_lifted" />
    <entry id="0x7f03044b" name="state_with_icon" />
    <entry id="0x7f03044c" name="statusBarBackground" />
    <entry id="0x7f03044d" name="statusBarForeground" />
    <entry id="0x7f03044e" name="statusBarScrim" />
    <entry id="0x7f03044f" name="stiffness" />
    <entry id="0x7f030450" name="strokeColor" />
    <entry id="0x7f030451" name="strokeWidth" />
    <entry id="0x7f030452" name="subMenuArrow" />
    <entry id="0x7f030453" name="subheaderColor" />
    <entry id="0x7f030454" name="subheaderInsetEnd" />
    <entry id="0x7f030455" name="subheaderInsetStart" />
    <entry id="0x7f030456" name="subheaderTextAppearance" />
    <entry id="0x7f030457" name="submitBackground" />
    <entry id="0x7f030458" name="subtitle" />
    <entry id="0x7f030459" name="subtitleCentered" />
    <entry id="0x7f03045a" name="subtitleTextAppearance" />
    <entry id="0x7f03045b" name="subtitleTextColor" />
    <entry id="0x7f03045c" name="subtitleTextStyle" />
    <entry id="0x7f03045d" name="suffixText" />
    <entry id="0x7f03045e" name="suffixTextAppearance" />
    <entry id="0x7f03045f" name="suffixTextColor" />
    <entry id="0x7f030460" name="suggestionRowLayout" />
    <entry id="0x7f030461" name="summary" />
    <entry id="0x7f030462" name="summaryOff" />
    <entry id="0x7f030463" name="summaryOn" />
    <entry id="0x7f030464" name="switchMinWidth" />
    <entry id="0x7f030465" name="switchPadding" />
    <entry id="0x7f030466" name="switchPreferenceCompatStyle" />
    <entry id="0x7f030467" name="switchPreferenceStyle" />
    <entry id="0x7f030468" name="switchStyle" />
    <entry id="0x7f030469" name="switchTextAppearance" />
    <entry id="0x7f03046a" name="switchTextOff" />
    <entry id="0x7f03046b" name="switchTextOn" />
    <entry id="0x7f03046c" name="tabBackground" />
    <entry id="0x7f03046d" name="tabContentStart" />
    <entry id="0x7f03046e" name="tabGravity" />
    <entry id="0x7f03046f" name="tabIconTint" />
    <entry id="0x7f030470" name="tabIconTintMode" />
    <entry id="0x7f030471" name="tabIndicator" />
    <entry id="0x7f030472" name="tabIndicatorAnimationDuration" />
    <entry id="0x7f030473" name="tabIndicatorAnimationMode" />
    <entry id="0x7f030474" name="tabIndicatorColor" />
    <entry id="0x7f030475" name="tabIndicatorFullWidth" />
    <entry id="0x7f030476" name="tabIndicatorGravity" />
    <entry id="0x7f030477" name="tabIndicatorHeight" />
    <entry id="0x7f030478" name="tabInlineLabel" />
    <entry id="0x7f030479" name="tabMaxWidth" />
    <entry id="0x7f03047a" name="tabMinWidth" />
    <entry id="0x7f03047b" name="tabMode" />
    <entry id="0x7f03047c" name="tabPadding" />
    <entry id="0x7f03047d" name="tabPaddingBottom" />
    <entry id="0x7f03047e" name="tabPaddingEnd" />
    <entry id="0x7f03047f" name="tabPaddingStart" />
    <entry id="0x7f030480" name="tabPaddingTop" />
    <entry id="0x7f030481" name="tabRippleColor" />
    <entry id="0x7f030482" name="tabSecondaryStyle" />
    <entry id="0x7f030483" name="tabSelectedTextAppearance" />
    <entry id="0x7f030484" name="tabSelectedTextColor" />
    <entry id="0x7f030485" name="tabStyle" />
    <entry id="0x7f030486" name="tabTextAppearance" />
    <entry id="0x7f030487" name="tabTextColor" />
    <entry id="0x7f030488" name="tabUnboundedRipple" />
    <entry id="0x7f030489" name="targetId" />
    <entry id="0x7f03048a" name="telltales_tailColor" />
    <entry id="0x7f03048b" name="telltales_tailScale" />
    <entry id="0x7f03048c" name="telltales_velocityMode" />
    <entry id="0x7f03048d" name="text" />
    <entry id="0x7f03048e" name="textAllCaps" />
    <entry id="0x7f03048f" name="textAppearanceBody1" />
    <entry id="0x7f030490" name="textAppearanceBody2" />
    <entry id="0x7f030491" name="textAppearanceBodyLarge" />
    <entry id="0x7f030492" name="textAppearanceBodyMedium" />
    <entry id="0x7f030493" name="textAppearanceBodySmall" />
    <entry id="0x7f030494" name="textAppearanceButton" />
    <entry id="0x7f030495" name="textAppearanceCaption" />
    <entry id="0x7f030496" name="textAppearanceDisplayLarge" />
    <entry id="0x7f030497" name="textAppearanceDisplayMedium" />
    <entry id="0x7f030498" name="textAppearanceDisplaySmall" />
    <entry id="0x7f030499" name="textAppearanceHeadline1" />
    <entry id="0x7f03049a" name="textAppearanceHeadline2" />
    <entry id="0x7f03049b" name="textAppearanceHeadline3" />
    <entry id="0x7f03049c" name="textAppearanceHeadline4" />
    <entry id="0x7f03049d" name="textAppearanceHeadline5" />
    <entry id="0x7f03049e" name="textAppearanceHeadline6" />
    <entry id="0x7f03049f" name="textAppearanceHeadlineLarge" />
    <entry id="0x7f0304a0" name="textAppearanceHeadlineMedium" />
    <entry id="0x7f0304a1" name="textAppearanceHeadlineSmall" />
    <entry id="0x7f0304a2" name="textAppearanceLabelLarge" />
    <entry id="0x7f0304a3" name="textAppearanceLabelMedium" />
    <entry id="0x7f0304a4" name="textAppearanceLabelSmall" />
    <entry id="0x7f0304a5" name="textAppearanceLargePopupMenu" />
    <entry id="0x7f0304a6" name="textAppearanceLineHeightEnabled" />
    <entry id="0x7f0304a7" name="textAppearanceListItem" />
    <entry id="0x7f0304a8" name="textAppearanceListItemSecondary" />
    <entry id="0x7f0304a9" name="textAppearanceListItemSmall" />
    <entry id="0x7f0304aa" name="textAppearanceOverline" />
    <entry id="0x7f0304ab" name="textAppearancePopupMenuHeader" />
    <entry id="0x7f0304ac" name="textAppearanceSearchResultSubtitle" />
    <entry id="0x7f0304ad" name="textAppearanceSearchResultTitle" />
    <entry id="0x7f0304ae" name="textAppearanceSmallPopupMenu" />
    <entry id="0x7f0304af" name="textAppearanceSubtitle1" />
    <entry id="0x7f0304b0" name="textAppearanceSubtitle2" />
    <entry id="0x7f0304b1" name="textAppearanceTitleLarge" />
    <entry id="0x7f0304b2" name="textAppearanceTitleMedium" />
    <entry id="0x7f0304b3" name="textAppearanceTitleSmall" />
    <entry id="0x7f0304b4" name="textBackground" />
    <entry id="0x7f0304b5" name="textBackgroundPanX" />
    <entry id="0x7f0304b6" name="textBackgroundPanY" />
    <entry id="0x7f0304b7" name="textBackgroundRotate" />
    <entry id="0x7f0304b8" name="textBackgroundZoom" />
    <entry id="0x7f0304b9" name="textColorAlertDialogListItem" />
    <entry id="0x7f0304ba" name="textColorSearchUrl" />
    <entry id="0x7f0304bb" name="textEndPadding" />
    <entry id="0x7f0304bc" name="textFillColor" />
    <entry id="0x7f0304bd" name="textInputFilledDenseStyle" />
    <entry id="0x7f0304be" name="textInputFilledExposedDropdownMenuStyle" />
    <entry id="0x7f0304bf" name="textInputFilledStyle" />
    <entry id="0x7f0304c0" name="textInputLayoutFocusedRectEnabled" />
    <entry id="0x7f0304c1" name="textInputOutlinedDenseStyle" />
    <entry id="0x7f0304c2" name="textInputOutlinedExposedDropdownMenuStyle" />
    <entry id="0x7f0304c3" name="textInputOutlinedStyle" />
    <entry id="0x7f0304c4" name="textInputStyle" />
    <entry id="0x7f0304c5" name="textLocale" />
    <entry id="0x7f0304c6" name="textOutlineColor" />
    <entry id="0x7f0304c7" name="textOutlineThickness" />
    <entry id="0x7f0304c8" name="textPanX" />
    <entry id="0x7f0304c9" name="textPanY" />
    <entry id="0x7f0304ca" name="textStartPadding" />
    <entry id="0x7f0304cb" name="text_color" />
    <entry id="0x7f0304cc" name="text_size" />
    <entry id="0x7f0304cd" name="textureBlurFactor" />
    <entry id="0x7f0304ce" name="textureEffect" />
    <entry id="0x7f0304cf" name="textureHeight" />
    <entry id="0x7f0304d0" name="textureWidth" />
    <entry id="0x7f0304d1" name="theme" />
    <entry id="0x7f0304d2" name="thickness" />
    <entry id="0x7f0304d3" name="thumbColor" />
    <entry id="0x7f0304d4" name="thumbElevation" />
    <entry id="0x7f0304d5" name="thumbIcon" />
    <entry id="0x7f0304d6" name="thumbIconTint" />
    <entry id="0x7f0304d7" name="thumbIconTintMode" />
    <entry id="0x7f0304d8" name="thumbRadius" />
    <entry id="0x7f0304d9" name="thumbStrokeColor" />
    <entry id="0x7f0304da" name="thumbStrokeWidth" />
    <entry id="0x7f0304db" name="thumbTextPadding" />
    <entry id="0x7f0304dc" name="thumbTint" />
    <entry id="0x7f0304dd" name="thumbTintMode" />
    <entry id="0x7f0304de" name="tickColor" />
    <entry id="0x7f0304df" name="tickColorActive" />
    <entry id="0x7f0304e0" name="tickColorInactive" />
    <entry id="0x7f0304e1" name="tickMark" />
    <entry id="0x7f0304e2" name="tickMarkTint" />
    <entry id="0x7f0304e3" name="tickMarkTintMode" />
    <entry id="0x7f0304e4" name="tickRadiusActive" />
    <entry id="0x7f0304e5" name="tickRadiusInactive" />
    <entry id="0x7f0304e6" name="tickVisible" />
    <entry id="0x7f0304e7" name="tint" />
    <entry id="0x7f0304e8" name="tintMode" />
    <entry id="0x7f0304e9" name="tintNavigationIcon" />
    <entry id="0x7f0304ea" name="title" />
    <entry id="0x7f0304eb" name="titleCentered" />
    <entry id="0x7f0304ec" name="titleCollapseMode" />
    <entry id="0x7f0304ed" name="titleEnabled" />
    <entry id="0x7f0304ee" name="titleMargin" />
    <entry id="0x7f0304ef" name="titleMarginBottom" />
    <entry id="0x7f0304f0" name="titleMarginEnd" />
    <entry id="0x7f0304f1" name="titleMarginStart" />
    <entry id="0x7f0304f2" name="titleMarginTop" />
    <entry id="0x7f0304f3" name="titleMargins" />
    <entry id="0x7f0304f4" name="titlePositionInterpolator" />
    <entry id="0x7f0304f5" name="titleTextAppearance" />
    <entry id="0x7f0304f6" name="titleTextColor" />
    <entry id="0x7f0304f7" name="titleTextEllipsize" />
    <entry id="0x7f0304f8" name="titleTextStyle" />
    <entry id="0x7f0304f9" name="toggleCheckedStateOnClick" />
    <entry id="0x7f0304fa" name="toolbarId" />
    <entry id="0x7f0304fb" name="toolbarNavigationButtonStyle" />
    <entry id="0x7f0304fc" name="toolbarStyle" />
    <entry id="0x7f0304fd" name="toolbarSurfaceStyle" />
    <entry id="0x7f0304fe" name="tooltipForegroundColor" />
    <entry id="0x7f0304ff" name="tooltipFrameBackground" />
    <entry id="0x7f030500" name="tooltipStyle" />
    <entry id="0x7f030501" name="tooltipText" />
    <entry id="0x7f030502" name="topInsetScrimEnabled" />
    <entry id="0x7f030503" name="touchAnchorId" />
    <entry id="0x7f030504" name="touchAnchorSide" />
    <entry id="0x7f030505" name="touchRegionId" />
    <entry id="0x7f030506" name="track" />
    <entry id="0x7f030507" name="trackColor" />
    <entry id="0x7f030508" name="trackColorActive" />
    <entry id="0x7f030509" name="trackColorInactive" />
    <entry id="0x7f03050a" name="trackCornerRadius" />
    <entry id="0x7f03050b" name="trackDecoration" />
    <entry id="0x7f03050c" name="trackDecorationTint" />
    <entry id="0x7f03050d" name="trackDecorationTintMode" />
    <entry id="0x7f03050e" name="trackHeight" />
    <entry id="0x7f03050f" name="trackThickness" />
    <entry id="0x7f030510" name="trackTint" />
    <entry id="0x7f030511" name="trackTintMode" />
    <entry id="0x7f030512" name="transformPivotTarget" />
    <entry id="0x7f030513" name="transitionDisable" />
    <entry id="0x7f030514" name="transitionEasing" />
    <entry id="0x7f030515" name="transitionFlags" />
    <entry id="0x7f030516" name="transitionPathRotate" />
    <entry id="0x7f030517" name="transitionShapeAppearance" />
    <entry id="0x7f030518" name="triggerId" />
    <entry id="0x7f030519" name="triggerReceiver" />
    <entry id="0x7f03051a" name="triggerSlack" />
    <entry id="0x7f03051b" name="ttcIndex" />
    <entry id="0x7f03051c" name="type" />
    <entry id="0x7f03051d" name="upDuration" />
    <entry id="0x7f03051e" name="updatesContinuously" />
    <entry id="0x7f03051f" name="useCompatPadding" />
    <entry id="0x7f030520" name="useDrawerArrowDrawable" />
    <entry id="0x7f030521" name="useMaterialThemeColors" />
    <entry id="0x7f030522" name="useSimpleSummaryProvider" />
    <entry id="0x7f030523" name="values" />
    <entry id="0x7f030524" name="verticalOffset" />
    <entry id="0x7f030525" name="verticalOffsetWithText" />
    <entry id="0x7f030526" name="viewInflaterClass" />
    <entry id="0x7f030527" name="viewTransitionMode" />
    <entry id="0x7f030528" name="viewTransitionOnCross" />
    <entry id="0x7f030529" name="viewTransitionOnNegativeCross" />
    <entry id="0x7f03052a" name="viewTransitionOnPositiveCross" />
    <entry id="0x7f03052b" name="visibilityMode" />
    <entry id="0x7f03052c" name="voiceIcon" />
    <entry id="0x7f03052d" name="voiceSearch" />
    <entry id="0x7f03052e" name="voiceSearchPrompt" />
    <entry id="0x7f03052f" name="warmth" />
    <entry id="0x7f030530" name="waveDecay" />
    <entry id="0x7f030531" name="waveOffset" />
    <entry id="0x7f030532" name="wavePeriod" />
    <entry id="0x7f030533" name="wavePhase" />
    <entry id="0x7f030534" name="waveShape" />
    <entry id="0x7f030535" name="waveVariesBy" />
    <entry id="0x7f030536" name="widgetLayout" />
    <entry id="0x7f030537" name="windowActionBar" />
    <entry id="0x7f030538" name="windowActionBarOverlay" />
    <entry id="0x7f030539" name="windowActionModeOverlay" />
    <entry id="0x7f03053a" name="windowFixedHeightMajor" />
    <entry id="0x7f03053b" name="windowFixedHeightMinor" />
    <entry id="0x7f03053c" name="windowFixedWidthMajor" />
    <entry id="0x7f03053d" name="windowFixedWidthMinor" />
    <entry id="0x7f03053e" name="windowMinWidthMajor" />
    <entry id="0x7f03053f" name="windowMinWidthMinor" />
    <entry id="0x7f030540" name="windowNoTitle" />
    <entry id="0x7f030541" name="yearSelectedStyle" />
    <entry id="0x7f030542" name="yearStyle" />
    <entry id="0x7f030543" name="yearTodayStyle" />
</type>