<?xml version='1.0' encoding='utf-8' ?>
<resources>
    <path name="design_appbar_state_list_animator">res/animator/design_appbar_state_list_animator.xml</path>
    <path name="design_fab_hide_motion_spec">res/animator/design_fab_hide_motion_spec.xml</path>
    <path name="design_fab_show_motion_spec">res/animator/design_fab_show_motion_spec.xml</path>
    <path name="fragment_close_enter">res/animator/fragment_close_enter.xml</path>
    <path name="fragment_close_exit">res/animator/fragment_close_exit.xml</path>
    <path name="fragment_fade_enter">res/animator/fragment_fade_enter.xml</path>
    <path name="fragment_fade_exit">res/animator/fragment_fade_exit.xml</path>
    <path name="fragment_open_enter">res/animator/fragment_open_enter.xml</path>
    <path name="fragment_open_exit">res/animator/fragment_open_exit.xml</path>
    <path name="m3_appbar_state_list_animator">res/animator/m3_appbar_state_list_animator.xml</path>
    <path name="m3_btn_elevated_btn_state_list_anim">res/animator/m3_btn_elevated_btn_state_list_anim.xml</path>
    <path name="m3_btn_state_list_anim">res/animator/m3_btn_state_list_anim.xml</path>
    <path name="m3_card_elevated_state_list_anim">res/animator/m3_card_elevated_state_list_anim.xml</path>
    <path name="m3_card_state_list_anim">res/animator/m3_card_state_list_anim.xml</path>
    <path name="m3_chip_state_list_anim">res/animator/m3_chip_state_list_anim.xml</path>
    <path name="m3_elevated_chip_state_list_anim">res/animator/m3_elevated_chip_state_list_anim.xml</path>
    <path name="m3_extended_fab_change_size_collapse_motion_spec">res/animator/m3_extended_fab_change_size_collapse_motion_spec.xml</path>
    <path name="m3_extended_fab_change_size_expand_motion_spec">res/animator/m3_extended_fab_change_size_expand_motion_spec.xml</path>
    <path name="m3_extended_fab_hide_motion_spec">res/animator/m3_extended_fab_hide_motion_spec.xml</path>
    <path name="m3_extended_fab_show_motion_spec">res/animator/m3_extended_fab_show_motion_spec.xml</path>
    <path name="m3_extended_fab_state_list_animator">res/animator/m3_extended_fab_state_list_animator.xml</path>
    <path name="mtrl_btn_state_list_anim">res/animator/mtrl_btn_state_list_anim.xml</path>
    <path name="mtrl_btn_unelevated_state_list_anim">res/animator/mtrl_btn_unelevated_state_list_anim.xml</path>
    <path name="mtrl_card_state_list_anim">res/animator/mtrl_card_state_list_anim.xml</path>
    <path name="mtrl_chip_state_list_anim">res/animator/mtrl_chip_state_list_anim.xml</path>
    <path name="mtrl_extended_fab_change_size_collapse_motion_spec">res/animator/mtrl_extended_fab_change_size_collapse_motion_spec.xml</path>
    <path name="mtrl_extended_fab_change_size_expand_motion_spec">res/animator/mtrl_extended_fab_change_size_expand_motion_spec.xml</path>
    <path name="mtrl_extended_fab_hide_motion_spec">res/animator/mtrl_extended_fab_hide_motion_spec.xml</path>
    <path name="mtrl_extended_fab_show_motion_spec">res/animator/mtrl_extended_fab_show_motion_spec.xml</path>
    <path name="mtrl_extended_fab_state_list_animator">res/animator/mtrl_extended_fab_state_list_animator.xml</path>
    <path name="mtrl_fab_hide_motion_spec">res/animator/mtrl_fab_hide_motion_spec.xml</path>
    <path name="mtrl_fab_show_motion_spec">res/animator/mtrl_fab_show_motion_spec.xml</path>
    <path name="mtrl_fab_transformation_sheet_collapse_spec">res/animator/mtrl_fab_transformation_sheet_collapse_spec.xml</path>
    <path name="mtrl_fab_transformation_sheet_expand_spec">res/animator/mtrl_fab_transformation_sheet_expand_spec.xml</path>
</resources>