<?xml version='1.0' encoding='utf-8' ?>
<type id="0x02" defaultPublic="true">
    <entry id="0x7f020000" name="design_appbar_state_list_animator" />
    <entry id="0x7f020001" name="design_fab_hide_motion_spec" />
    <entry id="0x7f020002" name="design_fab_show_motion_spec" />
    <entry id="0x7f020003" name="fragment_close_enter" />
    <entry id="0x7f020004" name="fragment_close_exit" />
    <entry id="0x7f020005" name="fragment_fade_enter" />
    <entry id="0x7f020006" name="fragment_fade_exit" />
    <entry id="0x7f020007" name="fragment_open_enter" />
    <entry id="0x7f020008" name="fragment_open_exit" />
    <entry id="0x7f020009" name="m3_appbar_state_list_animator" />
    <entry id="0x7f02000a" name="m3_btn_elevated_btn_state_list_anim" />
    <entry id="0x7f02000b" name="m3_btn_state_list_anim" />
    <entry id="0x7f02000c" name="m3_card_elevated_state_list_anim" />
    <entry id="0x7f02000d" name="m3_card_state_list_anim" />
    <entry id="0x7f02000e" name="m3_chip_state_list_anim" />
    <entry id="0x7f02000f" name="m3_elevated_chip_state_list_anim" />
    <entry id="0x7f020010" name="m3_extended_fab_change_size_collapse_motion_spec" />
    <entry id="0x7f020011" name="m3_extended_fab_change_size_expand_motion_spec" />
    <entry id="0x7f020012" name="m3_extended_fab_hide_motion_spec" />
    <entry id="0x7f020013" name="m3_extended_fab_show_motion_spec" />
    <entry id="0x7f020014" name="m3_extended_fab_state_list_animator" />
    <entry id="0x7f020015" name="mtrl_btn_state_list_anim" />
    <entry id="0x7f020016" name="mtrl_btn_unelevated_state_list_anim" />
    <entry id="0x7f020017" name="mtrl_card_state_list_anim" />
    <entry id="0x7f020018" name="mtrl_chip_state_list_anim" />
    <entry id="0x7f020019" name="mtrl_extended_fab_change_size_collapse_motion_spec" />
    <entry id="0x7f02001a" name="mtrl_extended_fab_change_size_expand_motion_spec" />
    <entry id="0x7f02001b" name="mtrl_extended_fab_hide_motion_spec" />
    <entry id="0x7f02001c" name="mtrl_extended_fab_show_motion_spec" />
    <entry id="0x7f02001d" name="mtrl_extended_fab_state_list_animator" />
    <entry id="0x7f02001e" name="mtrl_fab_hide_motion_spec" />
    <entry id="0x7f02001f" name="mtrl_fab_show_motion_spec" />
    <entry id="0x7f020020" name="mtrl_fab_transformation_sheet_collapse_spec" />
    <entry id="0x7f020021" name="mtrl_fab_transformation_sheet_expand_spec" />
</type>